# www.mecabricks.com
mtllib Untitled Model.mtl
o Part.1
v -27.143 43.918 -61.698
v -27.707 43.694 -61.553
v -28.133 43.271 -61.38
v -28.355 42.715 -61.205
v -28.34 42.11 -61.054
v -28.09 41.547 -60.951
v -27.643 41.113 -60.911
v -27.067 40.874 -60.94
v -26.45 40.866 -61.034
v -25.886 41.091 -61.179
v -25.46 41.513 -61.352
v -25.238 42.069 -61.527
v -25.253 42.675 -61.678
v -25.504 43.237 -61.781
v -25.951 43.671 -61.821
v -26.526 43.911 -61.792
v -26.797 42.392 -61.366
v -27.289 43.681 -62.637
v -26.673 43.673 -62.731
v -27.854 43.456 -62.493
v -28.28 43.034 -62.319
v -28.502 42.477 -62.144
v -28.486 41.872 -61.994
v -28.236 41.31 -61.89
v -27.789 40.876 -61.85
v -27.213 40.636 -61.879
v -26.597 40.629 -61.974
v -26.032 40.853 -62.118
v -25.607 41.276 -62.291
v -25.384 41.832 -62.467
v -25.4 42.437 -62.617
v -25.65 43 -62.72
v -26.097 43.434 -62.76
v -31.915 36.173 -92.335
v -32.48 35.948 -92.191
v -32.905 35.526 -92.017
v -33.128 34.97 -91.842
v -33.112 34.364 -91.692
v -32.862 33.802 -91.588
v -32.415 33.368 -91.548
v -31.839 33.128 -91.577
v -31.222 33.121 -91.672
v -30.658 33.345 -91.816
v -30.232 33.768 -91.989
v -30.01 34.324 -92.165
v -30.026 34.929 -92.315
v -30.276 35.492 -92.418
v -30.723 35.926 -92.459
v -31.298 36.165 -92.429
v -31.569 34.647 -92.003
v -31.769 36.41 -91.396
v -31.152 36.403 -91.49
v -32.333 36.186 -91.251
v -32.759 35.763 -91.078
v -32.981 35.207 -90.903
v -32.966 34.602 -90.752
v -32.716 34.039 -90.649
v -32.269 33.605 -90.609
v -31.693 33.366 -90.638
v -31.076 33.358 -90.732
v -30.512 33.583 -90.877
v -30.086 34.005 -91.05
v -29.864 34.561 -91.225
v -29.879 35.167 -91.376
v -30.13 35.729 -91.479
v -30.577 36.163 -91.519
v -29.529 40.046 -77.016
v -28.912 40.038 -77.111
v -30.094 39.821 -76.872
v -30.519 39.398 -76.699
v -30.742 38.842 -76.523
v -30.726 38.237 -76.373
v -30.476 37.674 -76.27
v -30.029 37.24 -76.23
v -29.453 37.001 -76.259
v -28.836 36.993 -76.353
v -28.272 37.218 -76.497
v -27.846 37.64 -76.671
v -27.624 38.197 -76.846
v -27.639 38.802 -76.996
v -27.89 39.365 -77.1
v -28.337 39.799 -77.14
v -27.143 43.918 -61.698
v -26.526 43.911 -61.792
v -27.707 43.694 -61.553
v -28.133 43.271 -61.38
v -28.355 42.715 -61.205
v -28.34 42.11 -61.054
v -28.09 41.547 -60.951
v -27.643 41.113 -60.911
v -27.067 40.874 -60.94
v -26.45 40.866 -61.034
v -25.886 41.091 -61.179
v -25.46 41.513 -61.352
v -25.238 42.069 -61.527
v -25.253 42.675 -61.678
v -25.504 43.237 -61.781
v -25.951 43.671 -61.821
v -31.915 36.173 -92.335
v -31.298 36.165 -92.429
v -32.48 35.948 -92.191
v -32.905 35.526 -92.017
v -33.128 34.97 -91.842
v -33.112 34.364 -91.692
v -32.862 33.802 -91.588
v -32.415 33.368 -91.548
v -31.839 33.128 -91.577
v -31.222 33.121 -91.672
v -30.658 33.345 -91.816
v -30.232 33.768 -91.989
v -30.01 34.324 -92.165
v -30.026 34.929 -92.315
v -30.276 35.492 -92.418
v -30.723 35.926 -92.459
usemtl MB_43
s off
f 19 18 84
f 18 83 84
f 20 85 18
f 85 83 18
f 20 21 85
f 21 86 85
f 21 22 86
f 22 87 86
f 23 88 22
f 88 87 22
f 23 24 88
f 24 89 88
f 25 90 24
f 90 89 24
f 25 26 90
f 26 91 90
f 26 27 91
f 27 92 91
f 28 93 27
f 93 92 27
f 29 94 28
f 94 93 28
f 30 95 29
f 95 94 29
f 31 96 30
f 96 95 30
f 31 32 96
f 32 97 96
f 32 33 97
f 33 98 97
f 19 84 33
f 84 98 33
f 16 17 15
f 14 15 17
f 13 14 17
f 13 17 12
f 12 17 11
f 11 17 10
f 10 17 9
f 8 9 17
f 7 8 17
f 7 17 6
f 5 6 17
f 5 17 4
f 3 4 17
f 2 3 17
f 2 17 1
f 16 1 17
f 68 19 82
f 19 33 82
f 81 82 32
f 82 33 32
f 80 81 31
f 81 32 31
f 80 31 79
f 31 30 79
f 79 30 78
f 30 29 78
f 78 29 77
f 29 28 77
f 77 28 76
f 28 27 76
f 75 76 26
f 76 27 26
f 74 75 25
f 75 26 25
f 74 25 73
f 25 24 73
f 72 73 23
f 73 24 23
f 72 23 71
f 23 22 71
f 70 71 21
f 71 22 21
f 69 70 20
f 70 21 20
f 69 20 67
f 20 18 67
f 68 67 19
f 67 18 19
f 52 100 51
f 100 99 51
f 53 51 101
f 51 99 101
f 53 101 54
f 101 102 54
f 54 102 55
f 102 103 55
f 56 55 104
f 55 103 104
f 56 104 57
f 104 105 57
f 58 57 106
f 57 105 106
f 58 106 59
f 106 107 59
f 59 107 60
f 107 108 60
f 61 60 109
f 60 108 109
f 62 61 110
f 61 109 110
f 63 62 111
f 62 110 111
f 64 63 112
f 63 111 112
f 64 112 65
f 112 113 65
f 65 113 66
f 113 114 66
f 52 66 100
f 66 114 100
f 49 48 50
f 47 50 48
f 46 50 47
f 46 45 50
f 45 44 50
f 44 43 50
f 43 42 50
f 41 50 42
f 40 50 41
f 40 39 50
f 38 50 39
f 38 37 50
f 36 50 37
f 35 50 36
f 35 34 50
f 49 50 34
f 68 82 52
f 82 66 52
f 81 65 82
f 65 66 82
f 80 64 81
f 64 65 81
f 80 79 64
f 79 63 64
f 79 78 63
f 78 62 63
f 78 77 62
f 77 61 62
f 77 76 61
f 76 60 61
f 75 59 76
f 59 60 76
f 74 58 75
f 58 59 75
f 74 73 58
f 73 57 58
f 72 56 73
f 56 57 73
f 72 71 56
f 71 55 56
f 70 54 71
f 54 55 71
f 69 53 70
f 53 54 70
f 69 67 53
f 67 51 53
f 68 52 67
f 52 51 67
o Part.2
v -17.361 56.122 -100.503
v -17.615 56.637 -100.571
v -18.01 57.047 -100.677
v -18.509 57.309 -100.811
v -19.061 57.38 -100.959
v -18.509 48.991 -100.811
v -18.01 49.253 -100.677
v -17.615 49.663 -100.571
v -17.361 50.178 -100.503
v -19.882 56.3 -101.179
v -19.882 57.38 -101.179
v -17.274 55.55 -100.48
v -17.274 50.75 -100.48
v -19.061 48.9 -100.959
v -19.061 47.82 -100.959
v -19.882 47.82 -101.179
v -20.122 47.82 -100.6
v -19.385 47.82 -100.175
v -19.385 48.9 -100.175
v -17.783 50.75 -99.25
v -17.783 55.55 -99.25
v -20.122 57.38 -100.6
v -20.122 56.3 -100.6
v -17.862 50.178 -99.295
v -18.089 49.663 -99.427
v -18.444 49.253 -99.631
v -18.89 48.991 -99.889
v -19.385 57.38 -100.175
v -18.89 57.309 -99.889
v -18.444 57.047 -99.631
v -18.089 56.637 -99.427
v -17.862 56.122 -99.295
v -18.658 56.122 -98.258
v -18.844 56.637 -98.444
v -19.133 57.047 -98.733
v -19.498 57.309 -99.098
v -19.902 57.38 -99.502
v -19.498 48.991 -99.098
v -19.133 49.253 -98.733
v -18.844 49.663 -98.444
v -18.658 50.178 -98.258
v -20.503 56.3 -100.103
v -20.503 57.38 -100.103
v -18.594 55.55 -98.194
v -18.594 50.75 -98.194
v -19.902 48.9 -99.502
v -19.902 47.82 -99.502
v -20.503 47.82 -100.103
v -21 47.82 -99.722
v -20.575 47.82 -98.985
v -20.575 48.9 -98.985
v -19.65 50.75 -97.383
v -19.65 55.55 -97.383
v -21 57.38 -99.722
v -21 56.3 -99.722
v -19.695 50.178 -97.462
v -19.827 49.663 -97.689
v -20.031 49.253 -98.044
v -20.289 48.991 -98.49
v -20.575 57.38 -98.985
v -20.289 57.309 -98.49
v -20.031 57.047 -98.044
v -19.827 56.637 -97.689
v -19.695 56.122 -97.462
v -20.903 56.122 -96.961
v -20.971 56.637 -97.215
v -21.077 57.047 -97.61
v -21.211 57.309 -98.109
v -21.359 57.38 -98.661
v -21.211 48.991 -98.109
v -21.077 49.253 -97.61
v -20.971 49.663 -97.215
v -20.903 50.178 -96.961
v -21.579 56.3 -99.482
v -21.579 57.38 -99.482
v -20.88 55.55 -96.874
v -20.88 50.75 -96.874
v -21.359 48.9 -98.661
v -21.359 47.82 -98.661
v -21.579 47.82 -99.482
v -17.274 55.5 -100.48
v -17.783 55.5 -99.25
v -18.594 55.5 -98.194
v -19.65 55.5 -97.383
v -20.88 55.5 -96.874
v -17.274 50.8 -100.48
v -18.594 50.8 -98.194
v -20.88 50.8 -96.874
v -17.783 50.8 -99.25
v -19.65 50.8 -97.383
v -27.039 56.122 -100.503
v -26.785 56.637 -100.571
v -26.39 57.047 -100.677
v -25.891 57.309 -100.811
v -25.339 57.38 -100.959
v -25.891 48.991 -100.811
v -26.39 49.253 -100.677
v -26.785 49.663 -100.571
v -27.039 50.178 -100.503
v -24.518 56.3 -101.179
v -24.518 57.38 -101.179
v -27.126 55.55 -100.48
v -27.126 50.75 -100.48
v -25.339 48.9 -100.959
v -25.339 47.82 -100.959
v -24.518 47.82 -101.179
v -24.278 47.82 -100.6
v -25.015 47.82 -100.175
v -25.015 48.9 -100.175
v -26.617 50.75 -99.25
v -26.617 55.55 -99.25
v -24.278 57.38 -100.6
v -24.278 56.3 -100.6
v -26.538 50.178 -99.295
v -26.311 49.663 -99.427
v -25.956 49.253 -99.631
v -25.51 48.991 -99.889
v -25.015 57.38 -100.175
v -25.51 57.309 -99.889
v -25.956 57.047 -99.631
v -26.311 56.637 -99.427
v -26.538 56.122 -99.295
v -25.742 56.122 -98.258
v -25.556 56.637 -98.444
v -25.267 57.047 -98.733
v -24.902 57.309 -99.098
v -24.498 57.38 -99.502
v -24.902 48.991 -99.098
v -25.267 49.253 -98.733
v -25.556 49.663 -98.444
v -25.742 50.178 -98.258
v -23.897 56.3 -100.103
v -23.897 57.38 -100.103
v -25.806 55.55 -98.194
v -25.806 50.75 -98.194
v -24.498 48.9 -99.502
v -24.498 47.82 -99.502
v -23.897 47.82 -100.103
v -23.4 47.82 -99.722
v -23.825 47.82 -98.985
v -23.825 48.9 -98.985
v -24.75 50.75 -97.383
v -24.75 55.55 -97.383
v -23.4 57.38 -99.722
v -23.4 56.3 -99.722
v -24.705 50.178 -97.462
v -24.573 49.663 -97.689
v -24.369 49.253 -98.044
v -24.111 48.991 -98.49
v -23.825 57.38 -98.985
v -24.111 57.309 -98.49
v -24.369 57.047 -98.044
v -24.573 56.637 -97.689
v -24.705 56.122 -97.462
v -23.497 56.122 -96.961
v -23.429 56.637 -97.215
v -23.323 57.047 -97.61
v -23.189 57.309 -98.109
v -23.041 57.38 -98.661
v -23.189 48.991 -98.109
v -23.323 49.253 -97.61
v -23.429 49.663 -97.215
v -23.497 50.178 -96.961
v -22.821 56.3 -99.482
v -22.821 57.38 -99.482
v -23.52 55.55 -96.874
v -23.52 50.75 -96.874
v -23.041 48.9 -98.661
v -23.041 47.82 -98.661
v -22.821 47.82 -99.482
v -22.2 47.82 -99.4
v -22.2 47.82 -98.55
v -22.2 48.9 -98.55
v -22.2 50.75 -96.7
v -22.2 55.55 -96.7
v -22.2 57.38 -99.4
v -22.2 56.3 -99.4
v -22.2 50.178 -96.791
v -22.2 49.663 -97.053
v -22.2 49.253 -97.463
v -22.2 48.991 -97.978
v -22.2 57.38 -98.55
v -22.2 57.309 -97.978
v -22.2 57.047 -97.463
v -22.2 56.637 -97.053
v -22.2 56.122 -96.791
v -27.126 55.5 -100.48
v -26.617 55.5 -99.25
v -25.806 55.5 -98.194
v -24.75 55.5 -97.383
v -23.52 55.5 -96.874
v -22.2 55.5 -96.7
v -27.126 50.8 -100.48
v -25.806 50.8 -98.194
v -23.52 50.8 -96.874
v -26.617 50.8 -99.25
v -24.75 50.8 -97.383
v -22.2 50.8 -96.7
v -17.863 57.047 -101.8
v -17.361 56.122 -103.097
v -17.615 56.637 -103.029
v -18.01 57.047 -102.923
v -18.509 57.309 -102.789
v -19.061 57.38 -102.641
v -18.509 48.991 -102.789
v -18.01 49.253 -102.923
v -17.615 49.663 -103.029
v -17.361 50.178 -103.097
v -19.882 56.3 -102.421
v -19.882 57.38 -102.421
v -17.274 55.55 -103.12
v -17.274 50.75 -103.12
v -19.061 48.9 -102.641
v -19.061 47.82 -102.641
v -19.882 47.82 -102.421
v -20.122 47.82 -103
v -19.385 47.82 -103.425
v -19.385 48.9 -103.425
v -17.783 50.75 -104.35
v -17.783 55.55 -104.35
v -20.122 57.38 -103
v -20.122 56.3 -103
v -17.862 50.178 -104.305
v -18.089 49.663 -104.173
v -18.444 49.253 -103.969
v -18.89 48.991 -103.711
v -19.385 57.38 -103.425
v -18.89 57.309 -103.711
v -18.444 57.047 -103.969
v -18.089 56.637 -104.173
v -17.862 56.122 -104.305
v -18.658 56.122 -105.342
v -18.844 56.637 -105.156
v -19.133 57.047 -104.867
v -19.498 57.309 -104.502
v -19.902 57.38 -104.098
v -19.498 48.991 -104.502
v -19.133 49.253 -104.867
v -18.844 49.663 -105.156
v -18.658 50.178 -105.342
v -20.503 56.3 -103.497
v -20.503 57.38 -103.497
v -18.594 55.55 -105.406
v -18.594 50.75 -105.406
v -19.902 48.9 -104.098
v -19.902 47.82 -104.098
v -20.503 47.82 -103.497
v -21 47.82 -103.878
v -20.575 47.82 -104.615
v -20.575 48.9 -104.615
v -19.65 50.75 -106.217
v -19.65 55.55 -106.217
v -21 57.38 -103.878
v -21 56.3 -103.878
v -19.695 50.178 -106.138
v -19.827 49.663 -105.911
v -20.031 49.253 -105.556
v -20.289 48.991 -105.11
v -20.575 57.38 -104.615
v -20.289 57.309 -105.11
v -20.031 57.047 -105.556
v -19.827 56.637 -105.911
v -19.695 56.122 -106.138
v -20.903 56.122 -106.639
v -20.971 56.637 -106.385
v -21.077 57.047 -105.99
v -21.211 57.309 -105.491
v -21.359 57.38 -104.939
v -21.211 48.991 -105.491
v -21.077 49.253 -105.99
v -20.971 49.663 -106.385
v -20.903 50.178 -106.639
v -21.579 56.3 -104.118
v -21.579 57.38 -104.118
v -20.88 55.55 -106.726
v -20.88 50.75 -106.726
v -21.359 48.9 -104.939
v -21.359 47.82 -104.939
v -21.579 47.82 -104.118
v -19.8 47.82 -101.8
v -18.95 47.82 -101.8
v -18.95 48.9 -101.8
v -17.1 50.75 -101.8
v -17.1 55.55 -101.8
v -19.8 57.38 -101.8
v -19.8 56.3 -101.8
v -17.191 50.178 -101.8
v -17.453 49.663 -101.8
v -17.863 49.253 -101.8
v -18.378 48.991 -101.8
v -18.95 57.38 -101.8
v -18.378 57.309 -101.8
v -17.453 56.637 -101.8
v -17.191 56.122 -101.8
v -17.274 55.5 -103.12
v -17.783 55.5 -104.35
v -18.594 55.5 -105.406
v -19.65 55.5 -106.217
v -20.88 55.5 -106.726
v -17.1 55.5 -101.8
v -17.274 50.8 -103.12
v -18.594 50.8 -105.406
v -20.88 50.8 -106.726
v -17.783 50.8 -104.35
v -19.65 50.8 -106.217
v -17.1 50.8 -101.8
v -26.537 57.047 -101.8
v -27.039 56.122 -103.097
v -26.785 56.637 -103.029
v -26.39 57.047 -102.923
v -25.891 57.309 -102.789
v -25.339 57.38 -102.641
v -25.891 48.991 -102.789
v -26.39 49.253 -102.923
v -26.785 49.663 -103.029
v -27.039 50.178 -103.097
v -24.518 56.3 -102.421
v -22.2 56.3 -101.8
v -24.518 57.38 -102.421
v -27.126 55.55 -103.12
v -27.126 50.75 -103.12
v -25.339 48.9 -102.641
v -25.339 47.82 -102.641
v -24.518 47.82 -102.421
v -24.278 47.82 -103
v -25.015 47.82 -103.425
v -25.015 48.9 -103.425
v -26.617 50.75 -104.35
v -26.617 55.55 -104.35
v -24.278 57.38 -103
v -24.278 56.3 -103
v -26.538 50.178 -104.305
v -26.311 49.663 -104.173
v -25.956 49.253 -103.969
v -25.51 48.991 -103.711
v -25.015 57.38 -103.425
v -25.51 57.309 -103.711
v -25.956 57.047 -103.969
v -26.311 56.637 -104.173
v -26.538 56.122 -104.305
v -25.742 56.122 -105.342
v -25.556 56.637 -105.156
v -25.267 57.047 -104.867
v -24.902 57.309 -104.502
v -24.498 57.38 -104.098
v -24.902 48.991 -104.502
v -25.267 49.253 -104.867
v -25.556 49.663 -105.156
v -25.742 50.178 -105.342
v -23.897 56.3 -103.497
v -23.897 57.38 -103.497
v -25.806 55.55 -105.406
v -25.806 50.75 -105.406
v -24.498 48.9 -104.098
v -24.498 47.82 -104.098
v -23.897 47.82 -103.497
v -23.4 47.82 -103.878
v -23.825 47.82 -104.615
v -23.825 48.9 -104.615
v -24.75 50.75 -106.217
v -24.75 55.55 -106.217
v -23.4 57.38 -103.878
v -23.4 56.3 -103.878
v -24.705 50.178 -106.138
v -24.573 49.663 -105.911
v -24.369 49.253 -105.556
v -24.111 48.991 -105.11
v -23.825 57.38 -104.615
v -24.111 57.309 -105.11
v -24.369 57.047 -105.556
v -24.573 56.637 -105.911
v -24.705 56.122 -106.138
v -23.497 56.122 -106.639
v -23.429 56.637 -106.385
v -23.323 57.047 -105.99
v -23.189 57.309 -105.491
v -23.041 57.38 -104.939
v -23.189 48.991 -105.491
v -23.323 49.253 -105.99
v -23.429 49.663 -106.385
v -23.497 50.178 -106.639
v -22.821 56.3 -104.118
v -22.821 57.38 -104.118
v -23.52 55.55 -106.726
v -23.52 50.75 -106.726
v -23.041 48.9 -104.939
v -23.041 47.82 -104.939
v -22.821 47.82 -104.118
v -22.2 47.82 -104.2
v -22.2 47.82 -105.05
v -22.2 48.9 -105.05
v -22.2 50.75 -106.9
v -22.2 55.55 -106.9
v -22.2 57.38 -104.2
v -22.2 56.3 -104.2
v -22.2 50.178 -106.809
v -22.2 49.663 -106.547
v -22.2 49.253 -106.137
v -22.2 48.991 -105.622
v -22.2 57.38 -105.05
v -22.2 57.309 -105.622
v -22.2 57.047 -106.137
v -22.2 56.637 -106.547
v -22.2 56.122 -106.809
v -22.2 57.38 -101.8
v -24.6 47.82 -101.8
v -25.45 47.82 -101.8
v -25.45 48.9 -101.8
v -27.3 50.75 -101.8
v -27.3 55.55 -101.8
v -24.6 57.38 -101.8
v -24.6 56.3 -101.8
v -27.209 50.178 -101.8
v -26.947 49.663 -101.8
v -26.537 49.253 -101.8
v -26.022 48.991 -101.8
v -25.45 57.38 -101.8
v -26.022 57.309 -101.8
v -26.947 56.637 -101.8
v -27.209 56.122 -101.8
v -27.126 55.5 -103.12
v -26.617 55.5 -104.35
v -25.806 55.5 -105.406
v -24.75 55.5 -106.217
v -23.52 55.5 -106.726
v -22.2 55.5 -106.9
v -27.3 55.5 -101.8
v -27.126 50.8 -103.12
v -25.806 50.8 -105.406
v -23.52 50.8 -106.726
v -26.617 50.8 -104.35
v -24.75 50.8 -106.217
v -22.2 50.8 -106.9
v -27.3 50.8 -101.8
v -19.882 47.82 -101.179
v -20.122 47.82 -100.6
v -19.061 47.82 -100.959
v -19.385 47.82 -100.175
v -19.061 48.9 -100.959
v -19.385 48.9 -100.175
v -19.882 56.3 -101.179
v -20.122 56.3 -100.6
v -19.902 48.9 -99.502
v -20.503 47.82 -100.103
v -20.503 56.3 -100.103
v -19.902 47.82 -99.502
v -21 47.82 -99.722
v -20.575 47.82 -98.985
v -20.575 48.9 -98.985
v -21 56.3 -99.722
v -21.359 48.9 -98.661
v -21.579 47.82 -99.482
v -21.579 56.3 -99.482
v -21.359 47.82 -98.661
v -22.2 47.82 -99.4
v -22.2 47.82 -98.55
v -22.2 48.9 -98.55
v -22.2 56.3 -99.4
v -18.95 47.82 -101.8
v -19.8 56.3 -101.8
v -19.8 47.82 -101.8
v -18.95 48.9 -101.8
v -24.518 47.82 -101.179
v -24.278 47.82 -100.6
v -25.339 47.82 -100.959
v -25.015 47.82 -100.175
v -25.339 48.9 -100.959
v -25.015 48.9 -100.175
v -24.518 56.3 -101.179
v -24.278 56.3 -100.6
v -24.498 48.9 -99.502
v -23.897 47.82 -100.103
v -23.897 56.3 -100.103
v -24.498 47.82 -99.502
v -23.4 47.82 -99.722
v -23.825 47.82 -98.985
v -23.825 48.9 -98.985
v -23.4 56.3 -99.722
v -23.041 48.9 -98.661
v -22.821 47.82 -99.482
v -22.821 56.3 -99.482
v -23.041 47.82 -98.661
v -25.45 47.82 -101.8
v -24.6 56.3 -101.8
v -24.6 47.82 -101.8
v -25.45 48.9 -101.8
v -19.882 47.82 -102.421
v -20.122 47.82 -103
v -19.061 47.82 -102.641
v -19.385 47.82 -103.425
v -19.061 48.9 -102.641
v -19.385 48.9 -103.425
v -19.882 56.3 -102.421
v -20.122 56.3 -103
v -19.902 48.9 -104.098
v -20.503 47.82 -103.497
v -20.503 56.3 -103.497
v -19.902 47.82 -104.098
v -21 47.82 -103.878
v -20.575 47.82 -104.615
v -20.575 48.9 -104.615
v -21 56.3 -103.878
v -21.359 48.9 -104.939
v -21.579 47.82 -104.118
v -21.579 56.3 -104.118
v -21.359 47.82 -104.939
v -22.2 47.82 -104.2
v -22.2 47.82 -105.05
v -22.2 48.9 -105.05
v -22.2 56.3 -104.2
v -24.518 47.82 -102.421
v -24.278 47.82 -103
v -25.339 47.82 -102.641
v -25.015 47.82 -103.425
v -25.339 48.9 -102.641
v -25.015 48.9 -103.425
v -24.518 56.3 -102.421
v -24.278 56.3 -103
v -24.498 48.9 -104.098
v -23.897 47.82 -103.497
v -23.897 56.3 -103.497
v -24.498 47.82 -104.098
v -23.4 47.82 -103.878
v -23.825 47.82 -104.615
v -23.825 48.9 -104.615
v -23.4 56.3 -103.878
v -23.041 48.9 -104.939
v -22.821 47.82 -104.118
v -22.821 56.3 -104.118
v -23.041 47.82 -104.939
v -21.282 58.95 -104.017
v -21.379 59.2 -103.782
v -21.31 59.127 -103.948
v -20.683 59.2 -103.317
v -20.503 58.95 -103.497
v -20.556 59.127 -103.444
v -19.983 58.95 -102.718
v -20.218 59.2 -102.621
v -20.052 59.127 -102.69
v -20.055 59.2 -101.8
v -19.8 58.95 -101.8
v -19.875 59.127 -101.8
v -19.983 58.95 -100.882
v -20.218 59.2 -100.979
v -20.052 59.127 -100.91
v -20.503 58.95 -100.103
v -20.683 59.2 -100.283
v -20.556 59.127 -100.156
v -21.282 58.95 -99.583
v -21.379 59.2 -99.818
v -21.31 59.127 -99.652
v -22.2 58.95 -99.4
v -22.2 59.2 -99.655
v -22.2 59.127 -99.475
v -23.021 59.2 -99.818
v -23.118 58.95 -99.583
v -23.09 59.127 -99.652
v -23.897 58.95 -100.103
v -23.717 59.2 -100.283
v -23.844 59.127 -100.156
v -24.417 58.95 -100.882
v -24.182 59.2 -100.979
v -24.348 59.127 -100.91
v -24.6 58.95 -101.8
v -24.345 59.2 -101.8
v -24.525 59.127 -101.8
v -24.417 58.95 -102.718
v -24.182 59.2 -102.621
v -24.348 59.127 -102.69
v -23.717 59.2 -103.317
v -23.897 58.95 -103.497
v -23.844 59.127 -103.444
v -23.118 58.95 -104.017
v -23.021 59.2 -103.782
v -23.09 59.127 -103.948
v -22.2 58.95 -104.2
v -22.2 59.2 -103.945
v -22.2 59.127 -104.125
v -22.2 57.53 -104.2
v -22.2 57.38 -104.353
v -22.2 57.424 -104.245
v -23.177 57.38 -104.159
v -23.118 57.53 -104.017
v -23.136 57.424 -104.059
v -24.005 57.38 -103.605
v -23.897 57.53 -103.497
v -23.929 57.424 -103.529
v -24.559 57.38 -102.777
v -24.417 57.53 -102.718
v -24.459 57.424 -102.736
v -24.753 57.38 -101.8
v -24.6 57.53 -101.8
v -24.645 57.424 -101.8
v -24.559 57.38 -100.823
v -24.417 57.53 -100.882
v -24.459 57.424 -100.864
v -24.005 57.38 -99.995
v -23.897 57.53 -100.103
v -23.929 57.424 -100.071
v -23.177 57.38 -99.441
v -23.118 57.53 -99.583
v -23.136 57.424 -99.541
v -22.2 57.38 -99.247
v -22.2 57.53 -99.4
v -22.2 57.424 -99.355
v -21.223 57.38 -99.441
v -21.282 57.53 -99.583
v -21.264 57.424 -99.541
v -20.395 57.38 -99.995
v -20.503 57.53 -100.103
v -20.471 57.424 -100.071
v -19.841 57.38 -100.823
v -19.983 57.53 -100.882
v -19.941 57.424 -100.864
v -19.647 57.38 -101.8
v -19.8 57.53 -101.8
v -19.755 57.424 -101.8
v -19.841 57.38 -102.777
v -19.983 57.53 -102.718
v -19.941 57.424 -102.736
v -20.395 57.38 -103.605
v -20.503 57.53 -103.497
v -20.471 57.424 -103.529
v -21.223 57.38 -104.159
v -21.282 57.53 -104.017
v -21.264 57.424 -104.059
v -22.2 57.38 -103.4
v -22.812 57.38 -103.278
v -23.331 57.38 -102.931
v -23.678 57.38 -102.412
v -23.8 57.38 -101.8
v -23.678 57.38 -101.188
v -23.331 57.38 -100.669
v -22.812 57.38 -100.322
v -22.2 57.38 -100.2
v -21.588 57.38 -100.322
v -21.069 57.38 -100.669
v -20.722 57.38 -101.188
v -20.6 57.38 -101.8
v -20.722 57.38 -102.412
v -21.069 57.38 -102.931
v -21.588 57.38 -103.278
v -22.2 59 -103.4
v -22.2 59.2 -103.604
v -22.2 59.141 -103.46
v -22.89 59.2 -103.467
v -22.812 59 -103.278
v -22.835 59.141 -103.333
v -23.476 59.2 -103.076
v -23.331 59 -102.931
v -23.374 59.141 -102.974
v -23.867 59.2 -102.49
v -23.678 59 -102.412
v -23.733 59.141 -102.435
v -24.004 59.2 -101.8
v -23.8 59 -101.8
v -23.86 59.141 -101.8
v -23.867 59.2 -101.11
v -23.678 59 -101.188
v -23.733 59.141 -101.165
v -23.476 59.2 -100.524
v -23.331 59 -100.669
v -23.374 59.141 -100.626
v -22.89 59.2 -100.133
v -22.812 59 -100.322
v -22.835 59.141 -100.267
v -22.2 59.2 -99.996
v -22.2 59 -100.2
v -22.2 59.141 -100.14
v -21.51 59.2 -100.133
v -21.588 59 -100.322
v -21.565 59.141 -100.267
v -20.924 59.2 -100.524
v -21.069 59 -100.669
v -21.026 59.141 -100.626
v -20.533 59.2 -101.11
v -20.722 59 -101.188
v -20.667 59.141 -101.165
v -20.396 59.2 -101.8
v -20.6 59 -101.8
v -20.54 59.141 -101.8
v -20.533 59.2 -102.49
v -20.722 59 -102.412
v -20.667 59.141 -102.435
v -20.924 59.2 -103.076
v -21.069 59 -102.931
v -21.026 59.141 -102.974
v -21.51 59.2 -103.467
v -21.588 59 -103.278
v -21.565 59.141 -103.333
v -21.316 57.49 -102.308
v -21.353 57.4 -102.317
v -21.56 57.4 -101.414
v -21.049 57.4 -101.296
v -21.085 57.49 -101.304
v -21.279 57.49 -102.3
v -21.122 57.49 -101.313
v -21.243 57.4 -102.291
v -21.451 57.4 -101.389
v -21.159 57.4 -101.321
v -20.951 57.4 -102.224
v -21.262 57.49 -102.411
v -21.289 57.4 -102.437
v -21.234 57.49 -102.385
v -21.207 57.4 -102.36
v -21.163 57.49 -102.473
v -21.173 57.4 -102.509
v -21.152 57.49 -102.437
v -21.141 57.4 -102.401
v -21.046 57.49 -102.477
v -21.038 57.4 -102.513
v -21.055 57.49 -102.44
v -21.063 57.4 -102.404
v -20.943 57.49 -102.422
v -20.918 57.4 -102.449
v -20.969 57.49 -102.394
v -20.995 57.4 -102.367
v -20.881 57.49 -102.323
v -20.846 57.4 -102.334
v -20.918 57.49 -102.312
v -20.953 57.4 -102.301
v -20.877 57.49 -102.207
v -20.841 57.4 -102.198
v -20.914 57.49 -102.215
v -21.113 57.4 -101.176
v -21.14 57.49 -101.201
v -21.168 57.49 -101.227
v -21.195 57.4 -101.252
v -21.228 57.4 -101.104
v -21.239 57.49 -101.139
v -21.25 57.49 -101.176
v -21.261 57.4 -101.211
v -21.364 57.4 -101.099
v -21.355 57.49 -101.135
v -21.347 57.49 -101.172
v -21.339 57.4 -101.209
v -21.484 57.4 -101.163
v -21.458 57.49 -101.19
v -21.433 57.49 -101.218
v -21.407 57.4 -101.245
v -21.556 57.4 -101.278
v -21.52 57.49 -101.289
v -21.484 57.49 -101.3
v -21.448 57.4 -101.311
v -21.524 57.49 -101.406
v -21.487 57.49 -101.397
v -23.093 57.49 -101.167
v -23.093 57.4 -101.204
v -23.445 57.4 -101.204
v -23.492 57.49 -101.167
v -23.158 57.4 -102.452
v -23.195 57.49 -102.46
v -23.203 57.49 -102.481
v -23.184 57.4 -102.513
v -23.218 57.4 -102.52
v -23.215 57.49 -102.483
v -23.225 57.49 -102.479
v -23.25 57.4 -102.507
v -23.268 57.4 -102.477
v -23.231 57.49 -102.469
v -23.516 57.4 -101.092
v -23.516 57.49 -101.129
v -23.081 57.49 -101.163
v -23.059 57.4 -101.194
v -23.075 57.49 -101.154
v -23.039 57.4 -101.165
v -23.075 57.49 -101.142
v -23.039 57.4 -101.131
v -23.081 57.49 -101.133
v -23.059 57.4 -101.102
v -23.093 57.49 -101.129
v -23.093 57.4 -101.092
v -23.196 57.49 -102.472
v -23.161 57.4 -102.486
v -23.541 57.4 -101.097
v -23.524 57.49 -101.131
v -23.56 57.4 -101.113
v -23.531 57.49 -101.136
v -23.571 57.4 -101.135
v -23.535 57.49 -101.144
v -23.571 57.4 -101.161
v -23.535 57.49 -101.152
v -22.2 57.4 -102.3
v -22.45 57.4 -102.233
v -22.633 57.4 -102.05
v -22.7 57.4 -101.8
v -22.633 57.4 -101.55
v -22.45 57.4 -101.367
v -22.2 57.4 -101.3
v -21.95 57.4 -101.367
v -21.767 57.4 -101.55
v -21.7 57.4 -101.8
v -21.767 57.4 -102.05
v -21.95 57.4 -102.233
v -22.2 57.44 -102.19
v -22.395 57.44 -102.138
v -22.538 57.44 -101.995
v -22.59 57.44 -101.8
v -22.538 57.44 -101.605
v -22.395 57.44 -101.462
v -22.2 57.44 -101.41
v -22.005 57.44 -101.462
v -21.862 57.44 -101.605
v -21.81 57.44 -101.8
v -21.862 57.44 -101.995
v -22.005 57.44 -102.138
v -22.2 57.514 -102.013
v -22.306 57.514 -101.984
v -22.384 57.514 -101.906
v -22.413 57.514 -101.8
v -22.384 57.514 -101.694
v -22.306 57.514 -101.616
v -22.2 57.514 -101.587
v -22.094 57.514 -101.616
v -22.016 57.514 -101.694
v -21.987 57.514 -101.8
v -22.016 57.514 -101.906
v -22.094 57.514 -101.984
v -22.2 57.568 -101.8
v -23.445 57.4 -101.204
vt 0.78 0.915
vt 0.77 0.915
vt 0.785 0.883
vt 0.77 0.915
vt 0.775 0.883
vt 0.785 0.883
vt 0.756 0.944
vt 0.77 0.915
vt 0.765 0.944
vt 0.77 0.915
vt 0.78 0.915
vt 0.765 0.944
vt 0.765 0.944
vt 0.742 0.967
vt 0.756 0.944
vt 0.742 0.967
vt 0.734 0.967
vt 0.756 0.944
vt 0.742 0.967
vt 0.713 0.982
vt 0.734 0.967
vt 0.713 0.982
vt 0.706 0.982
vt 0.734 0.967
vt 0 0
vt 0 0
vt 0 0
vt 0 0
vt 0 0
vt 0 0
vt 0 0
vt 0 0
vt 0 0
vt 0 0
vt 0 0
vt 0 0
vt 0 0
vt 0 0
vt 0 0
vt 0 0
vt 0 0
vt 0 0
vt 0.713 0.515
vt 0.742 0.529
vt 0.706 0.515
vt 0.742 0.529
vt 0.734 0.529
vt 0.706 0.515
vt 0.742 0.529
vt 0.765 0.552
vt 0.734 0.529
vt 0.765 0.552
vt 0.756 0.552
vt 0.734 0.529
vt 0.765 0.552
vt 0.78 0.581
vt 0.756 0.552
vt 0.78 0.581
vt 0.77 0.581
vt 0.756 0.552
vt 0.78 0.581
vt 0.785 0.614
vt 0.77 0.581
vt 0.785 0.614
vt 0.775 0.614
vt 0.77 0.581
vt 0 0
vt 0 0
vt 0 0
vt 0 0
vt 0 0
vt 0 0
vt 0.785 0.616
vt 0.775 0.616
vt 0.785 0.614
vt 0.775 0.616
vt 0.775 0.614
vt 0.785 0.614
vt 0 0
vt 0 0
vt 0 0
vt 0 0
vt 0 0
vt 0 0
vt 0 0
vt 0 0
vt 0 0
vt 0 0
vt 0 0
vt 0 0
vt 0 0
vt 0 0
vt 0 0
vt 0 0
vt 0 0
vt 0 0
vt 0 0
vt 0 0
vt 0 0
vt 0 0
vt 0 0
vt 0 0
vt 0.775 0.616
vt 0.747 0.616
vt 0.775 0.614
vt 0.747 0.616
vt 0.747 0.614
vt 0.775 0.614
vt 0 0
vt 0 0
vt 0 0
vt 0 0
vt 0 0
vt 0 0
vt 0.77 0.581
vt 0.775 0.614
vt 0.742 0.581
vt 0.775 0.614
vt 0.747 0.614
vt 0.742 0.581
vt 0.756 0.552
vt 0.77 0.581
vt 0.73 0.552
vt 0.77 0.581
vt 0.742 0.581
vt 0.73 0.552
vt 0.734 0.529
vt 0.756 0.552
vt 0.71 0.529
vt 0.756 0.552
vt 0.73 0.552
vt 0.71 0.529
vt 0.706 0.515
vt 0.734 0.529
vt 0.685 0.515
vt 0.734 0.529
vt 0.71 0.529
vt 0.685 0.515
vt 0 0
vt 0 0
vt 0 0
vt 0 0
vt 0 0
vt 0 0
vt 0 0
vt 0 0
vt 0 0
vt 0 0
vt 0 0
vt 0 0
vt 0 0
vt 0 0
vt 0 0
vt 0 0
vt 0 0
vt 0 0
vt 0.734 0.967
vt 0.706 0.982
vt 0.71 0.967
vt 0.706 0.982
vt 0.685 0.982
vt 0.71 0.967
vt 0.756 0.944
vt 0.734 0.967
vt 0.73 0.944
vt 0.734 0.967
vt 0.71 0.967
vt 0.73 0.944
vt 0.77 0.915
vt 0.756 0.944
vt 0.742 0.915
vt 0.756 0.944
vt 0.73 0.944
vt 0.742 0.915
vt 0.77 0.915
vt 0.742 0.915
vt 0.775 0.883
vt 0.742 0.915
vt 0.747 0.883
vt 0.775 0.883
vt 0.742 0.915
vt 0.698 0.915
vt 0.747 0.883
vt 0.698 0.915
vt 0.701 0.883
vt 0.747 0.883
vt 0.742 0.915
vt 0.73 0.944
vt 0.698 0.915
vt 0.73 0.944
vt 0.687 0.944
vt 0.698 0.915
vt 0.73 0.944
vt 0.71 0.967
vt 0.687 0.944
vt 0.71 0.967
vt 0.671 0.967
vt 0.687 0.944
vt 0.71 0.967
vt 0.685 0.982
vt 0.671 0.967
vt 0.685 0.982
vt 0.65 0.982
vt 0.671 0.967
vt 0 0
vt 0 0
vt 0 0
vt 0 0
vt 0 0
vt 0 0
vt 0 0
vt 0 0
vt 0 0
vt 0 0
vt 0 0
vt 0 0
vt 0 0
vt 0 0
vt 0 0
vt 0 0
vt 0 0
vt 0 0
vt 0.685 0.515
vt 0.71 0.529
vt 0.65 0.515
vt 0.71 0.529
vt 0.671 0.529
vt 0.65 0.515
vt 0.71 0.529
vt 0.73 0.552
vt 0.671 0.529
vt 0.73 0.552
vt 0.687 0.552
vt 0.671 0.529
vt 0.73 0.552
vt 0.742 0.581
vt 0.687 0.552
vt 0.742 0.581
vt 0.698 0.581
vt 0.687 0.552
vt 0.742 0.581
vt 0.747 0.614
vt 0.698 0.581
vt 0.747 0.614
vt 0.701 0.614
vt 0.698 0.581
vt 0 0
vt 0 0
vt 0 0
vt 0 0
vt 0 0
vt 0 0
vt 0.747 0.616
vt 0.701 0.616
vt 0.747 0.614
vt 0.701 0.616
vt 0.701 0.614
vt 0.747 0.614
vt 0 0
vt 0 0
vt 0 0
vt 0 0
vt 0 0
vt 0 0
vt 0 0
vt 0 0
vt 0 0
vt 0 0
vt 0 0
vt 0 0
vt 0 0
vt 0 0
vt 0 0
vt 0 0
vt 0 0
vt 0 0
vt 0 0
vt 0 0
vt 0 0
vt 0 0
vt 0 0
vt 0 0
vt 0.701 0.616
vt 0.642 0.616
vt 0.701 0.614
vt 0.642 0.616
vt 0.642 0.614
vt 0.701 0.614
vt 0 0
vt 0 0
vt 0 0
vt 0 0
vt 0 0
vt 0 0
vt 0.698 0.581
vt 0.701 0.614
vt 0.639 0.581
vt 0.701 0.614
vt 0.642 0.614
vt 0.639 0.581
vt 0.687 0.552
vt 0.698 0.581
vt 0.632 0.552
vt 0.698 0.581
vt 0.639 0.581
vt 0.632 0.552
vt 0.671 0.529
vt 0.687 0.552
vt 0.62 0.529
vt 0.687 0.552
vt 0.632 0.552
vt 0.62 0.529
vt 0.65 0.515
vt 0.671 0.529
vt 0.606 0.515
vt 0.671 0.529
vt 0.62 0.529
vt 0.606 0.515
vt 0 0
vt 0 0
vt 0 0
vt 0 0
vt 0 0
vt 0 0
vt 0 0
vt 0 0
vt 0 0
vt 0 0
vt 0 0
vt 0 0
vt 0 0
vt 0 0
vt 0 0
vt 0 0
vt 0 0
vt 0 0
vt 0.671 0.967
vt 0.65 0.982
vt 0.62 0.967
vt 0.65 0.982
vt 0.606 0.982
vt 0.62 0.967
vt 0.687 0.944
vt 0.671 0.967
vt 0.632 0.944
vt 0.671 0.967
vt 0.62 0.967
vt 0.632 0.944
vt 0.698 0.915
vt 0.687 0.944
vt 0.639 0.915
vt 0.687 0.944
vt 0.632 0.944
vt 0.639 0.915
vt 0.698 0.915
vt 0.639 0.915
vt 0.701 0.883
vt 0.639 0.915
vt 0.642 0.883
vt 0.701 0.883
vt 0.639 0.915
vt 0.571 0.915
vt 0.642 0.883
vt 0.571 0.915
vt 0.573 0.883
vt 0.642 0.883
vt 0.639 0.915
vt 0.632 0.944
vt 0.571 0.915
vt 0.632 0.944
vt 0.568 0.944
vt 0.571 0.915
vt 0.632 0.944
vt 0.62 0.967
vt 0.568 0.944
vt 0.62 0.967
vt 0.562 0.967
vt 0.568 0.944
vt 0.62 0.967
vt 0.606 0.982
vt 0.562 0.967
vt 0.606 0.982
vt 0.554 0.982
vt 0.562 0.967
vt 0 0
vt 0 0
vt 0 0
vt 0 0
vt 0 0
vt 0 0
vt 0 0
vt 0 0
vt 0 0
vt 0 0
vt 0 0
vt 0 0
vt 0 0
vt 0 0
vt 0 0
vt 0 0
vt 0 0
vt 0 0
vt 0.606 0.515
vt 0.62 0.529
vt 0.554 0.515
vt 0.62 0.529
vt 0.562 0.529
vt 0.554 0.515
vt 0.62 0.529
vt 0.632 0.552
vt 0.562 0.529
vt 0.632 0.552
vt 0.568 0.552
vt 0.562 0.529
vt 0.632 0.552
vt 0.639 0.581
vt 0.568 0.552
vt 0.639 0.581
vt 0.571 0.581
vt 0.568 0.552
vt 0.639 0.581
vt 0.642 0.614
vt 0.571 0.581
vt 0.642 0.614
vt 0.573 0.614
vt 0.571 0.581
vt 0 0
vt 0 0
vt 0 0
vt 0 0
vt 0 0
vt 0 0
vt 0.642 0.616
vt 0.573 0.616
vt 0.642 0.614
vt 0.573 0.616
vt 0.573 0.614
vt 0.642 0.614
vt 0 0
vt 0 0
vt 0 0
vt 0 0
vt 0 0
vt 0 0
vt 0 0
vt 0 0
vt 0 0
vt 0 0
vt 0 0
vt 0 0
vt 0 0
vt 0 0
vt 0 0
vt 0 0
vt 0 0
vt 0 0
vt 0 0
vt 0 0
vt 0 0
vt 0 0
vt 0 0
vt 0 0
vt 0.573 0.616
vt 0.499 0.616
vt 0.573 0.614
vt 0.499 0.616
vt 0.499 0.614
vt 0.573 0.614
vt 0 0
vt 0 0
vt 0 0
vt 0 0
vt 0 0
vt 0 0
vt 0.571 0.581
vt 0.573 0.614
vt 0.499 0.581
vt 0.573 0.614
vt 0.499 0.614
vt 0.499 0.581
vt 0.568 0.552
vt 0.571 0.581
vt 0.499 0.552
vt 0.571 0.581
vt 0.499 0.581
vt 0.499 0.552
vt 0.562 0.529
vt 0.568 0.552
vt 0.499 0.529
vt 0.568 0.552
vt 0.499 0.552
vt 0.499 0.529
vt 0.554 0.515
vt 0.562 0.529
vt 0.499 0.515
vt 0.562 0.529
vt 0.499 0.529
vt 0.499 0.515
vt 0 0
vt 0 0
vt 0 0
vt 0 0
vt 0 0
vt 0 0
vt 0 0
vt 0 0
vt 0 0
vt 0 0
vt 0 0
vt 0 0
vt 0 0
vt 0 0
vt 0 0
vt 0 0
vt 0 0
vt 0 0
vt 0.562 0.967
vt 0.554 0.982
vt 0.499 0.967
vt 0.554 0.982
vt 0.499 0.982
vt 0.499 0.967
vt 0.568 0.944
vt 0.562 0.967
vt 0.499 0.944
vt 0.562 0.967
vt 0.499 0.967
vt 0.499 0.944
vt 0.571 0.915
vt 0.568 0.944
vt 0.499 0.915
vt 0.568 0.944
vt 0.499 0.944
vt 0.499 0.915
vt 0.571 0.915
vt 0.499 0.915
vt 0.573 0.883
vt 0.499 0.915
vt 0.499 0.883
vt 0.573 0.883
vt 0 0
vt 0 0
vt 0 0
vt 0 0
vt 0 0
vt 0 0
vt 0 0
vt 0 0
vt 0 0
vt 0 0
vt 0 0
vt 0 0
vt 0 0
vt 0 0
vt 0 0
vt 0 0
vt 0 0
vt 0 0
vt 0 0
vt 0 0
vt 0 0
vt 0 0
vt 0 0
vt 0 0
vt 0 0
vt 0 0
vt 0 0
vt 0 0
vt 0 0
vt 0 0
vt 0 0
vt 0 0
vt 0 0
vt 0 0
vt 0 0
vt 0 0
vt 0.573 0.883
vt 0.499 0.883
vt 0.573 0.881
vt 0.499 0.883
vt 0.499 0.881
vt 0.573 0.881
vt 0.642 0.883
vt 0.573 0.883
vt 0.642 0.881
vt 0.573 0.883
vt 0.573 0.881
vt 0.642 0.881
vt 0.701 0.883
vt 0.642 0.883
vt 0.701 0.881
vt 0.642 0.883
vt 0.642 0.881
vt 0.701 0.881
vt 0.747 0.883
vt 0.701 0.883
vt 0.747 0.881
vt 0.701 0.883
vt 0.701 0.881
vt 0.747 0.881
vt 0.775 0.883
vt 0.747 0.883
vt 0.775 0.881
vt 0.747 0.883
vt 0.747 0.881
vt 0.775 0.881
vt 0.785 0.883
vt 0.775 0.883
vt 0.785 0.881
vt 0.775 0.883
vt 0.775 0.881
vt 0.785 0.881
vt 0.573 0.881
vt 0.499 0.881
vt 0.573 0.616
vt 0.499 0.881
vt 0.499 0.616
vt 0.573 0.616
vt 0.642 0.881
vt 0.573 0.881
vt 0.642 0.616
vt 0.573 0.881
vt 0.573 0.616
vt 0.642 0.616
vt 0.701 0.881
vt 0.642 0.881
vt 0.701 0.616
vt 0.642 0.881
vt 0.642 0.616
vt 0.701 0.616
vt 0.747 0.881
vt 0.701 0.881
vt 0.747 0.616
vt 0.701 0.881
vt 0.701 0.616
vt 0.747 0.616
vt 0.775 0.881
vt 0.747 0.881
vt 0.775 0.616
vt 0.747 0.881
vt 0.747 0.616
vt 0.775 0.616
vt 0.785 0.881
vt 0.775 0.881
vt 0.785 0.616
vt 0.775 0.881
vt 0.775 0.616
vt 0.785 0.616
vt 0.217 0.915
vt 0.212 0.883
vt 0.227 0.915
vt 0.212 0.883
vt 0.222 0.883
vt 0.227 0.915
vt 0.217 0.915
vt 0.227 0.915
vt 0.232 0.944
vt 0.227 0.915
vt 0.241 0.944
vt 0.232 0.944
vt 0.232 0.944
vt 0.241 0.944
vt 0.255 0.967
vt 0.241 0.944
vt 0.263 0.967
vt 0.255 0.967
vt 0.255 0.967
vt 0.263 0.967
vt 0.284 0.982
vt 0.263 0.967
vt 0.291 0.982
vt 0.284 0.982
vt 0 0
vt 0 0
vt 0 0
vt 0 0
vt 0 0
vt 0 0
vt 0 0
vt 0 0
vt 0 0
vt 0 0
vt 0 0
vt 0 0
vt 0 0
vt 0 0
vt 0 0
vt 0 0
vt 0 0
vt 0 0
vt 0.284 0.515
vt 0.291 0.515
vt 0.255 0.529
vt 0.291 0.515
vt 0.263 0.529
vt 0.255 0.529
vt 0.255 0.529
vt 0.263 0.529
vt 0.232 0.552
vt 0.263 0.529
vt 0.241 0.552
vt 0.232 0.552
vt 0.232 0.552
vt 0.241 0.552
vt 0.217 0.581
vt 0.241 0.552
vt 0.227 0.581
vt 0.217 0.581
vt 0.217 0.581
vt 0.227 0.581
vt 0.212 0.614
vt 0.227 0.581
vt 0.222 0.614
vt 0.212 0.614
vt 0 0
vt 0 0
vt 0 0
vt 0 0
vt 0 0
vt 0 0
vt 0.212 0.616
vt 0.212 0.614
vt 0.222 0.616
vt 0.212 0.614
vt 0.222 0.614
vt 0.222 0.616
vt 0 0
vt 0 0
vt 0 0
vt 0 0
vt 0 0
vt 0 0
vt 0 0
vt 0 0
vt 0 0
vt 0 0
vt 0 0
vt 0 0
vt 0 0
vt 0 0
vt 0 0
vt 0 0
vt 0 0
vt 0 0
vt 0 0
vt 0 0
vt 0 0
vt 0 0
vt 0 0
vt 0 0
vt 0.222 0.616
vt 0.222 0.614
vt 0.25 0.616
vt 0.222 0.614
vt 0.25 0.614
vt 0.25 0.616
vt 0 0
vt 0 0
vt 0 0
vt 0 0
vt 0 0
vt 0 0
vt 0.227 0.581
vt 0.255 0.581
vt 0.222 0.614
vt 0.255 0.581
vt 0.25 0.614
vt 0.222 0.614
vt 0.241 0.552
vt 0.268 0.552
vt 0.227 0.581
vt 0.268 0.552
vt 0.255 0.581
vt 0.227 0.581
vt 0.263 0.529
vt 0.287 0.529
vt 0.241 0.552
vt 0.287 0.529
vt 0.268 0.552
vt 0.241 0.552
vt 0.291 0.515
vt 0.313 0.515
vt 0.263 0.529
vt 0.313 0.515
vt 0.287 0.529
vt 0.263 0.529
vt 0 0
vt 0 0
vt 0 0
vt 0 0
vt 0 0
vt 0 0
vt 0 0
vt 0 0
vt 0 0
vt 0 0
vt 0 0
vt 0 0
vt 0 0
vt 0 0
vt 0 0
vt 0 0
vt 0 0
vt 0 0
vt 0.263 0.967
vt 0.287 0.967
vt 0.291 0.982
vt 0.287 0.967
vt 0.313 0.982
vt 0.291 0.982
vt 0.241 0.944
vt 0.268 0.944
vt 0.263 0.967
vt 0.268 0.944
vt 0.287 0.967
vt 0.263 0.967
vt 0.227 0.915
vt 0.255 0.915
vt 0.241 0.944
vt 0.255 0.915
vt 0.268 0.944
vt 0.241 0.944
vt 0.227 0.915
vt 0.222 0.883
vt 0.255 0.915
vt 0.222 0.883
vt 0.25 0.883
vt 0.255 0.915
vt 0.255 0.915
vt 0.25 0.883
vt 0.299 0.915
vt 0.25 0.883
vt 0.296 0.883
vt 0.299 0.915
vt 0.255 0.915
vt 0.299 0.915
vt 0.268 0.944
vt 0.299 0.915
vt 0.31 0.944
vt 0.268 0.944
vt 0.268 0.944
vt 0.31 0.944
vt 0.287 0.967
vt 0.31 0.944
vt 0.326 0.967
vt 0.287 0.967
vt 0.287 0.967
vt 0.326 0.967
vt 0.313 0.982
vt 0.326 0.967
vt 0.347 0.982
vt 0.313 0.982
vt 0 0
vt 0 0
vt 0 0
vt 0 0
vt 0 0
vt 0 0
vt 0 0
vt 0 0
vt 0 0
vt 0 0
vt 0 0
vt 0 0
vt 0 0
vt 0 0
vt 0 0
vt 0 0
vt 0 0
vt 0 0
vt 0.313 0.515
vt 0.347 0.515
vt 0.287 0.529
vt 0.347 0.515
vt 0.326 0.529
vt 0.287 0.529
vt 0.287 0.529
vt 0.326 0.529
vt 0.268 0.552
vt 0.326 0.529
vt 0.31 0.552
vt 0.268 0.552
vt 0.268 0.552
vt 0.31 0.552
vt 0.255 0.581
vt 0.31 0.552
vt 0.299 0.581
vt 0.255 0.581
vt 0.255 0.581
vt 0.299 0.581
vt 0.25 0.614
vt 0.299 0.581
vt 0.296 0.614
vt 0.25 0.614
vt 0 0
vt 0 0
vt 0 0
vt 0 0
vt 0 0
vt 0 0
vt 0.25 0.616
vt 0.25 0.614
vt 0.296 0.616
vt 0.25 0.614
vt 0.296 0.614
vt 0.296 0.616
vt 0 0
vt 0 0
vt 0 0
vt 0 0
vt 0 0
vt 0 0
vt 0 0
vt 0 0
vt 0 0
vt 0 0
vt 0 0
vt 0 0
vt 0 0
vt 0 0
vt 0 0
vt 0 0
vt 0 0
vt 0 0
vt 0 0
vt 0 0
vt 0 0
vt 0 0
vt 0 0
vt 0 0
vt 0.296 0.616
vt 0.296 0.614
vt 0.355 0.616
vt 0.296 0.614
vt 0.355 0.614
vt 0.355 0.616
vt 0 0
vt 0 0
vt 0 0
vt 0 0
vt 0 0
vt 0 0
vt 0.299 0.581
vt 0.358 0.581
vt 0.296 0.614
vt 0.358 0.581
vt 0.355 0.614
vt 0.296 0.614
vt 0.31 0.552
vt 0.365 0.552
vt 0.299 0.581
vt 0.365 0.552
vt 0.358 0.581
vt 0.299 0.581
vt 0.326 0.529
vt 0.377 0.529
vt 0.31 0.552
vt 0.377 0.529
vt 0.365 0.552
vt 0.31 0.552
vt 0.347 0.515
vt 0.391 0.515
vt 0.326 0.529
vt 0.391 0.515
vt 0.377 0.529
vt 0.326 0.529
vt 0 0
vt 0 0
vt 0 0
vt 0 0
vt 0 0
vt 0 0
vt 0 0
vt 0 0
vt 0 0
vt 0 0
vt 0 0
vt 0 0
vt 0 0
vt 0 0
vt 0 0
vt 0 0
vt 0 0
vt 0 0
vt 0.326 0.967
vt 0.377 0.967
vt 0.347 0.982
vt 0.377 0.967
vt 0.391 0.982
vt 0.347 0.982
vt 0.31 0.944
vt 0.365 0.944
vt 0.326 0.967
vt 0.365 0.944
vt 0.377 0.967
vt 0.326 0.967
vt 0.299 0.915
vt 0.358 0.915
vt 0.31 0.944
vt 0.358 0.915
vt 0.365 0.944
vt 0.31 0.944
vt 0.299 0.915
vt 0.296 0.883
vt 0.358 0.915
vt 0.296 0.883
vt 0.355 0.883
vt 0.358 0.915
vt 0.358 0.915
vt 0.355 0.883
vt 0.426 0.915
vt 0.355 0.883
vt 0.424 0.883
vt 0.426 0.915
vt 0.358 0.915
vt 0.426 0.915
vt 0.365 0.944
vt 0.426 0.915
vt 0.429 0.944
vt 0.365 0.944
vt 0.365 0.944
vt 0.429 0.944
vt 0.377 0.967
vt 0.429 0.944
vt 0.435 0.967
vt 0.377 0.967
vt 0.377 0.967
vt 0.435 0.967
vt 0.391 0.982
vt 0.435 0.967
vt 0.443 0.982
vt 0.391 0.982
vt 0 0
vt 0 0
vt 0 0
vt 0 0
vt 0 0
vt 0 0
vt 0 0
vt 0 0
vt 0 0
vt 0 0
vt 0 0
vt 0 0
vt 0 0
vt 0 0
vt 0 0
vt 0 0
vt 0 0
vt 0 0
vt 0.391 0.515
vt 0.443 0.515
vt 0.377 0.529
vt 0.443 0.515
vt 0.435 0.529
vt 0.377 0.529
vt 0.377 0.529
vt 0.435 0.529
vt 0.365 0.552
vt 0.435 0.529
vt 0.429 0.552
vt 0.365 0.552
vt 0.365 0.552
vt 0.429 0.552
vt 0.358 0.581
vt 0.429 0.552
vt 0.426 0.581
vt 0.358 0.581
vt 0.358 0.581
vt 0.426 0.581
vt 0.355 0.614
vt 0.426 0.581
vt 0.424 0.614
vt 0.355 0.614
vt 0 0
vt 0 0
vt 0 0
vt 0 0
vt 0 0
vt 0 0
vt 0.355 0.616
vt 0.355 0.614
vt 0.424 0.616
vt 0.355 0.614
vt 0.424 0.614
vt 0.424 0.616
vt 0 0
vt 0 0
vt 0 0
vt 0 0
vt 0 0
vt 0 0
vt 0 0
vt 0 0
vt 0 0
vt 0 0
vt 0 0
vt 0 0
vt 0 0
vt 0 0
vt 0 0
vt 0 0
vt 0 0
vt 0 0
vt 0 0
vt 0 0
vt 0 0
vt 0 0
vt 0 0
vt 0 0
vt 0.424 0.616
vt 0.424 0.614
vt 0.499 0.616
vt 0.424 0.614
vt 0.499 0.614
vt 0.499 0.616
vt 0 0
vt 0 0
vt 0 0
vt 0 0
vt 0 0
vt 0 0
vt 0.426 0.581
vt 0.499 0.581
vt 0.424 0.614
vt 0.499 0.581
vt 0.499 0.614
vt 0.424 0.614
vt 0.429 0.552
vt 0.499 0.552
vt 0.426 0.581
vt 0.499 0.552
vt 0.499 0.581
vt 0.426 0.581
vt 0.435 0.529
vt 0.499 0.529
vt 0.429 0.552
vt 0.499 0.529
vt 0.499 0.552
vt 0.429 0.552
vt 0.443 0.515
vt 0.499 0.515
vt 0.435 0.529
vt 0.499 0.515
vt 0.499 0.529
vt 0.435 0.529
vt 0 0
vt 0 0
vt 0 0
vt 0 0
vt 0 0
vt 0 0
vt 0 0
vt 0 0
vt 0 0
vt 0 0
vt 0 0
vt 0 0
vt 0 0
vt 0 0
vt 0 0
vt 0 0
vt 0 0
vt 0 0
vt 0.435 0.967
vt 0.499 0.967
vt 0.443 0.982
vt 0.499 0.967
vt 0.499 0.982
vt 0.443 0.982
vt 0.429 0.944
vt 0.499 0.944
vt 0.435 0.967
vt 0.499 0.944
vt 0.499 0.967
vt 0.435 0.967
vt 0.426 0.915
vt 0.499 0.915
vt 0.429 0.944
vt 0.499 0.915
vt 0.499 0.944
vt 0.429 0.944
vt 0.426 0.915
vt 0.424 0.883
vt 0.499 0.915
vt 0.424 0.883
vt 0.499 0.883
vt 0.499 0.915
vt 0 0
vt 0 0
vt 0 0
vt 0 0
vt 0 0
vt 0 0
vt 0 0
vt 0 0
vt 0 0
vt 0 0
vt 0 0
vt 0 0
vt 0 0
vt 0 0
vt 0 0
vt 0 0
vt 0 0
vt 0 0
vt 0 0
vt 0 0
vt 0 0
vt 0 0
vt 0 0
vt 0 0
vt 0 0
vt 0 0
vt 0 0
vt 0 0
vt 0 0
vt 0 0
vt 0 0
vt 0 0
vt 0 0
vt 0 0
vt 0 0
vt 0 0
vt 0.424 0.883
vt 0.424 0.881
vt 0.499 0.883
vt 0.424 0.881
vt 0.499 0.881
vt 0.499 0.883
vt 0.355 0.883
vt 0.355 0.881
vt 0.424 0.883
vt 0.355 0.881
vt 0.424 0.881
vt 0.424 0.883
vt 0.296 0.883
vt 0.296 0.881
vt 0.355 0.883
vt 0.296 0.881
vt 0.355 0.881
vt 0.355 0.883
vt 0.25 0.883
vt 0.25 0.881
vt 0.296 0.883
vt 0.25 0.881
vt 0.296 0.881
vt 0.296 0.883
vt 0.222 0.883
vt 0.222 0.881
vt 0.25 0.883
vt 0.222 0.881
vt 0.25 0.881
vt 0.25 0.883
vt 0.212 0.883
vt 0.212 0.881
vt 0.222 0.883
vt 0.212 0.881
vt 0.222 0.881
vt 0.222 0.883
vt 0.424 0.881
vt 0.424 0.616
vt 0.499 0.881
vt 0.424 0.616
vt 0.499 0.616
vt 0.499 0.881
vt 0.355 0.881
vt 0.355 0.616
vt 0.424 0.881
vt 0.355 0.616
vt 0.424 0.616
vt 0.424 0.881
vt 0.296 0.881
vt 0.296 0.616
vt 0.355 0.881
vt 0.296 0.616
vt 0.355 0.616
vt 0.355 0.881
vt 0.25 0.881
vt 0.25 0.616
vt 0.296 0.881
vt 0.25 0.616
vt 0.296 0.616
vt 0.296 0.881
vt 0.222 0.881
vt 0.222 0.616
vt 0.25 0.881
vt 0.222 0.616
vt 0.25 0.616
vt 0.25 0.881
vt 0.212 0.881
vt 0.212 0.616
vt 0.222 0.881
vt 0.212 0.616
vt 0.222 0.616
vt 0.222 0.881
vt 0.217 0.419
vt 0.212 0.387
vt 0.227 0.419
vt 0.212 0.387
vt 0.222 0.387
vt 0.227 0.419
vt 0.217 0.419
vt 0.227 0.419
vt 0.232 0.448
vt 0.227 0.419
vt 0.241 0.448
vt 0.232 0.448
vt 0.232 0.448
vt 0.241 0.448
vt 0.255 0.471
vt 0.241 0.448
vt 0.263 0.471
vt 0.255 0.471
vt 0.255 0.471
vt 0.263 0.471
vt 0.284 0.486
vt 0.263 0.471
vt 0.291 0.486
vt 0.284 0.486
vt 0 0
vt 0 0
vt 0 0
vt 0 0
vt 0 0
vt 0 0
vt 0 0
vt 0 0
vt 0 0
vt 0 0
vt 0 0
vt 0 0
vt 0 0
vt 0 0
vt 0 0
vt 0 0
vt 0 0
vt 0 0
vt 0.284 0.018
vt 0.291 0.018
vt 0.255 0.033
vt 0.291 0.018
vt 0.263 0.033
vt 0.255 0.033
vt 0.255 0.033
vt 0.263 0.033
vt 0.232 0.056
vt 0.263 0.033
vt 0.241 0.056
vt 0.232 0.056
vt 0.232 0.056
vt 0.241 0.056
vt 0.217 0.085
vt 0.241 0.056
vt 0.227 0.085
vt 0.217 0.085
vt 0.217 0.085
vt 0.227 0.085
vt 0.212 0.117
vt 0.227 0.085
vt 0.222 0.117
vt 0.212 0.117
vt 0 0
vt 0 0
vt 0 0
vt 0 0
vt 0 0
vt 0 0
vt 0.212 0.12
vt 0.212 0.117
vt 0.222 0.12
vt 0.212 0.117
vt 0.222 0.117
vt 0.222 0.12
vt 0 0
vt 0 0
vt 0 0
vt 0 0
vt 0 0
vt 0 0
vt 0 0
vt 0 0
vt 0 0
vt 0 0
vt 0 0
vt 0 0
vt 0 0
vt 0 0
vt 0 0
vt 0 0
vt 0 0
vt 0 0
vt 0 0
vt 0 0
vt 0 0
vt 0 0
vt 0 0
vt 0 0
vt 0.222 0.12
vt 0.222 0.117
vt 0.25 0.12
vt 0.222 0.117
vt 0.25 0.117
vt 0.25 0.12
vt 0 0
vt 0 0
vt 0 0
vt 0 0
vt 0 0
vt 0 0
vt 0.227 0.085
vt 0.255 0.085
vt 0.222 0.117
vt 0.255 0.085
vt 0.25 0.117
vt 0.222 0.117
vt 0.241 0.056
vt 0.268 0.056
vt 0.227 0.085
vt 0.268 0.056
vt 0.255 0.085
vt 0.227 0.085
vt 0.263 0.033
vt 0.287 0.033
vt 0.241 0.056
vt 0.287 0.033
vt 0.268 0.056
vt 0.241 0.056
vt 0.291 0.018
vt 0.313 0.018
vt 0.263 0.033
vt 0.313 0.018
vt 0.287 0.033
vt 0.263 0.033
vt 0 0
vt 0 0
vt 0 0
vt 0 0
vt 0 0
vt 0 0
vt 0 0
vt 0 0
vt 0 0
vt 0 0
vt 0 0
vt 0 0
vt 0 0
vt 0 0
vt 0 0
vt 0 0
vt 0 0
vt 0 0
vt 0.263 0.471
vt 0.287 0.471
vt 0.291 0.486
vt 0.287 0.471
vt 0.313 0.486
vt 0.291 0.486
vt 0.241 0.448
vt 0.268 0.448
vt 0.263 0.471
vt 0.268 0.448
vt 0.287 0.471
vt 0.263 0.471
vt 0.227 0.419
vt 0.255 0.419
vt 0.241 0.448
vt 0.255 0.419
vt 0.268 0.448
vt 0.241 0.448
vt 0.227 0.419
vt 0.222 0.387
vt 0.255 0.419
vt 0.222 0.387
vt 0.25 0.387
vt 0.255 0.419
vt 0.255 0.419
vt 0.25 0.387
vt 0.299 0.419
vt 0.25 0.387
vt 0.296 0.387
vt 0.299 0.419
vt 0.255 0.419
vt 0.299 0.419
vt 0.268 0.448
vt 0.299 0.419
vt 0.31 0.448
vt 0.268 0.448
vt 0.268 0.448
vt 0.31 0.448
vt 0.287 0.471
vt 0.31 0.448
vt 0.326 0.471
vt 0.287 0.471
vt 0.287 0.471
vt 0.326 0.471
vt 0.313 0.486
vt 0.326 0.471
vt 0.347 0.486
vt 0.313 0.486
vt 0 0
vt 0 0
vt 0 0
vt 0 0
vt 0 0
vt 0 0
vt 0 0
vt 0 0
vt 0 0
vt 0 0
vt 0 0
vt 0 0
vt 0 0
vt 0 0
vt 0 0
vt 0 0
vt 0 0
vt 0 0
vt 0.313 0.018
vt 0.347 0.018
vt 0.287 0.033
vt 0.347 0.018
vt 0.326 0.033
vt 0.287 0.033
vt 0.287 0.033
vt 0.326 0.033
vt 0.268 0.056
vt 0.326 0.033
vt 0.31 0.056
vt 0.268 0.056
vt 0.268 0.056
vt 0.31 0.056
vt 0.255 0.085
vt 0.31 0.056
vt 0.299 0.085
vt 0.255 0.085
vt 0.255 0.085
vt 0.299 0.085
vt 0.25 0.117
vt 0.299 0.085
vt 0.296 0.117
vt 0.25 0.117
vt 0 0
vt 0 0
vt 0 0
vt 0 0
vt 0 0
vt 0 0
vt 0.25 0.12
vt 0.25 0.117
vt 0.296 0.12
vt 0.25 0.117
vt 0.296 0.117
vt 0.296 0.12
vt 0 0
vt 0 0
vt 0 0
vt 0 0
vt 0 0
vt 0 0
vt 0 0
vt 0 0
vt 0 0
vt 0 0
vt 0 0
vt 0 0
vt 0 0
vt 0 0
vt 0 0
vt 0 0
vt 0 0
vt 0 0
vt 0 0
vt 0 0
vt 0 0
vt 0 0
vt 0 0
vt 0 0
vt 0.296 0.12
vt 0.296 0.117
vt 0.355 0.12
vt 0.296 0.117
vt 0.355 0.117
vt 0.355 0.12
vt 0 0
vt 0 0
vt 0 0
vt 0 0
vt 0 0
vt 0 0
vt 0.299 0.085
vt 0.358 0.085
vt 0.296 0.117
vt 0.358 0.085
vt 0.355 0.117
vt 0.296 0.117
vt 0.31 0.056
vt 0.365 0.056
vt 0.299 0.085
vt 0.365 0.056
vt 0.358 0.085
vt 0.299 0.085
vt 0.326 0.033
vt 0.377 0.033
vt 0.31 0.056
vt 0.377 0.033
vt 0.365 0.056
vt 0.31 0.056
vt 0.347 0.018
vt 0.391 0.018
vt 0.326 0.033
vt 0.391 0.018
vt 0.377 0.033
vt 0.326 0.033
vt 0 0
vt 0 0
vt 0 0
vt 0 0
vt 0 0
vt 0 0
vt 0 0
vt 0 0
vt 0 0
vt 0 0
vt 0 0
vt 0 0
vt 0 0
vt 0 0
vt 0 0
vt 0 0
vt 0 0
vt 0 0
vt 0.326 0.471
vt 0.377 0.471
vt 0.347 0.486
vt 0.377 0.471
vt 0.391 0.486
vt 0.347 0.486
vt 0.31 0.448
vt 0.365 0.448
vt 0.326 0.471
vt 0.365 0.448
vt 0.377 0.471
vt 0.326 0.471
vt 0.299 0.419
vt 0.358 0.419
vt 0.31 0.448
vt 0.358 0.419
vt 0.365 0.448
vt 0.31 0.448
vt 0.299 0.419
vt 0.296 0.387
vt 0.358 0.419
vt 0.296 0.387
vt 0.355 0.387
vt 0.358 0.419
vt 0.358 0.419
vt 0.355 0.387
vt 0.426 0.419
vt 0.355 0.387
vt 0.424 0.387
vt 0.426 0.419
vt 0.358 0.419
vt 0.426 0.419
vt 0.365 0.448
vt 0.426 0.419
vt 0.429 0.448
vt 0.365 0.448
vt 0.365 0.448
vt 0.429 0.448
vt 0.377 0.471
vt 0.429 0.448
vt 0.435 0.471
vt 0.377 0.471
vt 0.377 0.471
vt 0.435 0.471
vt 0.391 0.486
vt 0.435 0.471
vt 0.443 0.486
vt 0.391 0.486
vt 0 0
vt 0 0
vt 0 0
vt 0 0
vt 0 0
vt 0 0
vt 0 0
vt 0 0
vt 0 0
vt 0 0
vt 0 0
vt 0 0
vt 0 0
vt 0 0
vt 0 0
vt 0 0
vt 0 0
vt 0 0
vt 0.391 0.018
vt 0.443 0.018
vt 0.377 0.033
vt 0.443 0.018
vt 0.435 0.033
vt 0.377 0.033
vt 0.377 0.033
vt 0.435 0.033
vt 0.365 0.056
vt 0.435 0.033
vt 0.429 0.056
vt 0.365 0.056
vt 0.365 0.056
vt 0.429 0.056
vt 0.358 0.085
vt 0.429 0.056
vt 0.426 0.085
vt 0.358 0.085
vt 0.358 0.085
vt 0.426 0.085
vt 0.355 0.117
vt 0.426 0.085
vt 0.424 0.117
vt 0.355 0.117
vt 0 0
vt 0 0
vt 0 0
vt 0 0
vt 0 0
vt 0 0
vt 0.355 0.12
vt 0.355 0.117
vt 0.424 0.12
vt 0.355 0.117
vt 0.424 0.117
vt 0.424 0.12
vt 0 0
vt 0 0
vt 0 0
vt 0 0
vt 0 0
vt 0 0
vt 0 0
vt 0 0
vt 0 0
vt 0 0
vt 0 0
vt 0 0
vt 0 0
vt 0 0
vt 0 0
vt 0 0
vt 0 0
vt 0 0
vt 0 0
vt 0 0
vt 0 0
vt 0 0
vt 0 0
vt 0 0
vt 0.424 0.12
vt 0.424 0.117
vt 0.499 0.12
vt 0.424 0.117
vt 0.499 0.117
vt 0.499 0.12
vt 0 0
vt 0 0
vt 0 0
vt 0 0
vt 0 0
vt 0 0
vt 0.426 0.085
vt 0.499 0.085
vt 0.424 0.117
vt 0.499 0.085
vt 0.499 0.117
vt 0.424 0.117
vt 0.429 0.056
vt 0.499 0.056
vt 0.426 0.085
vt 0.499 0.056
vt 0.499 0.085
vt 0.426 0.085
vt 0.435 0.033
vt 0.499 0.033
vt 0.429 0.056
vt 0.499 0.033
vt 0.499 0.056
vt 0.429 0.056
vt 0.443 0.018
vt 0.499 0.018
vt 0.435 0.033
vt 0.499 0.018
vt 0.499 0.033
vt 0.435 0.033
vt 0 0
vt 0 0
vt 0 0
vt 0 0
vt 0 0
vt 0 0
vt 0 0
vt 0 0
vt 0 0
vt 0 0
vt 0 0
vt 0 0
vt 0 0
vt 0 0
vt 0 0
vt 0 0
vt 0 0
vt 0 0
vt 0.435 0.471
vt 0.499 0.471
vt 0.443 0.486
vt 0.499 0.471
vt 0.499 0.486
vt 0.443 0.486
vt 0.429 0.448
vt 0.499 0.448
vt 0.435 0.471
vt 0.499 0.448
vt 0.499 0.471
vt 0.435 0.471
vt 0.426 0.419
vt 0.499 0.419
vt 0.429 0.448
vt 0.499 0.419
vt 0.499 0.448
vt 0.429 0.448
vt 0.426 0.419
vt 0.424 0.387
vt 0.499 0.419
vt 0.424 0.387
vt 0.499 0.387
vt 0.499 0.419
vt 0 0
vt 0 0
vt 0 0
vt 0 0
vt 0 0
vt 0 0
vt 0 0
vt 0 0
vt 0 0
vt 0 0
vt 0 0
vt 0 0
vt 0 0
vt 0 0
vt 0 0
vt 0 0
vt 0 0
vt 0 0
vt 0 0
vt 0 0
vt 0 0
vt 0 0
vt 0 0
vt 0 0
vt 0 0
vt 0 0
vt 0 0
vt 0 0
vt 0 0
vt 0 0
vt 0 0
vt 0 0
vt 0 0
vt 0 0
vt 0 0
vt 0 0
vt 0.424 0.387
vt 0.424 0.384
vt 0.499 0.387
vt 0.424 0.384
vt 0.499 0.384
vt 0.499 0.387
vt 0.355 0.387
vt 0.355 0.384
vt 0.424 0.387
vt 0.355 0.384
vt 0.424 0.384
vt 0.424 0.387
vt 0.296 0.387
vt 0.296 0.384
vt 0.355 0.387
vt 0.296 0.384
vt 0.355 0.384
vt 0.355 0.387
vt 0.25 0.387
vt 0.25 0.384
vt 0.296 0.387
vt 0.25 0.384
vt 0.296 0.384
vt 0.296 0.387
vt 0.222 0.387
vt 0.222 0.384
vt 0.25 0.387
vt 0.222 0.384
vt 0.25 0.384
vt 0.25 0.387
vt 0.212 0.387
vt 0.212 0.384
vt 0.222 0.387
vt 0.212 0.384
vt 0.222 0.384
vt 0.222 0.387
vt 0.424 0.384
vt 0.424 0.12
vt 0.499 0.384
vt 0.424 0.12
vt 0.499 0.12
vt 0.499 0.384
vt 0.355 0.384
vt 0.355 0.12
vt 0.424 0.384
vt 0.355 0.12
vt 0.424 0.12
vt 0.424 0.384
vt 0.296 0.384
vt 0.296 0.12
vt 0.355 0.384
vt 0.296 0.12
vt 0.355 0.12
vt 0.355 0.384
vt 0.25 0.384
vt 0.25 0.12
vt 0.296 0.384
vt 0.25 0.12
vt 0.296 0.12
vt 0.296 0.384
vt 0.222 0.384
vt 0.222 0.12
vt 0.25 0.384
vt 0.222 0.12
vt 0.25 0.12
vt 0.25 0.384
vt 0.212 0.384
vt 0.212 0.12
vt 0.222 0.384
vt 0.212 0.12
vt 0.222 0.12
vt 0.222 0.384
vt 0.78 0.419
vt 0.77 0.419
vt 0.785 0.387
vt 0.77 0.419
vt 0.775 0.387
vt 0.785 0.387
vt 0.78 0.419
vt 0.765 0.448
vt 0.77 0.419
vt 0.765 0.448
vt 0.756 0.448
vt 0.77 0.419
vt 0.765 0.448
vt 0.742 0.471
vt 0.756 0.448
vt 0.742 0.471
vt 0.734 0.471
vt 0.756 0.448
vt 0.742 0.471
vt 0.713 0.486
vt 0.734 0.471
vt 0.713 0.486
vt 0.706 0.486
vt 0.734 0.471
vt 0 0
vt 0 0
vt 0 0
vt 0 0
vt 0 0
vt 0 0
vt 0 0
vt 0 0
vt 0 0
vt 0 0
vt 0 0
vt 0 0
vt 0 0
vt 0 0
vt 0 0
vt 0 0
vt 0 0
vt 0 0
vt 0.713 0.018
vt 0.742 0.033
vt 0.706 0.018
vt 0.742 0.033
vt 0.734 0.033
vt 0.706 0.018
vt 0.742 0.033
vt 0.765 0.056
vt 0.734 0.033
vt 0.765 0.056
vt 0.756 0.056
vt 0.734 0.033
vt 0.765 0.056
vt 0.78 0.085
vt 0.756 0.056
vt 0.78 0.085
vt 0.77 0.085
vt 0.756 0.056
vt 0.78 0.085
vt 0.785 0.117
vt 0.77 0.085
vt 0.785 0.117
vt 0.775 0.117
vt 0.77 0.085
vt 0 0
vt 0 0
vt 0 0
vt 0 0
vt 0 0
vt 0 0
vt 0.785 0.12
vt 0.775 0.12
vt 0.785 0.117
vt 0.775 0.12
vt 0.775 0.117
vt 0.785 0.117
vt 0 0
vt 0 0
vt 0 0
vt 0 0
vt 0 0
vt 0 0
vt 0 0
vt 0 0
vt 0 0
vt 0 0
vt 0 0
vt 0 0
vt 0 0
vt 0 0
vt 0 0
vt 0 0
vt 0 0
vt 0 0
vt 0 0
vt 0 0
vt 0 0
vt 0 0
vt 0 0
vt 0 0
vt 0.775 0.12
vt 0.747 0.12
vt 0.775 0.117
vt 0.747 0.12
vt 0.747 0.117
vt 0.775 0.117
vt 0 0
vt 0 0
vt 0 0
vt 0 0
vt 0 0
vt 0 0
vt 0.77 0.085
vt 0.775 0.117
vt 0.742 0.085
vt 0.775 0.117
vt 0.747 0.117
vt 0.742 0.085
vt 0.756 0.056
vt 0.77 0.085
vt 0.73 0.056
vt 0.77 0.085
vt 0.742 0.085
vt 0.73 0.056
vt 0.734 0.033
vt 0.756 0.056
vt 0.71 0.033
vt 0.756 0.056
vt 0.73 0.056
vt 0.71 0.033
vt 0.706 0.018
vt 0.734 0.033
vt 0.685 0.018
vt 0.734 0.033
vt 0.71 0.033
vt 0.685 0.018
vt 0 0
vt 0 0
vt 0 0
vt 0 0
vt 0 0
vt 0 0
vt 0 0
vt 0 0
vt 0 0
vt 0 0
vt 0 0
vt 0 0
vt 0 0
vt 0 0
vt 0 0
vt 0 0
vt 0 0
vt 0 0
vt 0.734 0.471
vt 0.706 0.486
vt 0.71 0.471
vt 0.706 0.486
vt 0.685 0.486
vt 0.71 0.471
vt 0.756 0.448
vt 0.734 0.471
vt 0.73 0.448
vt 0.734 0.471
vt 0.71 0.471
vt 0.73 0.448
vt 0.77 0.419
vt 0.756 0.448
vt 0.742 0.419
vt 0.756 0.448
vt 0.73 0.448
vt 0.742 0.419
vt 0.77 0.419
vt 0.742 0.419
vt 0.775 0.387
vt 0.742 0.419
vt 0.747 0.387
vt 0.775 0.387
vt 0.742 0.419
vt 0.698 0.419
vt 0.747 0.387
vt 0.698 0.419
vt 0.701 0.387
vt 0.747 0.387
vt 0.742 0.419
vt 0.73 0.448
vt 0.698 0.419
vt 0.73 0.448
vt 0.687 0.448
vt 0.698 0.419
vt 0.73 0.448
vt 0.71 0.471
vt 0.687 0.448
vt 0.71 0.471
vt 0.671 0.471
vt 0.687 0.448
vt 0.71 0.471
vt 0.685 0.486
vt 0.671 0.471
vt 0.685 0.486
vt 0.65 0.486
vt 0.671 0.471
vt 0 0
vt 0 0
vt 0 0
vt 0 0
vt 0 0
vt 0 0
vt 0 0
vt 0 0
vt 0 0
vt 0 0
vt 0 0
vt 0 0
vt 0 0
vt 0 0
vt 0 0
vt 0 0
vt 0 0
vt 0 0
vt 0.685 0.018
vt 0.71 0.033
vt 0.65 0.018
vt 0.71 0.033
vt 0.671 0.033
vt 0.65 0.018
vt 0.71 0.033
vt 0.73 0.056
vt 0.671 0.033
vt 0.73 0.056
vt 0.687 0.056
vt 0.671 0.033
vt 0.73 0.056
vt 0.742 0.085
vt 0.687 0.056
vt 0.742 0.085
vt 0.698 0.085
vt 0.687 0.056
vt 0.742 0.085
vt 0.747 0.117
vt 0.698 0.085
vt 0.747 0.117
vt 0.701 0.117
vt 0.698 0.085
vt 0 0
vt 0 0
vt 0 0
vt 0 0
vt 0 0
vt 0 0
vt 0.747 0.12
vt 0.701 0.12
vt 0.747 0.117
vt 0.701 0.12
vt 0.701 0.117
vt 0.747 0.117
vt 0 0
vt 0 0
vt 0 0
vt 0 0
vt 0 0
vt 0 0
vt 0 0
vt 0 0
vt 0 0
vt 0 0
vt 0 0
vt 0 0
vt 0 0
vt 0 0
vt 0 0
vt 0 0
vt 0 0
vt 0 0
vt 0 0
vt 0 0
vt 0 0
vt 0 0
vt 0 0
vt 0 0
vt 0.701 0.12
vt 0.642 0.12
vt 0.701 0.117
vt 0.642 0.12
vt 0.642 0.117
vt 0.701 0.117
vt 0 0
vt 0 0
vt 0 0
vt 0 0
vt 0 0
vt 0 0
vt 0.698 0.085
vt 0.701 0.117
vt 0.639 0.085
vt 0.701 0.117
vt 0.642 0.117
vt 0.639 0.085
vt 0.687 0.056
vt 0.698 0.085
vt 0.632 0.056
vt 0.698 0.085
vt 0.639 0.085
vt 0.632 0.056
vt 0.671 0.033
vt 0.687 0.056
vt 0.62 0.033
vt 0.687 0.056
vt 0.632 0.056
vt 0.62 0.033
vt 0.65 0.018
vt 0.671 0.033
vt 0.606 0.018
vt 0.671 0.033
vt 0.62 0.033
vt 0.606 0.018
vt 0 0
vt 0 0
vt 0 0
vt 0 0
vt 0 0
vt 0 0
vt 0 0
vt 0 0
vt 0 0
vt 0 0
vt 0 0
vt 0 0
vt 0 0
vt 0 0
vt 0 0
vt 0 0
vt 0 0
vt 0 0
vt 0.671 0.471
vt 0.65 0.486
vt 0.62 0.471
vt 0.65 0.486
vt 0.606 0.486
vt 0.62 0.471
vt 0.687 0.448
vt 0.671 0.471
vt 0.632 0.448
vt 0.671 0.471
vt 0.62 0.471
vt 0.632 0.448
vt 0.698 0.419
vt 0.687 0.448
vt 0.639 0.419
vt 0.687 0.448
vt 0.632 0.448
vt 0.639 0.419
vt 0.698 0.419
vt 0.639 0.419
vt 0.701 0.387
vt 0.639 0.419
vt 0.642 0.387
vt 0.701 0.387
vt 0.639 0.419
vt 0.571 0.419
vt 0.642 0.387
vt 0.571 0.419
vt 0.573 0.387
vt 0.642 0.387
vt 0.639 0.419
vt 0.632 0.448
vt 0.571 0.419
vt 0.632 0.448
vt 0.568 0.448
vt 0.571 0.419
vt 0.632 0.448
vt 0.62 0.471
vt 0.568 0.448
vt 0.62 0.471
vt 0.562 0.471
vt 0.568 0.448
vt 0.62 0.471
vt 0.606 0.486
vt 0.562 0.471
vt 0.606 0.486
vt 0.554 0.486
vt 0.562 0.471
vt 0 0
vt 0 0
vt 0 0
vt 0 0
vt 0 0
vt 0 0
vt 0 0
vt 0 0
vt 0 0
vt 0 0
vt 0 0
vt 0 0
vt 0 0
vt 0 0
vt 0 0
vt 0 0
vt 0 0
vt 0 0
vt 0.606 0.018
vt 0.62 0.033
vt 0.554 0.018
vt 0.62 0.033
vt 0.562 0.033
vt 0.554 0.018
vt 0.62 0.033
vt 0.632 0.056
vt 0.562 0.033
vt 0.632 0.056
vt 0.568 0.056
vt 0.562 0.033
vt 0.632 0.056
vt 0.639 0.085
vt 0.568 0.056
vt 0.639 0.085
vt 0.571 0.085
vt 0.568 0.056
vt 0.639 0.085
vt 0.642 0.117
vt 0.571 0.085
vt 0.642 0.117
vt 0.573 0.117
vt 0.571 0.085
vt 0 0
vt 0 0
vt 0 0
vt 0 0
vt 0 0
vt 0 0
vt 0.642 0.12
vt 0.573 0.12
vt 0.642 0.117
vt 0.573 0.12
vt 0.573 0.117
vt 0.642 0.117
vt 0 0
vt 0 0
vt 0 0
vt 0 0
vt 0 0
vt 0 0
vt 0 0
vt 0 0
vt 0 0
vt 0 0
vt 0 0
vt 0 0
vt 0 0
vt 0 0
vt 0 0
vt 0 0
vt 0 0
vt 0 0
vt 0 0
vt 0 0
vt 0 0
vt 0 0
vt 0 0
vt 0 0
vt 0.573 0.12
vt 0.499 0.12
vt 0.573 0.117
vt 0.499 0.12
vt 0.499 0.117
vt 0.573 0.117
vt 0 0
vt 0 0
vt 0 0
vt 0 0
vt 0 0
vt 0 0
vt 0.571 0.085
vt 0.573 0.117
vt 0.499 0.085
vt 0.573 0.117
vt 0.499 0.117
vt 0.499 0.085
vt 0.568 0.056
vt 0.571 0.085
vt 0.499 0.056
vt 0.571 0.085
vt 0.499 0.085
vt 0.499 0.056
vt 0.562 0.033
vt 0.568 0.056
vt 0.499 0.033
vt 0.568 0.056
vt 0.499 0.056
vt 0.499 0.033
vt 0.554 0.018
vt 0.562 0.033
vt 0.499 0.018
vt 0.562 0.033
vt 0.499 0.033
vt 0.499 0.018
vt 0 0
vt 0 0
vt 0 0
vt 0 0
vt 0 0
vt 0 0
vt 0 0
vt 0 0
vt 0 0
vt 0 0
vt 0 0
vt 0 0
vt 0 0
vt 0 0
vt 0 0
vt 0 0
vt 0 0
vt 0 0
vt 0.562 0.471
vt 0.554 0.486
vt 0.499 0.471
vt 0.554 0.486
vt 0.499 0.486
vt 0.499 0.471
vt 0.568 0.448
vt 0.562 0.471
vt 0.499 0.448
vt 0.562 0.471
vt 0.499 0.471
vt 0.499 0.448
vt 0.571 0.419
vt 0.568 0.448
vt 0.499 0.419
vt 0.568 0.448
vt 0.499 0.448
vt 0.499 0.419
vt 0.571 0.419
vt 0.499 0.419
vt 0.573 0.387
vt 0.499 0.419
vt 0.499 0.387
vt 0.573 0.387
vt 0 0
vt 0 0
vt 0 0
vt 0 0
vt 0 0
vt 0 0
vt 0 0
vt 0 0
vt 0 0
vt 0 0
vt 0 0
vt 0 0
vt 0 0
vt 0 0
vt 0 0
vt 0 0
vt 0 0
vt 0 0
vt 0 0
vt 0 0
vt 0 0
vt 0 0
vt 0 0
vt 0 0
vt 0 0
vt 0 0
vt 0 0
vt 0 0
vt 0 0
vt 0 0
vt 0 0
vt 0 0
vt 0 0
vt 0 0
vt 0 0
vt 0 0
vt 0.573 0.387
vt 0.499 0.387
vt 0.573 0.384
vt 0.499 0.387
vt 0.499 0.384
vt 0.573 0.384
vt 0.642 0.387
vt 0.573 0.387
vt 0.642 0.384
vt 0.573 0.387
vt 0.573 0.384
vt 0.642 0.384
vt 0.701 0.387
vt 0.642 0.387
vt 0.701 0.384
vt 0.642 0.387
vt 0.642 0.384
vt 0.701 0.384
vt 0.747 0.387
vt 0.701 0.387
vt 0.747 0.384
vt 0.701 0.387
vt 0.701 0.384
vt 0.747 0.384
vt 0.775 0.387
vt 0.747 0.387
vt 0.775 0.384
vt 0.747 0.387
vt 0.747 0.384
vt 0.775 0.384
vt 0.785 0.387
vt 0.775 0.387
vt 0.785 0.384
vt 0.775 0.387
vt 0.775 0.384
vt 0.785 0.384
vt 0.573 0.384
vt 0.499 0.384
vt 0.573 0.12
vt 0.499 0.384
vt 0.499 0.12
vt 0.573 0.12
vt 0.642 0.384
vt 0.573 0.384
vt 0.642 0.12
vt 0.573 0.384
vt 0.573 0.12
vt 0.642 0.12
vt 0.701 0.384
vt 0.642 0.384
vt 0.701 0.12
vt 0.642 0.384
vt 0.642 0.12
vt 0.701 0.12
vt 0.747 0.384
vt 0.701 0.384
vt 0.747 0.12
vt 0.701 0.384
vt 0.701 0.12
vt 0.747 0.12
vt 0.775 0.384
vt 0.747 0.384
vt 0.775 0.12
vt 0.747 0.384
vt 0.747 0.12
vt 0.775 0.12
vt 0.785 0.384
vt 0.775 0.384
vt 0.785 0.12
vt 0.775 0.384
vt 0.775 0.12
vt 0.785 0.12
vt 0 0
vt 0 0
vt 0 0
vt 0 0
vt 0 0
vt 0 0
vt 0 0
vt 0 0
vt 0 0
vt 0 0
vt 0 0
vt 0 0
vt 0 0
vt 0 0
vt 0 0
vt 0 0
vt 0 0
vt 0 0
vt 0 0
vt 0 0
vt 0 0
vt 0 0
vt 0 0
vt 0 0
vt 0 0
vt 0 0
vt 0 0
vt 0 0
vt 0 0
vt 0 0
vt 0 0
vt 0 0
vt 0 0
vt 0 0
vt 0 0
vt 0 0
vt 0 0
vt 0 0
vt 0 0
vt 0 0
vt 0 0
vt 0 0
vt 0 0
vt 0 0
vt 0 0
vt 0 0
vt 0 0
vt 0 0
vt 0 0
vt 0 0
vt 0 0
vt 0 0
vt 0 0
vt 0 0
vt 0 0
vt 0 0
vt 0 0
vt 0 0
vt 0 0
vt 0 0
vt 0 0
vt 0 0
vt 0 0
vt 0 0
vt 0 0
vt 0 0
vt 0 0
vt 0 0
vt 0 0
vt 0 0
vt 0 0
vt 0 0
vt 0 0
vt 0 0
vt 0 0
vt 0 0
vt 0 0
vt 0 0
vt 0 0
vt 0 0
vt 0 0
vt 0 0
vt 0 0
vt 0 0
vt 0 0
vt 0 0
vt 0 0
vt 0 0
vt 0 0
vt 0 0
vt 0 0
vt 0 0
vt 0 0
vt 0 0
vt 0 0
vt 0 0
vt 0 0
vt 0 0
vt 0 0
vt 0 0
vt 0 0
vt 0 0
vt 0 0
vt 0 0
vt 0 0
vt 0 0
vt 0 0
vt 0 0
vt 0 0
vt 0 0
vt 0 0
vt 0 0
vt 0 0
vt 0 0
vt 0 0
vt 0 0
vt 0 0
vt 0 0
vt 0 0
vt 0 0
vt 0 0
vt 0 0
vt 0 0
vt 0 0
vt 0 0
vt 0 0
vt 0 0
vt 0 0
vt 0 0
vt 0 0
vt 0 0
vt 0 0
vt 0 0
vt 0 0
vt 0 0
vt 0 0
vt 0 0
vt 0 0
vt 0 0
vt 0 0
vt 0 0
vt 0 0
vt 0 0
vt 0 0
vt 0 0
vt 0 0
vt 0 0
vt 0 0
vt 0 0
vt 0 0
vt 0 0
vt 0 0
vt 0 0
vt 0 0
vt 0 0
vt 0 0
vt 0 0
vt 0 0
vt 0 0
vt 0 0
vt 0 0
vt 0 0
vt 0 0
vt 0 0
vt 0 0
vt 0 0
vt 0 0
vt 0 0
vt 0 0
vt 0 0
vt 0 0
vt 0 0
vt 0 0
vt 0 0
vt 0 0
vt 0 0
vt 0 0
vt 0 0
vt 0 0
vt 0 0
vt 0 0
vt 0 0
vt 0 0
vt 0 0
vt 0 0
vt 0 0
vt 0 0
vt 0 0
vt 0 0
vt 0 0
vt 0 0
vt 0 0
vt 0 0
vt 0 0
vt 0 0
vt 0 0
vt 0 0
vt 0 0
vt 0 0
vt 0 0
vt 0 0
vt 0 0
vt 0 0
vt 0 0
vt 0 0
vt 0 0
vt 0 0
vt 0 0
vt 0 0
vt 0 0
vt 0 0
vt 0 0
vt 0 0
vt 0 0
vt 0 0
vt 0 0
vt 0 0
vt 0 0
vt 0 0
vt 0 0
vt 0 0
vt 0 0
vt 0 0
vt 0 0
vt 0 0
vt 0 0
vt 0 0
vt 0 0
vt 0 0
vt 0 0
vt 0 0
vt 0 0
vt 0 0
vt 0 0
vt 0 0
vt 0 0
vt 0 0
vt 0 0
vt 0 0
vt 0 0
vt 0 0
vt 0 0
vt 0 0
vt 0 0
vt 0 0
vt 0 0
vt 0 0
vt 0 0
vt 0 0
vt 0 0
vt 0 0
vt 0 0
vt 0 0
vt 0 0
vt 0 0
vt 0 0
vt 0 0
vt 0 0
vt 0 0
vt 0 0
vt 0 0
vt 0 0
vt 0 0
vt 0 0
vt 0 0
vt 0 0
vt 0 0
vt 0 0
vt 0 0
vt 0 0
vt 0 0
vt 0 0
vt 0 0
vt 0 0
vt 0 0
vt 0 0
vt 0 0
vt 0 0
vt 0 0
vt 0 0
vt 0 0
vt 0 0
vt 0 0
vt 0 0
vt 0 0
vt 0 0
vt 0 0
vt 0 0
vt 0 0
vt 0 0
vt 0 0
vt 0 0
vt 0 0
vt 0 0
vt 0 0
vt 0 0
vt 0 0
vt 0 0
vt 0 0
vt 0 0
vt 0 0
vt 0 0
vt 0 0
vt 0 0
vt 0 0
vt 0 0
vt 0 0
vt 0 0
vt 0 0
vt 0 0
vt 0 0
vt 0 0
vt 0 0
vt 0 0
vt 0 0
vt 0 0
vt 0 0
vt 0 0
vt 0 0
vt 0 0
vt 0 0
vt 0 0
vt 0 0
vt 0 0
vt 0 0
vt 0 0
vt 0 0
vt 0 0
vt 0 0
vt 0 0
vt 0 0
vt 0 0
vt 0 0
vt 0 0
vt 0 0
vt 0 0
vt 0 0
vt 0 0
vt 0 0
vt 0 0
vt 0 0
vt 0 0
vt 0 0
vt 0 0
vt 0 0
vt 0 0
vt 0 0
vt 0 0
vt 0 0
vt 0 0
vt 0 0
vt 0 0
vt 0 0
vt 0 0
vt 0 0
vt 0 0
vt 0 0
vt 0 0
vt 0 0
vt 0 0
vt 0 0
vt 0 0
vt 0 0
vt 0 0
vt 0 0
vt 0 0
vt 0 0
vt 0 0
vt 0 0
vt 0 0
vt 0 0
vt 0 0
vt 0 0
vt 0 0
vt 0 0
vt 0 0
vt 0 0
vt 0 0
vt 0 0
vt 0 0
vt 0 0
vt 0 0
vt 0 0
vt 0 0
vt 0 0
vt 0 0
vt 0 0
vt 0 0
vt 0 0
vt 0 0
vt 0 0
vt 0 0
vt 0 0
vt 0 0
vt 0 0
vt 0 0
vt 0 0
vt 0 0
vt 0 0
vt 0 0
vt 0 0
vt 0 0
vt 0 0
vt 0 0
vt 0 0
vt 0 0
vt 0 0
vt 0 0
vt 0 0
vt 0 0
vt 0 0
vt 0 0
vt 0 0
vt 0 0
vt 0 0
vt 0 0
vt 0 0
vt 0 0
vt 0 0
vt 0 0
vt 0 0
vt 0 0
vt 0 0
vt 0 0
vt 0 0
vt 0 0
vt 0 0
vt 0 0
vt 0 0
vt 0 0
vt 0 0
vt 0 0
vt 0 0
vt 0 0
vt 0 0
vt 0 0
vt 0 0
vt 0 0
vt 0 0
vt 0 0
vt 0 0
vt 0 0
vt 0 0
vt 0 0
vt 0 0
vt 0 0
vt 0 0
vt 0 0
vt 0 0
vt 0 0
vt 0 0
vt 0 0
vt 0 0
vt 0 0
vt 0 0
vt 0 0
vt 0 0
vt 0 0
vt 0 0
vt 0 0
vt 0 0
vt 0 0
vt 0 0
vt 0 0
vt 0 0
vt 0 0
vt 0 0
vt 0 0
vt 0 0
vt 0 0
vt 0 0
vt 0 0
vt 0 0
vt 0 0
vt 0 0
vt 0 0
vt 0 0
vt 0 0
vt 0 0
vt 0 0
vt 0 0
vt 0 0
vt 0 0
vt 0 0
vt 0 0
vt 0 0
vt 0 0
vt 0 0
vt 0 0
vt 0 0
vt 0 0
vt 0 0
vt 0 0
vt 0 0
vt 0 0
vt 0 0
vt 0 0
vt 0 0
vt 0 0
vt 0 0
vt 0 0
vt 0 0
vt 0 0
vt 0 0
vt 0 0
vt 0 0
vt 0 0
vt 0 0
vt 0 0
vt 0 0
vt 0 0
vt 0 0
vt 0 0
vt 0 0
vt 0 0
vt 0 0
vt 0 0
vt 0 0
vt 0 0
vt 0 0
vt 0 0
vt 0 0
vt 0 0
vt 0 0
vt 0 0
vt 0 0
vt 0 0
vt 0 0
vt 0 0
vt 0 0
vt 0 0
vt 0 0
vt 0 0
vt 0 0
vt 0 0
vt 0 0
vt 0 0
vt 0 0
vt 0 0
vt 0 0
vt 0 0
vt 0 0
vt 0 0
vt 0 0
vt 0 0
vt 0 0
vt 0 0
vt 0 0
vt 0 0
vt 0 0
vt 0 0
vt 0 0
vt 0 0
vt 0 0
vt 0 0
vt 0 0
vt 0 0
vt 0 0
vt 0 0
vt 0 0
vt 0 0
vt 0 0
vt 0 0
vt 0 0
vt 0 0
vt 0 0
vt 0 0
vt 0 0
vt 0 0
vt 0 0
vt 0 0
vt 0 0
vt 0 0
vt 0 0
vt 0 0
vt 0 0
vt 0 0
vt 0 0
vt 0 0
vt 0 0
vt 0 0
vt 0 0
vt 0 0
vt 0 0
vt 0 0
vt 0 0
vt 0 0
vt 0 0
vt 0 0
vt 0 0
vt 0 0
vt 0 0
vt 0 0
vt 0 0
vt 0 0
vt 0 0
vt 0 0
vt 0 0
vt 0 0
vt 0 0
vt 0 0
vt 0 0
vt 0 0
vt 0 0
vt 0 0
vt 0 0
vt 0 0
vt 0 0
vt 0 0
vt 0 0
vt 0 0
vt 0 0
vt 0 0
vt 0 0
vt 0 0
vt 0 0
vt 0 0
vt 0 0
vt 0 0
vt 0 0
vt 0 0
vt 0 0
vt 0 0
vt 0 0
vt 0 0
vt 0 0
vt 0 0
vt 0 0
vt 0 0
vt 0 0
vt 0 0
vt 0 0
vt 0 0
vt 0 0
vt 0 0
vt 0 0
vt 0 0
vt 0 0
vt 0 0
vt 0 0
vt 0 0
vt 0 0
vt 0 0
vt 0 0
vt 0 0
vt 0 0
vt 0 0
vt 0 0
vt 0 0
vt 0 0
vt 0 0
vt 0 0
vt 0 0
vt 0 0
vt 0 0
vt 0 0
vt 0 0
vt 0 0
vt 0 0
vt 0 0
vt 0 0
vt 0 0
vt 0 0
vt 0 0
vt 0 0
vt 0 0
vt 0 0
vt 0 0
vt 0 0
vt 0 0
vt 0 0
vt 0 0
vt 0 0
vt 0 0
vt 0 0
vt 0 0
vt 0 0
vt 0 0
vt 0 0
vt 0 0
vt 0 0
vt 0 0
vt 0 0
vt 0 0
vt 0 0
vt 0 0
vt 0 0
vt 0 0
vt 0 0
vt 0 0
vt 0 0
vt 0 0
vt 0 0
vt 0 0
vt 0 0
vt 0 0
vt 0 0
vt 0 0
vt 0 0
vt 0 0
vt 0 0
vt 0 0
vt 0 0
vt 0 0
vt 0 0
vt 0 0
vt 0 0
vt 0 0
vt 0 0
vt 0 0
vt 0 0
vt 0 0
vt 0 0
vt 0 0
vt 0 0
vt 0 0
vt 0 0
vt 0 0
vt 0 0
vt 0 0
vt 0 0
vt 0 0
vt 0 0
vt 0 0
vt 0 0
vt 0 0
vt 0 0
vt 0 0
vt 0 0
vt 0 0
vt 0 0
vt 0 0
vt 0 0
vt 0 0
vt 0 0
vt 0 0
vt 0 0
vt 0 0
vt 0 0
vt 0 0
vt 0 0
vt 0 0
vt 0 0
vt 0 0
vt 0 0
vt 0 0
vt 0 0
vt 0 0
vt 0 0
vt 0 0
vt 0 0
vt 0 0
vt 0 0
vt 0 0
vt 0 0
vt 0 0
vt 0 0
vt 0 0
vt 0 0
vt 0 0
vt 0 0
vt 0 0
vt 0 0
vt 0 0
vt 0 0
vt 0 0
vt 0 0
vt 0 0
vt 0 0
vt 0 0
vt 0 0
vt 0 0
vt 0 0
vt 0 0
vt 0 0
vt 0 0
vt 0 0
vt 0 0
vt 0 0
vt 0 0
vt 0 0
vt 0 0
vt 0 0
vt 0 0
vt 0 0
vt 0 0
vt 0 0
vt 0 0
vt 0 0
vt 0 0
vt 0 0
vt 0 0
vt 0 0
vt 0 0
vt 0 0
vt 0 0
vt 0 0
vt 0 0
vt 0 0
vt 0 0
vt 0 0
vt 0 0
vt 0 0
vt 0 0
vt 0 0
vt 0 0
vt 0 0
vt 0 0
vt 0 0
vt 0 0
vt 0 0
vt 0 0
vt 0 0
vt 0 0
vt 0 0
vt 0 0
vt 0 0
vt 0 0
vt 0 0
vt 0 0
vt 0 0
vt 0 0
vt 0 0
vt 0 0
vt 0 0
vt 0 0
vt 0 0
vt 0 0
vt 0 0
vt 0 0
vt 0 0
vt 0 0
vt 0 0
vt 0 0
vt 0 0
vt 0 0
vt 0 0
vt 0 0
vt 0 0
vt 0 0
vt 0 0
vt 0 0
vt 0 0
vt 0 0
vt 0 0
vt 0 0
vt 0 0
vt 0 0
vt 0 0
vt 0 0
vt 0 0
vt 0 0
vt 0 0
vt 0 0
vt 0 0
vt 0 0
vt 0 0
vt 0 0
vt 0 0
vt 0 0
vt 0 0
vt 0 0
vt 0 0
vt 0 0
vt 0 0
vt 0 0
vt 0 0
vt 0 0
vt 0 0
vt 0 0
vt 0 0
vt 0 0
vt 0 0
vt 0 0
vt 0 0
vt 0 0
vt 0 0
vt 0 0
vt 0 0
vt 0 0
vt 0 0
vt 0 0
vt 0 0
vt 0 0
vt 0 0
vt 0 0
vt 0 0
vt 0 0
vt 0 0
vt 0 0
vt 0 0
vt 0 0
vt 0 0
vt 0 0
vt 0 0
vt 0 0
vt 0 0
vt 0 0
vt 0 0
vt 0 0
vt 0 0
vt 0 0
vt 0 0
vt 0 0
vt 0 0
vt 0 0
vt 0 0
vt 0 0
vt 0 0
vt 0 0
vt 0 0
vt 0 0
vt 0 0
vt 0 0
vt 0 0
vt 0 0
vt 0 0
vt 0 0
vt 0 0
vt 0 0
vt 0 0
vt 0 0
vt 0 0
vt 0 0
vt 0 0
vt 0 0
vt 0 0
vt 0 0
vt 0 0
vt 0 0
vt 0 0
vt 0 0
vt 0 0
vt 0 0
vt 0 0
vt 0 0
vt 0 0
vt 0 0
vt 0 0
vt 0 0
vt 0 0
vt 0 0
vt 0 0
vt 0 0
vt 0 0
vt 0 0
vt 0 0
vt 0 0
vt 0 0
vt 0 0
vt 0 0
vt 0 0
vt 0 0
vt 0 0
vt 0 0
vt 0 0
vt 0 0
vt 0 0
vt 0 0
vt 0 0
vt 0 0
vt 0 0
vt 0 0
vt 0 0
vt 0 0
vt 0 0
vt 0 0
vt 0 0
vt 0 0
vt 0 0
vt 0 0
vt 0 0
vt 0 0
vt 0 0
vt 0 0
vt 0 0
vt 0 0
vt 0 0
vt 0 0
vt 0 0
vt 0 0
vt 0 0
vt 0 0
vt 0 0
vt 0 0
vt 0 0
vt 0 0
vt 0 0
vt 0 0
vt 0 0
vt 0 0
vt 0 0
vt 0 0
vt 0 0
vt 0 0
vt 0 0
vt 0 0
vt 0 0
vt 0 0
vt 0 0
vt 0 0
vt 0 0
vt 0 0
vt 0 0
vt 0 0
vt 0 0
vt 0 0
vt 0 0
vt 0 0
vt 0 0
vt 0 0
vt 0 0
vt 0 0
vt 0 0
vt 0 0
vt 0 0
vt 0 0
vt 0 0
vt 0 0
vt 0 0
vt 0 0
vt 0 0
vt 0 0
vt 0 0
vt 0 0
vt 0 0
vt 0 0
vt 0 0
vt 0 0
vt 0 0
vt 0 0
vt 0 0
vt 0 0
vt 0 0
vt 0 0
vt 0 0
vt 0 0
vt 0 0
vt 0 0
vt 0 0
vt 0 0
vt 0 0
vt 0 0
vt 0 0
vt 0 0
vt 0 0
vt 0 0
vt 0 0
vt 0 0
vt 0 0
vt 0 0
vt 0 0
vt 0 0
vt 0 0
vt 0 0
vt 0 0
vt 0 0
vt 0 0
vt 0 0
vt 0 0
vt 0 0
vt 0 0
vt 0 0
vt 0 0
vt 0 0
vt 0 0
vt 0 0
vt 0 0
vt 0 0
vt 0 0
vt 0 0
vt 0 0
vt 0 0
vt 0 0
vt 0 0
vt 0 0
vt 0 0
vt 0 0
vt 0 0
vt 0 0
vt 0 0
vt 0 0
vt 0 0
vt 0 0
vt 0 0
vt 0 0
vt 0 0
vt 0 0
vt 0 0
vt 0 0
vt 0 0
vt 0 0
vt 0 0
vt 0 0
vt 0 0
vt 0 0
vt 0 0
vt 0 0
vt 0 0
vt 0 0
vt 0 0
vt 0 0
vt 0 0
vt 0 0
vt 0 0
vt 0 0
vt 0 0
vt 0 0
vt 0 0
vt 0 0
vt 0 0
vt 0 0
vt 0 0
vt 0 0
vt 0 0
vt 0 0
vt 0 0
vt 0 0
vt 0 0
vt 0 0
vt 0 0
vt 0 0
vt 0 0
vt 0 0
vt 0 0
vt 0 0
vt 0 0
vt 0 0
vt 0 0
vt 0 0
vt 0 0
vt 0 0
vt 0 0
vt 0 0
vt 0 0
vt 0 0
vt 0 0
vt 0 0
vt 0 0
vt 0 0
vt 0 0
vt 0 0
vt 0 0
vt 0 0
vt 0 0
vt 0 0
vt 0 0
vt 0 0
vt 0 0
vt 0 0
vt 0 0
vt 0 0
vt 0 0
vt 0 0
vt 0 0
vt 0 0
vt 0 0
vt 0 0
vt 0 0
vt 0 0
vt 0 0
vt 0 0
vt 0 0
vt 0 0
vt 0 0
vt 0 0
vt 0 0
vt 0 0
vt 0 0
vt 0 0
vt 0 0
vt 0 0
vt 0 0
vt 0 0
vt 0 0
vt 0 0
vt 0 0
vt 0 0
vt 0 0
vt 0 0
vt 0 0
vt 0 0
vt 0 0
vt 0 0
vt 0 0
vt 0 0
vt 0 0
vt 0 0
vt 0 0
vt 0 0
vt 0 0
vt 0 0
vt 0 0
vt 0 0
vt 0 0
vt 0 0
vt 0 0
vt 0 0
vt 0 0
vt 0 0
vt 0 0
vt 0 0
vt 0 0
vt 0 0
vt 0 0
vt 0 0
vt 0 0
vt 0 0
vt 0 0
vt 0 0
vt 0 0
vt 0 0
vt 0 0
vt 0 0
vt 0 0
vt 0 0
vt 0 0
vt 0 0
vt 0 0
vt 0 0
vt 0 0
vt 0 0
vt 0 0
vt 0 0
vt 0 0
vt 0 0
vt 0 0
vt 0 0
vt 0 0
vt 0 0
vt 0 0
vt 0 0
vt 0 0
vt 0 0
vt 0 0
vt 0 0
vt 0 0
vt 0 0
vt 0 0
vt 0 0
vt 0 0
vt 0 0
vt 0 0
vt 0 0
vt 0 0
vt 0 0
vt 0 0
vt 0 0
vt 0 0
vt 0 0
vt 0 0
vt 0 0
vt 0 0
vt 0 0
vt 0 0
vt 0 0
vt 0 0
vt 0 0
vt 0 0
vt 0 0
vt 0 0
vt 0 0
vt 0 0
vt 0 0
vt 0 0
vt 0 0
vt 0 0
vt 0 0
vt 0 0
vt 0 0
vt 0 0
vt 0 0
vt 0 0
vt 0 0
vt 0 0
vt 0 0
vt 0 0
vt 0 0
vt 0 0
vt 0 0
vt 0 0
vt 0 0
vt 0 0
vt 0 0
vt 0 0
vt 0 0
vt 0 0
vt 0 0
vt 0 0
vt 0 0
vt 0 0
vt 0 0
vt 0 0
vt 0 0
vt 0 0
vt 0 0
vt 0 0
vt 0 0
vt 0 0
vt 0 0
vt 0 0
vt 0 0
vt 0 0
vt 0 0
vt 0 0
vt 0 0
vt 0 0
vt 0 0
vt 0 0
vt 0 0
vt 0 0
vt 0 0
vt 0 0
vt 0 0
vt 0 0
vt 0 0
vt 0 0
vt 0 0
vt 0 0
vt 0 0
vt 0 0
vt 0 0
vt 0 0
vt 0 0
vt 0 0
vt 0 0
vt 0 0
vt 0 0
vt 0 0
vt 0 0
vt 0 0
vt 0 0
vt 0 0
vt 0 0
vt 0 0
vt 0 0
vt 0 0
vt 0 0
vt 0 0
vt 0 0
vt 0 0
vt 0 0
vt 0 0
vt 0 0
vt 0 0
vt 0 0
vt 0 0
vt 0 0
vt 0 0
vt 0 0
vt 0 0
vt 0 0
vt 0 0
vt 0 0
vt 0 0
vt 0 0
vt 0 0
vt 0 0
vt 0 0
vt 0 0
vt 0 0
vt 0 0
vt 0 0
vt 0 0
vt 0 0
vt 0 0
vt 0 0
vt 0 0
vt 0 0
vt 0 0
vt 0 0
vt 0 0
vt 0 0
vt 0 0
vt 0 0
vt 0 0
vt 0 0
vt 0 0
vt 0 0
vt 0 0
vt 0 0
vt 0 0
vt 0 0
vt 0 0
vt 0 0
vt 0 0
vt 0 0
vt 0 0
vt 0 0
vt 0 0
vt 0 0
vt 0 0
vt 0 0
vt 0 0
vt 0 0
vt 0 0
vt 0 0
vt 0 0
vt 0 0
vt 0 0
vt 0 0
vt 0 0
vt 0 0
vt 0 0
vt 0 0
vt 0 0
vt 0 0
vt 0 0
vt 0 0
vt 0 0
vt 0 0
vt 0 0
vt 0 0
vt 0 0
vt 0 0
vt 0 0
vt 0 0
vt 0 0
vt 0 0
vt 0 0
vt 0 0
vt 0 0
vt 0 0
vt 0 0
vt 0 0
vt 0 0
vt 0 0
vt 0 0
vt 0 0
vt 0 0
vt 0 0
vt 0 0
vt 0 0
vt 0 0
vt 0 0
vt 0 0
vt 0 0
vt 0 0
vt 0 0
vt 0 0
vt 0 0
vt 0 0
vt 0 0
vt 0 0
vt 0 0
vt 0 0
vt 0 0
vt 0 0
vt 0 0
vt 0 0
vt 0 0
vt 0 0
usemtl MB_283_official_8760
s off
f 408/1 115/2 398/3
f 115/4 126/5 398/6
f 116/7 115/8 407/9
f 115/10 408/11 407/12
f 407/13 313/14 116/15
f 313/16 117/17 116/18
f 313/19 406/20 117/21
f 406/22 118/23 117/24
f 406/25 405/26 118/27
f 405/28 119/29 118/30
f 405/31 399/32 119/33
f 399/34 125/35 119/36
f 404/37 120/38 396/39
f 120/40 553/41 396/42
f 404/43 403/44 120/45
f 403/46 121/47 120/48
f 403/49 402/50 121/51
f 402/52 122/53 121/54
f 402/55 401/56 122/57
f 401/58 123/59 122/60
f 401/61 397/62 123/63
f 397/64 127/65 123/66
f 400/67 394/68 555/69
f 394/70 549/71 555/72
f 420/73 200/74 397/75
f 200/76 127/77 397/78
f 576/79 128/80 395/81
f 128/82 551/83 395/84
f 573/85 129/86 575/87
f 129/88 130/89 575/90
f 129/91 552/92 130/93
f 552/94 550/95 130/96
f 128/97 554/98 551/99
f 554/100 132/101 551/102
f 200/103 203/104 127/105
f 203/106 134/107 127/108
f 555/109 549/110 556/111
f 549/112 131/113 556/114
f 123/115 127/116 138/117
f 127/118 134/119 138/120
f 122/121 123/122 139/123
f 123/124 138/125 139/126
f 121/127 122/128 140/129
f 122/130 139/131 140/132
f 120/133 121/134 141/135
f 121/136 140/137 141/138
f 120/139 141/140 553/141
f 141/142 133/143 553/144
f 119/145 125/146 142/147
f 125/148 136/149 142/150
f 118/151 119/152 143/153
f 119/154 142/155 143/156
f 117/157 118/158 144/159
f 118/160 143/161 144/162
f 116/163 117/164 145/165
f 117/166 144/167 145/168
f 115/169 116/170 146/171
f 116/172 145/173 146/174
f 115/175 146/176 126/177
f 146/178 135/179 126/180
f 146/181 147/182 135/183
f 147/184 158/185 135/186
f 146/187 145/188 147/189
f 145/190 148/191 147/192
f 145/193 144/194 148/195
f 144/196 149/197 148/198
f 144/199 143/200 149/201
f 143/202 150/203 149/204
f 143/205 142/206 150/207
f 142/208 151/209 150/210
f 142/211 136/212 151/213
f 136/214 157/215 151/216
f 141/217 152/218 133/219
f 152/220 557/221 133/222
f 141/223 140/224 152/225
f 140/226 153/227 152/228
f 140/229 139/230 153/231
f 139/232 154/233 153/234
f 139/235 138/236 154/237
f 138/238 155/239 154/240
f 138/241 134/242 155/243
f 134/244 159/245 155/246
f 556/247 131/248 559/249
f 131/250 558/251 559/252
f 203/253 201/254 134/255
f 201/256 159/257 134/258
f 554/259 160/260 132/261
f 160/262 560/263 132/264
f 552/265 161/266 550/267
f 161/268 162/269 550/270
f 161/271 562/272 162/273
f 562/274 561/275 162/276
f 160/277 563/278 560/279
f 563/280 164/281 560/282
f 201/283 204/284 159/285
f 204/286 166/287 159/288
f 559/289 558/290 564/291
f 558/292 163/293 564/294
f 155/295 159/296 170/297
f 159/298 166/299 170/300
f 154/301 155/302 171/303
f 155/304 170/305 171/306
f 153/307 154/308 172/309
f 154/310 171/311 172/312
f 152/313 153/314 173/315
f 153/316 172/317 173/318
f 152/319 173/320 557/321
f 173/322 165/323 557/324
f 151/325 157/326 174/327
f 157/328 168/329 174/330
f 150/331 151/332 175/333
f 151/334 174/335 175/336
f 149/337 150/338 176/339
f 150/340 175/341 176/342
f 148/343 149/344 177/345
f 149/346 176/347 177/348
f 147/349 148/350 178/351
f 148/352 177/353 178/354
f 147/355 178/356 158/357
f 178/358 167/359 158/360
f 178/361 179/362 167/363
f 179/364 190/365 167/366
f 178/367 177/368 179/369
f 177/370 180/371 179/372
f 177/373 176/374 180/375
f 176/376 181/377 180/378
f 176/379 175/380 181/381
f 175/382 182/383 181/384
f 175/385 174/386 182/387
f 174/388 183/389 182/390
f 174/391 168/392 183/393
f 168/394 189/395 183/396
f 173/397 184/398 165/399
f 184/400 565/401 165/402
f 173/403 172/404 184/405
f 172/406 185/407 184/408
f 172/409 171/410 185/411
f 171/412 186/413 185/414
f 171/415 170/416 186/417
f 170/418 187/419 186/420
f 170/421 166/422 187/423
f 166/424 191/425 187/426
f 564/427 163/428 567/429
f 163/430 566/431 567/432
f 204/433 202/434 166/435
f 202/436 191/437 166/438
f 563/439 192/440 164/441
f 192/442 568/443 164/444
f 562/445 193/446 561/447
f 193/448 194/449 561/450
f 193/451 570/452 194/453
f 570/454 569/455 194/456
f 192/457 571/458 568/459
f 571/460 286/461 568/462
f 202/463 312/464 191/465
f 312/466 288/467 191/468
f 567/469 566/470 572/471
f 566/472 285/473 572/474
f 187/475 191/476 292/477
f 191/478 288/479 292/480
f 186/481 187/482 293/483
f 187/484 292/485 293/486
f 185/487 186/488 294/489
f 186/490 293/491 294/492
f 184/493 185/494 295/495
f 185/496 294/497 295/498
f 184/499 295/500 565/501
f 295/502 287/503 565/504
f 183/505 189/506 296/507
f 189/508 290/509 296/510
f 182/511 183/512 297/513
f 183/514 296/515 297/516
f 181/517 182/518 298/519
f 182/520 297/521 298/522
f 180/523 181/524 299/525
f 181/526 298/527 299/528
f 179/529 180/530 300/531
f 180/532 299/533 300/534
f 179/535 300/536 190/537
f 300/538 289/539 190/540
f 188/541 291/542 432/543
f 169/544 188/545 432/546
f 156/547 169/548 432/549
f 137/550 156/551 432/552
f 124/553 137/554 432/555
f 157/556 136/557 519/558
f 125/559 399/560 519/561
f 574/562 124/563 432/564
f 290/565 189/566 519/567
f 189/568 168/569 519/570
f 136/571 125/572 519/573
f 168/574 157/575 519/576
f 190/577 289/578 199/579
f 289/580 306/581 199/582
f 167/583 190/584 198/585
f 190/586 199/587 198/588
f 158/589 167/590 197/591
f 167/592 198/593 197/594
f 135/595 158/596 196/597
f 158/598 197/599 196/600
f 126/601 135/602 195/603
f 135/604 196/605 195/606
f 398/607 126/608 414/609
f 126/610 195/611 414/612
f 199/613 306/614 202/615
f 306/616 312/617 202/618
f 198/619 199/620 204/621
f 199/622 202/623 204/624
f 197/625 198/626 201/627
f 198/628 204/629 201/630
f 196/631 197/632 203/633
f 197/634 201/635 203/636
f 195/637 196/638 200/639
f 196/640 203/641 200/642
f 414/643 195/644 420/645
f 195/646 200/647 420/648
f 534/649 524/650 205/651
f 524/652 216/653 205/654
f 534/655 205/656 533/657
f 205/658 206/659 533/660
f 533/661 206/662 421/663
f 206/664 207/665 421/666
f 421/667 207/668 532/669
f 207/670 208/671 532/672
f 532/673 208/674 531/675
f 208/676 209/677 531/678
f 531/679 209/680 525/681
f 209/682 215/683 525/684
f 530/685 522/686 210/687
f 522/688 581/689 210/690
f 530/691 210/692 529/693
f 210/694 211/695 529/696
f 529/697 211/698 528/699
f 211/700 212/701 528/702
f 528/703 212/704 527/705
f 212/706 213/707 527/708
f 527/709 213/710 523/711
f 213/712 217/713 523/714
f 526/715 583/716 520/717
f 583/718 577/719 520/720
f 548/721 523/722 307/723
f 523/724 217/725 307/726
f 600/727 521/728 218/729
f 521/730 579/731 218/732
f 597/733 599/734 219/735
f 599/736 220/737 219/738
f 219/739 220/740 580/741
f 220/742 578/743 580/744
f 218/745 579/746 582/747
f 579/748 222/749 582/750
f 307/751 217/752 310/753
f 217/754 224/755 310/756
f 583/757 584/758 577/759
f 584/760 221/761 577/762
f 213/763 228/764 217/765
f 228/766 224/767 217/768
f 212/769 229/770 213/771
f 229/772 228/773 213/774
f 211/775 230/776 212/777
f 230/778 229/779 212/780
f 210/781 231/782 211/783
f 231/784 230/785 211/786
f 210/787 581/788 231/789
f 581/790 223/791 231/792
f 209/793 232/794 215/795
f 232/796 226/797 215/798
f 208/799 233/800 209/801
f 233/802 232/803 209/804
f 207/805 234/806 208/807
f 234/808 233/809 208/810
f 206/811 235/812 207/813
f 235/814 234/815 207/816
f 205/817 236/818 206/819
f 236/820 235/821 206/822
f 205/823 216/824 236/825
f 216/826 225/827 236/828
f 236/829 225/830 237/831
f 225/832 248/833 237/834
f 236/835 237/836 235/837
f 237/838 238/839 235/840
f 235/841 238/842 234/843
f 238/844 239/845 234/846
f 234/847 239/848 233/849
f 239/850 240/851 233/852
f 233/853 240/854 232/855
f 240/856 241/857 232/858
f 232/859 241/860 226/861
f 241/862 247/863 226/864
f 231/865 223/866 242/867
f 223/868 585/869 242/870
f 231/871 242/872 230/873
f 242/874 243/875 230/876
f 230/877 243/878 229/879
f 243/880 244/881 229/882
f 229/883 244/884 228/885
f 244/886 245/887 228/888
f 228/889 245/890 224/891
f 245/892 249/893 224/894
f 584/895 587/896 221/897
f 587/898 586/899 221/900
f 310/901 224/902 308/903
f 224/904 249/905 308/906
f 582/907 222/908 250/909
f 222/910 588/911 250/912
f 580/913 578/914 251/915
f 578/916 252/917 251/918
f 251/919 252/920 590/921
f 252/922 589/923 590/924
f 250/925 588/926 591/927
f 588/928 254/929 591/930
f 308/931 249/932 311/933
f 249/934 256/935 311/936
f 587/937 592/938 586/939
f 592/940 253/941 586/942
f 245/943 260/944 249/945
f 260/946 256/947 249/948
f 244/949 261/950 245/951
f 261/952 260/953 245/954
f 243/955 262/956 244/957
f 262/958 261/959 244/960
f 242/961 263/962 243/963
f 263/964 262/965 243/966
f 242/967 585/968 263/969
f 585/970 255/971 263/972
f 241/973 264/974 247/975
f 264/976 258/977 247/978
f 240/979 265/980 241/981
f 265/982 264/983 241/984
f 239/985 266/986 240/987
f 266/988 265/989 240/990
f 238/991 267/992 239/993
f 267/994 266/995 239/996
f 237/997 268/998 238/999
f 268/1000 267/1001 238/1002
f 237/1003 248/1004 268/1005
f 248/1006 257/1007 268/1008
f 268/1009 257/1010 269/1011
f 257/1012 280/1013 269/1014
f 268/1015 269/1016 267/1017
f 269/1018 270/1019 267/1020
f 267/1021 270/1022 266/1023
f 270/1024 271/1025 266/1026
f 266/1027 271/1028 265/1029
f 271/1030 272/1031 265/1032
f 265/1033 272/1034 264/1035
f 272/1036 273/1037 264/1038
f 264/1039 273/1040 258/1041
f 273/1042 279/1043 258/1044
f 263/1045 255/1046 274/1047
f 255/1048 593/1049 274/1050
f 263/1051 274/1052 262/1053
f 274/1054 275/1055 262/1056
f 262/1057 275/1058 261/1059
f 275/1060 276/1061 261/1062
f 261/1063 276/1064 260/1065
f 276/1066 277/1067 260/1068
f 260/1069 277/1070 256/1071
f 277/1072 281/1073 256/1074
f 592/1075 595/1076 253/1077
f 595/1078 594/1079 253/1080
f 311/1081 256/1082 309/1083
f 256/1084 281/1085 309/1086
f 591/1087 254/1088 282/1089
f 254/1090 596/1091 282/1092
f 590/1093 589/1094 283/1095
f 589/1096 284/1097 283/1098
f 283/1099 284/1100 570/1101
f 284/1102 569/1103 570/1104
f 282/1105 596/1106 571/1107
f 596/1108 286/1109 571/1110
f 309/1111 281/1112 312/1113
f 281/1114 288/1115 312/1116
f 595/1117 572/1118 594/1119
f 572/1120 285/1121 594/1122
f 277/1123 292/1124 281/1125
f 292/1126 288/1127 281/1128
f 276/1129 293/1130 277/1131
f 293/1132 292/1133 277/1134
f 275/1135 294/1136 276/1137
f 294/1138 293/1139 276/1140
f 274/1141 295/1142 275/1143
f 295/1144 294/1145 275/1146
f 274/1147 593/1148 295/1149
f 593/1150 287/1151 295/1152
f 273/1153 296/1154 279/1155
f 296/1156 290/1157 279/1158
f 272/1159 297/1160 273/1161
f 297/1162 296/1163 273/1164
f 271/1165 298/1166 272/1167
f 298/1168 297/1169 272/1170
f 270/1171 299/1172 271/1173
f 299/1174 298/1175 271/1176
f 269/1177 300/1178 270/1179
f 300/1180 299/1181 270/1182
f 269/1183 280/1184 300/1185
f 280/1186 289/1187 300/1188
f 278/1189 432/1190 291/1191
f 259/1192 432/1193 278/1194
f 246/1195 432/1196 259/1197
f 227/1198 432/1199 246/1200
f 214/1201 432/1202 227/1203
f 247/1204 519/1205 226/1206
f 215/1207 519/1208 525/1209
f 598/1210 432/1211 214/1212
f 290/1213 519/1214 279/1215
f 279/1216 519/1217 258/1218
f 226/1219 519/1220 215/1221
f 258/1222 519/1223 247/1224
f 280/1225 305/1226 289/1227
f 305/1228 306/1229 289/1230
f 257/1231 304/1232 280/1233
f 304/1234 305/1235 280/1236
f 248/1237 303/1238 257/1239
f 303/1240 304/1241 257/1242
f 225/1243 302/1244 248/1245
f 302/1246 303/1247 248/1248
f 216/1249 301/1250 225/1251
f 301/1252 302/1253 225/1254
f 524/1255 541/1256 216/1257
f 541/1258 301/1259 216/1260
f 305/1261 309/1262 306/1263
f 309/1264 312/1265 306/1266
f 304/1267 311/1268 305/1269
f 311/1270 309/1271 305/1272
f 303/1273 308/1274 304/1275
f 308/1276 311/1277 304/1278
f 302/1279 310/1280 303/1281
f 310/1282 308/1283 303/1284
f 301/1285 307/1286 302/1287
f 307/1288 310/1289 302/1290
f 541/1291 548/1292 301/1293
f 548/1294 307/1295 301/1296
f 408/1297 398/1298 314/1299
f 398/1300 325/1301 314/1302
f 408/1303 314/1304 407/1305
f 314/1306 315/1307 407/1308
f 407/1309 315/1310 313/1311
f 315/1312 316/1313 313/1314
f 313/1315 316/1316 406/1317
f 316/1318 317/1319 406/1320
f 406/1321 317/1322 405/1323
f 317/1324 318/1325 405/1326
f 405/1327 318/1328 399/1329
f 318/1330 324/1331 399/1332
f 404/1333 396/1334 319/1335
f 396/1336 605/1337 319/1338
f 404/1339 319/1340 403/1341
f 319/1342 320/1343 403/1344
f 403/1345 320/1346 402/1347
f 320/1348 321/1349 402/1350
f 402/1351 321/1352 401/1353
f 321/1354 322/1355 401/1356
f 401/1357 322/1358 397/1359
f 322/1360 326/1361 397/1362
f 400/1363 607/1364 394/1365
f 607/1366 601/1367 394/1368
f 420/1369 397/1370 415/1371
f 397/1372 326/1373 415/1374
f 576/1375 395/1376 327/1377
f 395/1378 603/1379 327/1380
f 573/1381 575/1382 328/1383
f 575/1384 329/1385 328/1386
f 328/1387 329/1388 604/1389
f 329/1390 602/1391 604/1392
f 327/1393 603/1394 606/1395
f 603/1396 331/1397 606/1398
f 415/1399 326/1400 418/1401
f 326/1402 333/1403 418/1404
f 607/1405 608/1406 601/1407
f 608/1408 330/1409 601/1410
f 322/1411 337/1412 326/1413
f 337/1414 333/1415 326/1416
f 321/1417 338/1418 322/1419
f 338/1420 337/1421 322/1422
f 320/1423 339/1424 321/1425
f 339/1426 338/1427 321/1428
f 319/1429 340/1430 320/1431
f 340/1432 339/1433 320/1434
f 319/1435 605/1436 340/1437
f 605/1438 332/1439 340/1440
f 318/1441 341/1442 324/1443
f 341/1444 335/1445 324/1446
f 317/1447 342/1448 318/1449
f 342/1450 341/1451 318/1452
f 316/1453 343/1454 317/1455
f 343/1456 342/1457 317/1458
f 315/1459 344/1460 316/1461
f 344/1462 343/1463 316/1464
f 314/1465 345/1466 315/1467
f 345/1468 344/1469 315/1470
f 314/1471 325/1472 345/1473
f 325/1474 334/1475 345/1476
f 345/1477 334/1478 346/1479
f 334/1480 357/1481 346/1482
f 345/1483 346/1484 344/1485
f 346/1486 347/1487 344/1488
f 344/1489 347/1490 343/1491
f 347/1492 348/1493 343/1494
f 343/1495 348/1496 342/1497
f 348/1498 349/1499 342/1500
f 342/1501 349/1502 341/1503
f 349/1504 350/1505 341/1506
f 341/1507 350/1508 335/1509
f 350/1510 356/1511 335/1512
f 340/1513 332/1514 351/1515
f 332/1516 609/1517 351/1518
f 340/1519 351/1520 339/1521
f 351/1522 352/1523 339/1524
f 339/1525 352/1526 338/1527
f 352/1528 353/1529 338/1530
f 338/1531 353/1532 337/1533
f 353/1534 354/1535 337/1536
f 337/1537 354/1538 333/1539
f 354/1540 358/1541 333/1542
f 608/1543 611/1544 330/1545
f 611/1546 610/1547 330/1548
f 418/1549 333/1550 416/1551
f 333/1552 358/1553 416/1554
f 606/1555 331/1556 359/1557
f 331/1558 612/1559 359/1560
f 604/1561 602/1562 360/1563
f 602/1564 361/1565 360/1566
f 360/1567 361/1568 614/1569
f 361/1570 613/1571 614/1572
f 359/1573 612/1574 615/1575
f 612/1576 363/1577 615/1578
f 416/1579 358/1580 419/1581
f 358/1582 365/1583 419/1584
f 611/1585 616/1586 610/1587
f 616/1588 362/1589 610/1590
f 354/1591 369/1592 358/1593
f 369/1594 365/1595 358/1596
f 353/1597 370/1598 354/1599
f 370/1600 369/1601 354/1602
f 352/1603 371/1604 353/1605
f 371/1606 370/1607 353/1608
f 351/1609 372/1610 352/1611
f 372/1612 371/1613 352/1614
f 351/1615 609/1616 372/1617
f 609/1618 364/1619 372/1620
f 350/1621 373/1622 356/1623
f 373/1624 367/1625 356/1626
f 349/1627 374/1628 350/1629
f 374/1630 373/1631 350/1632
f 348/1633 375/1634 349/1635
f 375/1636 374/1637 349/1638
f 347/1639 376/1640 348/1641
f 376/1642 375/1643 348/1644
f 346/1645 377/1646 347/1647
f 377/1648 376/1649 347/1650
f 346/1651 357/1652 377/1653
f 357/1654 366/1655 377/1656
f 377/1657 366/1658 378/1659
f 366/1660 389/1661 378/1662
f 377/1663 378/1664 376/1665
f 378/1666 379/1667 376/1668
f 376/1669 379/1670 375/1671
f 379/1672 380/1673 375/1674
f 375/1675 380/1676 374/1677
f 380/1678 381/1679 374/1680
f 374/1681 381/1682 373/1683
f 381/1684 382/1685 373/1686
f 373/1687 382/1688 367/1689
f 382/1690 388/1691 367/1692
f 372/1693 364/1694 383/1695
f 364/1696 617/1697 383/1698
f 372/1699 383/1700 371/1701
f 383/1702 384/1703 371/1704
f 371/1705 384/1706 370/1707
f 384/1708 385/1709 370/1710
f 370/1711 385/1712 369/1713
f 385/1714 386/1715 369/1716
f 369/1717 386/1718 365/1719
f 386/1720 390/1721 365/1722
f 616/1723 619/1724 362/1725
f 619/1726 618/1727 362/1728
f 419/1729 365/1730 417/1731
f 365/1732 390/1733 417/1734
f 615/1735 363/1736 391/1737
f 363/1738 620/1739 391/1740
f 614/1741 613/1742 392/1743
f 613/1744 393/1745 392/1746
f 392/1747 393/1748 622/1749
f 393/1750 621/1751 622/1752
f 391/1753 620/1754 623/1755
f 620/1756 504/1757 623/1758
f 417/1759 390/1760 547/1761
f 390/1762 506/1763 547/1764
f 619/1765 624/1766 618/1767
f 624/1768 503/1769 618/1770
f 386/1771 510/1772 390/1773
f 510/1774 506/1775 390/1776
f 385/1777 511/1778 386/1779
f 511/1780 510/1781 386/1782
f 384/1783 512/1784 385/1785
f 512/1786 511/1787 385/1788
f 383/1789 513/1790 384/1791
f 513/1792 512/1793 384/1794
f 383/1795 617/1796 513/1797
f 617/1798 505/1799 513/1800
f 382/1801 514/1802 388/1803
f 514/1804 508/1805 388/1806
f 381/1807 515/1808 382/1809
f 515/1810 514/1811 382/1812
f 380/1813 516/1814 381/1815
f 516/1816 515/1817 381/1818
f 379/1819 517/1820 380/1821
f 517/1822 516/1823 380/1824
f 378/1825 518/1826 379/1827
f 518/1828 517/1829 379/1830
f 378/1831 389/1832 518/1833
f 389/1834 507/1835 518/1836
f 387/1837 432/1838 509/1839
f 368/1840 432/1841 387/1842
f 355/1843 432/1844 368/1845
f 336/1846 432/1847 355/1848
f 323/1849 432/1850 336/1851
f 356/1852 519/1853 335/1854
f 324/1855 519/1856 399/1857
f 574/1858 432/1859 323/1860
f 508/1861 519/1862 388/1863
f 388/1864 519/1865 367/1866
f 335/1867 519/1868 324/1869
f 367/1870 519/1871 356/1872
f 389/1873 413/1874 507/1875
f 413/1876 540/1877 507/1878
f 366/1879 412/1880 389/1881
f 412/1882 413/1883 389/1884
f 357/1885 411/1886 366/1887
f 411/1888 412/1889 366/1890
f 334/1891 410/1892 357/1893
f 410/1894 411/1895 357/1896
f 325/1897 409/1898 334/1899
f 409/1900 410/1901 334/1902
f 398/1903 414/1904 325/1905
f 414/1906 409/1907 325/1908
f 413/1909 417/1910 540/1911
f 417/1912 547/1913 540/1914
f 412/1915 419/1916 413/1917
f 419/1918 417/1919 413/1920
f 411/1921 416/1922 412/1923
f 416/1924 419/1925 412/1926
f 410/1927 418/1928 411/1929
f 418/1930 416/1931 411/1932
f 409/1933 415/1934 410/1935
f 415/1936 418/1937 410/1938
f 414/1939 420/1940 409/1941
f 420/1942 415/1943 409/1944
f 534/1945 422/1946 524/1947
f 422/1948 434/1949 524/1950
f 534/1951 533/1952 422/1953
f 533/1954 423/1955 422/1956
f 533/1957 421/1958 423/1959
f 421/1960 424/1961 423/1962
f 421/1963 532/1964 424/1965
f 532/1966 425/1967 424/1968
f 532/1969 531/1970 425/1971
f 531/1972 426/1973 425/1974
f 531/1975 525/1976 426/1977
f 525/1978 433/1979 426/1980
f 530/1981 427/1982 522/1983
f 427/1984 629/1985 522/1986
f 530/1987 529/1988 427/1989
f 529/1990 428/1991 427/1992
f 529/1993 528/1994 428/1995
f 528/1996 429/1997 428/1998
f 528/1999 527/2000 429/2001
f 527/2002 430/2003 429/2004
f 527/2005 523/2006 430/2007
f 523/2008 435/2009 430/2010
f 526/2011 520/2012 631/2013
f 520/2014 625/2015 631/2016
f 548/2017 542/2018 523/2019
f 542/2020 435/2021 523/2022
f 600/2023 436/2024 521/2025
f 436/2026 627/2027 521/2028
f 597/2029 437/2030 599/2031
f 437/2032 438/2033 599/2034
f 437/2035 628/2036 438/2037
f 628/2038 626/2039 438/2040
f 436/2041 630/2042 627/2043
f 630/2044 440/2045 627/2046
f 542/2047 545/2048 435/2049
f 545/2050 442/2051 435/2052
f 631/2053 625/2054 632/2055
f 625/2056 439/2057 632/2058
f 430/2059 435/2060 446/2061
f 435/2062 442/2063 446/2064
f 429/2065 430/2066 447/2067
f 430/2068 446/2069 447/2070
f 428/2071 429/2072 448/2073
f 429/2074 447/2075 448/2076
f 427/2077 428/2078 449/2079
f 428/2080 448/2081 449/2082
f 427/2083 449/2084 629/2085
f 449/2086 441/2087 629/2088
f 426/2089 433/2090 450/2091
f 433/2092 444/2093 450/2094
f 425/2095 426/2096 451/2097
f 426/2098 450/2099 451/2100
f 424/2101 425/2102 452/2103
f 425/2104 451/2105 452/2106
f 423/2107 424/2108 453/2109
f 424/2110 452/2111 453/2112
f 422/2113 423/2114 454/2115
f 423/2116 453/2117 454/2118
f 422/2119 454/2120 434/2121
f 454/2122 443/2123 434/2124
f 454/2125 455/2126 443/2127
f 455/2128 466/2129 443/2130
f 454/2131 453/2132 455/2133
f 453/2134 456/2135 455/2136
f 453/2137 452/2138 456/2139
f 452/2140 457/2141 456/2142
f 452/2143 451/2144 457/2145
f 451/2146 458/2147 457/2148
f 451/2149 450/2150 458/2151
f 450/2152 459/2153 458/2154
f 450/2155 444/2156 459/2157
f 444/2158 465/2159 459/2160
f 449/2161 460/2162 441/2163
f 460/2164 633/2165 441/2166
f 449/2167 448/2168 460/2169
f 448/2170 461/2171 460/2172
f 448/2173 447/2174 461/2175
f 447/2176 462/2177 461/2178
f 447/2179 446/2180 462/2181
f 446/2182 463/2183 462/2184
f 446/2185 442/2186 463/2187
f 442/2188 467/2189 463/2190
f 632/2191 439/2192 635/2193
f 439/2194 634/2195 635/2196
f 545/2197 543/2198 442/2199
f 543/2200 467/2201 442/2202
f 630/2203 468/2204 440/2205
f 468/2206 636/2207 440/2208
f 628/2209 469/2210 626/2211
f 469/2212 470/2213 626/2214
f 469/2215 638/2216 470/2217
f 638/2218 637/2219 470/2220
f 468/2221 639/2222 636/2223
f 639/2224 472/2225 636/2226
f 543/2227 546/2228 467/2229
f 546/2230 474/2231 467/2232
f 635/2233 634/2234 640/2235
f 634/2236 471/2237 640/2238
f 463/2239 467/2240 478/2241
f 467/2242 474/2243 478/2244
f 462/2245 463/2246 479/2247
f 463/2248 478/2249 479/2250
f 461/2251 462/2252 480/2253
f 462/2254 479/2255 480/2256
f 460/2257 461/2258 481/2259
f 461/2260 480/2261 481/2262
f 460/2263 481/2264 633/2265
f 481/2266 473/2267 633/2268
f 459/2269 465/2270 482/2271
f 465/2272 476/2273 482/2274
f 458/2275 459/2276 483/2277
f 459/2278 482/2279 483/2280
f 457/2281 458/2282 484/2283
f 458/2284 483/2285 484/2286
f 456/2287 457/2288 485/2289
f 457/2290 484/2291 485/2292
f 455/2293 456/2294 486/2295
f 456/2296 485/2297 486/2298
f 455/2299 486/2300 466/2301
f 486/2302 475/2303 466/2304
f 486/2305 487/2306 475/2307
f 487/2308 498/2309 475/2310
f 486/2311 485/2312 487/2313
f 485/2314 488/2315 487/2316
f 485/2317 484/2318 488/2319
f 484/2320 489/2321 488/2322
f 484/2323 483/2324 489/2325
f 483/2326 490/2327 489/2328
f 483/2329 482/2330 490/2331
f 482/2332 491/2333 490/2334
f 482/2335 476/2336 491/2337
f 476/2338 497/2339 491/2340
f 481/2341 492/2342 473/2343
f 492/2344 641/2345 473/2346
f 481/2347 480/2348 492/2349
f 480/2350 493/2351 492/2352
f 480/2353 479/2354 493/2355
f 479/2356 494/2357 493/2358
f 479/2359 478/2360 494/2361
f 478/2362 495/2363 494/2364
f 478/2365 474/2366 495/2367
f 474/2368 499/2369 495/2370
f 640/2371 471/2372 643/2373
f 471/2374 642/2375 643/2376
f 546/2377 544/2378 474/2379
f 544/2380 499/2381 474/2382
f 639/2383 500/2384 472/2385
f 500/2386 644/2387 472/2388
f 638/2389 501/2390 637/2391
f 501/2392 502/2393 637/2394
f 501/2395 622/2396 502/2397
f 622/2398 621/2399 502/2400
f 500/2401 623/2402 644/2403
f 623/2404 504/2405 644/2406
f 544/2407 547/2408 499/2409
f 547/2410 506/2411 499/2412
f 643/2413 642/2414 624/2415
f 642/2416 503/2417 624/2418
f 495/2419 499/2420 510/2421
f 499/2422 506/2423 510/2424
f 494/2425 495/2426 511/2427
f 495/2428 510/2429 511/2430
f 493/2431 494/2432 512/2433
f 494/2434 511/2435 512/2436
f 492/2437 493/2438 513/2439
f 493/2440 512/2441 513/2442
f 492/2443 513/2444 641/2445
f 513/2446 505/2447 641/2448
f 491/2449 497/2450 514/2451
f 497/2452 508/2453 514/2454
f 490/2455 491/2456 515/2457
f 491/2458 514/2459 515/2460
f 489/2461 490/2462 516/2463
f 490/2464 515/2465 516/2466
f 488/2467 489/2468 517/2469
f 489/2470 516/2471 517/2472
f 487/2473 488/2474 518/2475
f 488/2476 517/2477 518/2478
f 487/2479 518/2480 498/2481
f 518/2482 507/2483 498/2484
f 496/2485 509/2486 432/2487
f 477/2488 496/2489 432/2490
f 464/2491 477/2492 432/2493
f 445/2494 464/2495 432/2496
f 431/2497 445/2498 432/2499
f 465/2500 444/2501 519/2502
f 433/2503 525/2504 519/2505
f 598/2506 431/2507 432/2508
f 508/2509 497/2510 519/2511
f 497/2512 476/2513 519/2514
f 444/2515 433/2516 519/2517
f 476/2518 465/2519 519/2520
f 498/2521 507/2522 539/2523
f 507/2524 540/2525 539/2526
f 475/2527 498/2528 538/2529
f 498/2530 539/2531 538/2532
f 466/2533 475/2534 537/2535
f 475/2536 538/2537 537/2538
f 443/2539 466/2540 536/2541
f 466/2542 537/2543 536/2544
f 434/2545 443/2546 535/2547
f 443/2548 536/2549 535/2550
f 524/2551 434/2552 541/2553
f 434/2554 535/2555 541/2556
f 539/2557 540/2558 544/2559
f 540/2560 547/2561 544/2562
f 538/2563 539/2564 546/2565
f 539/2566 544/2567 546/2568
f 537/2569 538/2570 543/2571
f 538/2572 546/2573 543/2574
f 536/2575 537/2576 545/2577
f 537/2578 543/2579 545/2580
f 535/2581 536/2582 542/2583
f 536/2584 545/2585 542/2586
f 541/2587 535/2588 548/2589
f 535/2590 542/2591 548/2592
f 681/2593 685/2594 703/2595
f 685/2596 700/2597 703/2598
f 649/2599 650/2600 651/2601
f 650/2602 653/2603 651/2604
f 650/2605 648/2606 653/2607
f 648/2608 652/2609 653/2610
f 655/2611 656/2612 657/2613
f 656/2614 659/2615 657/2616
f 656/2617 654/2618 659/2619
f 654/2620 658/2621 659/2622
f 670/2623 671/2624 672/2625
f 671/2626 674/2627 672/2628
f 671/2629 669/2630 674/2631
f 669/2632 673/2633 674/2634
f 657/2635 659/2636 660/2637
f 659/2638 662/2639 660/2640
f 659/2641 658/2642 662/2643
f 658/2644 661/2645 662/2646
f 660/2647 662/2648 663/2649
f 662/2650 665/2651 663/2652
f 662/2653 661/2654 665/2655
f 661/2656 664/2657 665/2658
f 672/2659 674/2660 675/2661
f 674/2662 677/2663 675/2664
f 674/2665 673/2666 677/2667
f 673/2668 676/2669 677/2670
f 675/2671 677/2672 678/2673
f 677/2674 680/2675 678/2676
f 677/2677 676/2678 680/2679
f 676/2680 679/2681 680/2682
f 685/2683 686/2684 687/2685
f 686/2686 689/2687 687/2688
f 686/2689 684/2690 689/2691
f 684/2692 688/2693 689/2694
f 663/2695 665/2696 666/2697
f 665/2698 668/2699 666/2700
f 665/2701 664/2702 668/2703
f 664/2704 667/2705 668/2706
f 666/2707 668/2708 670/2709
f 668/2710 671/2711 670/2712
f 668/2713 667/2714 671/2715
f 667/2716 669/2717 671/2718
f 678/2719 680/2720 681/2721
f 680/2722 683/2723 681/2724
f 680/2725 679/2726 683/2727
f 679/2728 682/2729 683/2730
f 681/2731 683/2732 685/2733
f 683/2734 686/2735 685/2736
f 683/2737 682/2738 686/2739
f 682/2740 684/2741 686/2742
f 687/2743 689/2744 690/2745
f 689/2746 692/2747 690/2748
f 689/2749 688/2750 692/2751
f 688/2752 691/2753 692/2754
f 651/2755 653/2756 655/2757
f 653/2758 656/2759 655/2760
f 653/2761 652/2762 656/2763
f 652/2764 654/2765 656/2766
f 690/2767 692/2768 645/2769
f 692/2770 647/2771 645/2772
f 692/2773 691/2774 647/2775
f 691/2776 646/2777 647/2778
f 645/2779 647/2780 649/2781
f 647/2782 650/2783 649/2784
f 647/2785 646/2786 650/2787
f 646/2788 648/2789 650/2790
f 697/2791 693/2792 698/2793
f 693/2794 695/2795 698/2796
f 698/2797 695/2798 696/2799
f 695/2800 694/2801 696/2802
f 700/2803 697/2804 701/2805
f 697/2806 698/2807 701/2808
f 701/2809 698/2810 699/2811
f 698/2812 696/2813 699/2814
f 703/2815 700/2816 704/2817
f 700/2818 701/2819 704/2820
f 704/2821 701/2822 702/2823
f 701/2824 699/2825 702/2826
f 706/2827 703/2828 707/2829
f 703/2830 704/2831 707/2832
f 707/2833 704/2834 705/2835
f 704/2836 702/2837 705/2838
f 709/2839 706/2840 710/2841
f 706/2842 707/2843 710/2844
f 710/2845 707/2846 708/2847
f 707/2848 705/2849 708/2850
f 712/2851 709/2852 713/2853
f 709/2854 710/2855 713/2856
f 713/2857 710/2858 711/2859
f 710/2860 708/2861 711/2862
f 715/2863 712/2864 716/2865
f 712/2866 713/2867 716/2868
f 716/2869 713/2870 714/2871
f 713/2872 711/2873 714/2874
f 718/2875 715/2876 719/2877
f 715/2878 716/2879 719/2880
f 719/2881 716/2882 717/2883
f 716/2884 714/2885 717/2886
f 721/2887 718/2888 722/2889
f 718/2890 719/2891 722/2892
f 722/2893 719/2894 720/2895
f 719/2896 717/2897 720/2898
f 724/2899 721/2900 725/2901
f 721/2902 722/2903 725/2904
f 725/2905 722/2906 723/2907
f 722/2908 720/2909 723/2910
f 727/2911 724/2912 728/2913
f 724/2914 725/2915 728/2916
f 728/2917 725/2918 726/2919
f 725/2920 723/2921 726/2922
f 730/2923 727/2924 731/2925
f 727/2926 728/2927 731/2928
f 731/2929 728/2930 729/2931
f 728/2932 726/2933 729/2934
f 733/2935 730/2936 734/2937
f 730/2938 731/2939 734/2940
f 734/2941 731/2942 732/2943
f 731/2944 729/2945 732/2946
f 736/2947 733/2948 737/2949
f 733/2950 734/2951 737/2952
f 737/2953 734/2954 735/2955
f 734/2956 732/2957 735/2958
f 739/2959 736/2960 740/2961
f 736/2962 737/2963 740/2964
f 740/2965 737/2966 738/2967
f 737/2968 735/2969 738/2970
f 693/2971 739/2972 695/2973
f 739/2974 740/2975 695/2976
f 695/2977 740/2978 694/2979
f 740/2980 738/2981 694/2982
f 660/2983 663/2984 724/2985
f 663/2986 721/2987 724/2988
f 685/2989 687/2990 700/2991
f 687/2992 697/2993 700/2994
f 663/2995 666/2996 721/2997
f 666/2998 718/2999 721/3000
f 693/3001 690/3002 739/3003
f 690/3004 645/3005 739/3006
f 687/3007 690/3008 697/3009
f 690/3010 693/3011 697/3012
f 666/3013 670/3014 718/3015
f 670/3016 715/3017 718/3018
f 739/3019 645/3020 736/3021
f 645/3022 649/3023 736/3024
f 670/3025 672/3026 715/3027
f 672/3028 712/3029 715/3030
f 649/3031 651/3032 736/3033
f 651/3034 733/3035 736/3036
f 672/3037 675/3038 712/3039
f 675/3040 709/3041 712/3042
f 651/3043 655/3044 733/3045
f 655/3046 730/3047 733/3048
f 675/3049 678/3050 709/3051
f 678/3052 706/3053 709/3054
f 655/3055 657/3056 730/3057
f 657/3058 727/3059 730/3060
f 678/3061 681/3062 706/3063
f 681/3064 703/3065 706/3066
f 657/3067 660/3068 727/3069
f 660/3070 724/3071 727/3072
f 779/3073 782/3074 748/3075
f 782/3076 749/3077 748/3078
f 679/3079 676/3080 769/3081
f 676/3082 772/3083 769/3084
f 794/3085 797/3086 753/3087
f 797/3088 754/3089 753/3090
f 767/3091 770/3092 744/3093
f 770/3094 745/3095 744/3096
f 797/3097 800/3098 754/3099
f 800/3100 755/3101 754/3102
f 784/3103 664/3104 787/3105
f 664/3106 661/3107 787/3108
f 673/3109 669/3110 775/3111
f 669/3112 778/3113 775/3114
f 757/3115 761/3116 741/3117
f 761/3118 742/3119 741/3120
f 664/3121 784/3122 667/3123
f 784/3124 781/3125 667/3126
f 758/3127 802/3128 691/3129
f 802/3130 646/3131 691/3132
f 800/3133 803/3134 755/3135
f 803/3136 756/3137 755/3138
f 788/3139 791/3140 751/3141
f 791/3142 752/3143 751/3144
f 648/3145 646/3146 799/3147
f 646/3148 802/3149 799/3150
f 763/3151 684/3152 766/3153
f 684/3154 682/3155 766/3156
f 763/3157 760/3158 684/3159
f 760/3160 688/3161 684/3162
f 773/3163 776/3164 746/3165
f 776/3166 747/3167 746/3168
f 782/3169 785/3170 749/3171
f 785/3172 750/3173 749/3174
f 769/3175 766/3176 679/3177
f 766/3178 682/3179 679/3180
f 791/3181 794/3182 752/3183
f 794/3184 753/3185 752/3186
f 764/3187 767/3188 743/3189
f 767/3190 744/3191 743/3192
f 796/3193 793/3194 652/3195
f 793/3196 654/3197 652/3198
f 785/3199 788/3200 750/3201
f 788/3202 751/3203 750/3204
f 776/3205 779/3206 747/3207
f 779/3208 748/3209 747/3210
f 781/3211 778/3212 667/3213
f 778/3214 669/3215 667/3216
f 676/3217 673/3218 772/3219
f 673/3220 775/3221 772/3222
f 803/3223 757/3224 756/3225
f 757/3226 741/3227 756/3228
f 652/3229 648/3230 796/3231
f 648/3232 799/3233 796/3234
f 761/3235 764/3236 742/3237
f 764/3238 743/3239 742/3240
f 658/3241 654/3242 790/3243
f 654/3244 793/3245 790/3246
f 770/3247 773/3248 745/3249
f 773/3250 746/3251 745/3252
f 787/3253 661/3254 790/3255
f 661/3256 658/3257 790/3258
f 761/3259 757/3260 762/3261
f 757/3262 759/3263 762/3264
f 762/3265 759/3266 760/3267
f 759/3268 758/3269 760/3270
f 764/3271 761/3272 765/3273
f 761/3274 762/3275 765/3276
f 765/3277 762/3278 763/3279
f 762/3280 760/3281 763/3282
f 767/3283 764/3284 768/3285
f 764/3286 765/3287 768/3288
f 768/3289 765/3290 766/3291
f 765/3292 763/3293 766/3294
f 770/3295 767/3296 771/3297
f 767/3298 768/3299 771/3300
f 771/3301 768/3302 769/3303
f 768/3304 766/3305 769/3306
f 773/3307 770/3308 774/3309
f 770/3310 771/3311 774/3312
f 774/3313 771/3314 772/3315
f 771/3316 769/3317 772/3318
f 776/3319 773/3320 777/3321
f 773/3322 774/3323 777/3324
f 777/3325 774/3326 775/3327
f 774/3328 772/3329 775/3330
f 779/3331 776/3332 780/3333
f 776/3334 777/3335 780/3336
f 780/3337 777/3338 778/3339
f 777/3340 775/3341 778/3342
f 782/3343 779/3344 783/3345
f 779/3346 780/3347 783/3348
f 783/3349 780/3350 781/3351
f 780/3352 778/3353 781/3354
f 785/3355 782/3356 786/3357
f 782/3358 783/3359 786/3360
f 786/3361 783/3362 784/3363
f 783/3364 781/3365 784/3366
f 788/3367 785/3368 789/3369
f 785/3370 786/3371 789/3372
f 789/3373 786/3374 787/3375
f 786/3376 784/3377 787/3378
f 791/3379 788/3380 792/3381
f 788/3382 789/3383 792/3384
f 792/3385 789/3386 790/3387
f 789/3388 787/3389 790/3390
f 794/3391 791/3392 795/3393
f 791/3394 792/3395 795/3396
f 795/3397 792/3398 793/3399
f 792/3400 790/3401 793/3402
f 797/3403 794/3404 798/3405
f 794/3406 795/3407 798/3408
f 798/3409 795/3410 796/3411
f 795/3412 793/3413 796/3414
f 800/3415 797/3416 801/3417
f 797/3418 798/3419 801/3420
f 801/3421 798/3422 799/3423
f 798/3424 796/3425 799/3426
f 803/3427 800/3428 804/3429
f 800/3430 801/3431 804/3432
f 804/3433 801/3434 802/3435
f 801/3436 799/3437 802/3438
f 757/3439 803/3440 759/3441
f 803/3442 804/3443 759/3444
f 759/3445 804/3446 758/3447
f 804/3448 802/3449 758/3450
f 760/3451 758/3452 688/3453
f 758/3454 691/3455 688/3456
f 805/3457 806/3458 859/3459
f 806/3460 807/3461 859/3462
f 809/3463 808/3464 836/3465
f 808/3466 837/3467 836/3468
f 810/3469 805/3470 860/3471
f 805/3472 859/3473 860/3474
f 811/3475 809/3476 838/3477
f 809/3478 836/3479 838/3480
f 812/3481 810/3482 813/3483
f 810/3484 860/3485 813/3486
f 814/3487 811/3488 815/3489
f 811/3490 838/3491 815/3492
f 810/3493 812/3494 818/3495
f 812/3496 819/3497 818/3498
f 805/3499 810/3500 816/3501
f 810/3502 818/3503 816/3504
f 806/3505 805/3506 817/3507
f 805/3508 816/3509 817/3510
f 818/3511 819/3512 822/3513
f 819/3514 823/3515 822/3516
f 816/3517 818/3518 820/3519
f 818/3520 822/3521 820/3522
f 817/3523 816/3524 821/3525
f 816/3526 820/3527 821/3528
f 822/3529 823/3530 826/3531
f 823/3532 827/3533 826/3534
f 820/3535 822/3536 824/3537
f 822/3538 826/3539 824/3540
f 821/3541 820/3542 825/3543
f 820/3544 824/3545 825/3546
f 826/3547 827/3548 830/3549
f 827/3550 831/3551 830/3552
f 824/3553 826/3554 828/3555
f 826/3556 830/3557 828/3558
f 825/3559 824/3560 829/3561
f 824/3562 828/3563 829/3564
f 830/3565 831/3566 834/3567
f 831/3568 835/3569 834/3570
f 828/3571 830/3572 832/3573
f 830/3574 834/3575 832/3576
f 829/3577 828/3578 833/3579
f 828/3580 832/3581 833/3582
f 834/3583 835/3584 838/3585
f 835/3586 815/3587 838/3588
f 832/3589 834/3590 836/3591
f 834/3592 838/3593 836/3594
f 833/3595 832/3596 837/3597
f 832/3598 836/3599 837/3600
f 811/3601 814/3602 841/3603
f 814/3604 842/3605 841/3606
f 809/3607 811/3608 840/3609
f 811/3610 841/3611 840/3612
f 808/3613 809/3614 839/3615
f 809/3616 840/3617 839/3618
f 841/3619 842/3620 845/3621
f 842/3622 846/3623 845/3624
f 840/3625 841/3626 844/3627
f 841/3628 845/3629 844/3630
f 839/3631 840/3632 843/3633
f 840/3634 844/3635 843/3636
f 845/3637 846/3638 849/3639
f 846/3640 850/3641 849/3642
f 844/3643 845/3644 848/3645
f 845/3646 849/3647 848/3648
f 843/3649 844/3650 847/3651
f 844/3652 848/3653 847/3654
f 849/3655 850/3656 853/3657
f 850/3658 854/3659 853/3660
f 848/3661 849/3662 852/3663
f 849/3664 853/3665 852/3666
f 847/3667 848/3668 851/3669
f 848/3670 852/3671 851/3672
f 853/3673 854/3674 857/3675
f 854/3676 858/3677 857/3678
f 852/3679 853/3680 856/3681
f 853/3682 857/3683 856/3684
f 851/3685 852/3686 855/3687
f 852/3688 856/3689 855/3690
f 857/3691 858/3692 860/3693
f 858/3694 813/3695 860/3696
f 856/3697 857/3698 859/3699
f 857/3700 860/3701 859/3702
f 855/3703 856/3704 807/3705
f 856/3706 859/3707 807/3708
f 872/3709 871/3710 869/3711
f 871/3712 870/3713 869/3714
f 873/3715 874/3716 872/3717
f 874/3718 871/3719 872/3720
f 888/3721 887/3722 865/3723
f 887/3724 866/3725 865/3726
f 861/3727 862/3728 864/3729
f 862/3730 934/3731 864/3732
f 864/3733 863/3734 866/3735
f 863/3736 865/3737 866/3738
f 869/3739 870/3740 868/3741
f 870/3742 867/3743 868/3744
f 874/3745 873/3746 896/3747
f 873/3748 895/3749 896/3750
f 876/3751 875/3752 885/3753
f 875/3754 886/3755 885/3756
f 874/3757 866/3758 871/3759
f 866/3760 887/3761 871/3762
f 868/3763 867/3764 888/3765
f 867/3766 887/3767 888/3768
f 866/3769 874/3770 864/3771
f 874/3772 896/3773 864/3774
f 862/3775 861/3776 878/3777
f 861/3778 877/3779 878/3780
f 878/3781 877/3782 880/3783
f 877/3784 879/3785 880/3786
f 880/3787 879/3788 882/3789
f 879/3790 881/3791 882/3792
f 882/3793 881/3794 884/3795
f 881/3796 883/3797 884/3798
f 884/3799 883/3800 886/3801
f 883/3802 885/3803 886/3804
f 861/3805 885/3806 877/3807
f 885/3808 883/3809 877/3810
f 877/3811 883/3812 879/3813
f 883/3814 881/3815 879/3816
f 867/3817 870/3818 887/3819
f 870/3820 871/3821 887/3822
f 875/3823 876/3824 889/3825
f 876/3826 890/3827 889/3828
f 889/3829 890/3830 891/3831
f 890/3832 892/3833 891/3834
f 891/3835 892/3836 893/3837
f 892/3838 894/3839 893/3840
f 893/3841 894/3842 895/3843
f 894/3844 896/3845 895/3846
f 864/3847 896/3848 892/3849
f 896/3850 894/3851 892/3852
f 864/3853 892/3854 876/3855
f 892/3856 890/3857 876/3858
f 864/3859 876/3860 861/3861
f 876/3862 885/3863 861/3864
f 898/3865 910/3866 897/3867
f 910/3868 909/3869 897/3870
f 905/3871 917/3872 904/3873
f 917/3874 916/3875 904/3876
f 902/3877 914/3878 901/3879
f 914/3880 913/3881 901/3882
f 897/3883 909/3884 908/3885
f 909/3886 920/3887 908/3888
f 899/3889 911/3890 898/3891
f 911/3892 910/3893 898/3894
f 906/3895 918/3896 905/3897
f 918/3898 917/3899 905/3900
f 903/3901 915/3902 902/3903
f 915/3904 914/3905 902/3906
f 900/3907 912/3908 899/3909
f 912/3910 911/3911 899/3912
f 907/3913 919/3914 906/3915
f 919/3916 918/3917 906/3918
f 904/3919 916/3920 903/3921
f 916/3922 915/3923 903/3924
f 901/3925 913/3926 900/3927
f 913/3928 912/3929 900/3930
f 908/3931 920/3932 907/3933
f 920/3934 919/3935 907/3936
f 915/3937 927/3938 914/3939
f 927/3940 926/3941 914/3942
f 912/3943 924/3944 911/3945
f 924/3946 923/3947 911/3948
f 919/3949 931/3950 918/3951
f 931/3952 930/3953 918/3954
f 916/3955 928/3956 915/3957
f 928/3958 927/3959 915/3960
f 913/3961 925/3962 912/3963
f 925/3964 924/3965 912/3966
f 920/3967 932/3968 919/3969
f 932/3970 931/3971 919/3972
f 910/3973 922/3974 909/3975
f 922/3976 921/3977 909/3978
f 917/3979 929/3980 916/3981
f 929/3982 928/3983 916/3984
f 914/3985 926/3986 913/3987
f 926/3988 925/3989 913/3990
f 909/3991 921/3992 920/3993
f 921/3994 932/3995 920/3996
f 911/3997 923/3998 910/3999
f 923/4000 922/4001 910/4002
f 927/4003 933/4004 926/4005
f 924/4006 933/4007 923/4008
f 931/4009 933/4010 930/4011
f 928/4012 933/4013 927/4014
f 925/4015 933/4016 924/4017
f 932/4018 933/4019 931/4020
f 922/4021 933/4022 921/4023
f 929/4024 933/4025 928/4026
f 926/4027 933/4028 925/4029
f 921/4030 933/4031 932/4032
f 923/4033 933/4034 922/4035
f 930/4036 933/4037 929/4038
f 918/4039 930/4040 917/4041
f 930/4042 929/4043 917/4044
o Part.3
v -17.383 46.2 -98.8
v -15.8 37.4 -98.8
v -17.277 45.62 -101.035
v -17.196 45.168 -100.386
v -17.083 44.535 -99.952
v -16.957 43.8 -99.8
v -16.818 43.053 -99.952
v -16.701 42.404 -100.386
v -16.626 41.977 -101.035
v -15.704 42.149 -101.035
v -15.783 42.576 -100.386
v -15.892 43.216 -99.952
v -16.028 43.969 -99.8
v -16.161 44.722 -99.952
v -16.274 45.362 -100.386
v -16.353 45.789 -101.035
v -15.435 41.232 -98.8
v -16.418 46.748 -98.8
v -15.522 41.717 -100.844
v -14.5 35.02 -98.8
v -14.5 36 -98.8
v -15.621 42.25 -100.033
v -15.757 43.049 -99.491
v -15.928 43.99 -99.301
v -16.094 44.931 -99.491
v -16.235 45.73 -100.033
v -16.333 46.264 -100.844
v -15.623 41.696 -100.844
v -15.722 42.229 -100.033
v -15.858 43.028 -99.491
v -16.029 43.969 -99.301
v -16.195 44.91 -99.491
v -16.336 45.709 -100.033
v -16.434 46.243 -100.844
v -15.502 36 -97.84
v -17.418 46.749 -97.84
v -16.438 41.231 -97.84
v -17.602 47.78 -98.8
v -15.502 35.02 -97.84
v -14.802 35.02 -97.84
v -14.5 35.02 -98.14
v -15.8 35.02 -98.8
v -14.687 35.02 -97.863
v -14.589 35.02 -97.928
v -14.523 35.02 -98.025
v -14.5 36 -98.14
v -14.802 36 -97.84
v -14.523 36 -98.025
v -14.589 36 -97.928
v -14.687 36 -97.863
v -16.718 46.749 -97.84
v -16.417 46.748 -98.14
v -16.603 46.749 -97.863
v -16.505 46.749 -97.928
v -16.439 46.749 -98.025
v -15.435 41.231 -98.14
v -15.738 41.231 -97.84
v -15.459 41.231 -98.025
v -15.524 41.231 -97.928
v -15.622 41.231 -97.863
v -16.548 47.485 -98.8
v -16.9 47.78 -98.8
v -16.591 47.598 -98.8
v -16.673 47.693 -98.8
v -16.781 47.758 -98.8
v -17.602 47.78 -98.14
v -17.549 47.48 -97.84
v -17.598 47.757 -98.025
v -17.587 47.692 -97.928
v -17.569 47.595 -97.863
v -17.8 35.15 -98.8
v -18.6 35.15 -98.8
v -17.8 35.15 -99.4
v -18.6 35.15 -99.4
v -17.8 46.2 -98.8
v -18.6 46.2 -98.8
v -17.8 46.2 -99.4
v -18.6 46.2 -99.4
v -19.2 35.15 -98.8
v -21.3 36.2 -101.4
v -20.533 36.2 -101.4
v -21.3 35.15 -100.6
v -19.384 35.15 -99.351
v -19.657 35.15 -99.853
v -20.054 35.15 -100.263
v -19.999 35.15 -98.8
v -20.848 35.15 -99.948
v -20.119 35.15 -99.164
v -20.298 35.15 -99.492
v -20.557 35.15 -99.76
v -21.049 35.15 -100.076
v -21.198 35.15 -100.221
v -21.283 35.15 -100.417
v -20.337 35.15 -100.446
v -20.442 35.15 -100.532
v -20.515 35.165 -100.669
v -20.533 35.199 -100.797
v -19.2 46.2 -98.8
v -21.3 40 -101.4
v -20.532 40 -101.4
v -21.3 46.2 -100.6
v -19.384 46.2 -99.351
v -19.657 46.2 -99.853
v -20.054 46.2 -100.263
v -19.999 46.2 -98.8
v -20.848 46.2 -99.948
v -20.119 46.2 -99.164
v -20.298 46.2 -99.492
v -20.557 46.2 -99.76
v -21.049 46.2 -100.076
v -21.198 46.2 -100.221
v -21.283 46.2 -100.417
v -20.337 46.2 -100.446
v -20.442 46.2 -100.532
v -20.515 46.2 -100.669
v -20.533 46.2 -100.797
v -21.3 40.153 -101.43
v -20.532 40.153 -101.43
v -21.3 40.283 -101.517
v -20.532 40.283 -101.517
v -21.3 40.37 -101.647
v -20.532 40.37 -101.647
v -21.3 35.286 -100.904
v -21.3 35.491 -101.151
v -21.3 35.829 -101.334
v -20.533 35.316 -101
v -20.533 35.521 -101.227
v -20.533 35.858 -101.361
v -16.809 46.989 -97.84
v -16.991 47.226 -97.84
v -17.244 47.388 -97.84
v -16.981 47.78 -98.546
v -17.123 47.78 -98.349
v -17.34 47.78 -98.209
v -16.532 47.388 -98.546
v -16.503 47.226 -98.338
v -16.46 46.989 -98.202
v -16.656 46.989 -97.888
v -16.556 46.989 -97.964
v -16.489 46.989 -98.071
v -17.007 47.757 -98.269
v -16.87 47.692 -98.177
v -16.767 47.595 -98.106
v -16.693 47.485 -98.056
v -16.579 47.388 -98.163
v -16.656 47.388 -98.028
v -16.768 47.388 -97.941
v -16.545 47.226 -98.127
v -16.609 47.226 -97.998
v -16.721 47.226 -97.919
v -16.881 47.757 -98.451
v -16.767 47.692 -98.337
v -16.669 47.595 -98.249
v -16.606 47.485 -98.188
v -17.159 47.757 -98.125
v -17.007 47.692 -98.053
v -16.889 47.595 -97.999
v -16.806 47.485 -97.96
v -16.598 47.598 -98.549
v -16.696 47.693 -98.549
v -16.822 47.758 -98.546
v -16.548 47.485 -98.55
v -16.531 47.388 -98.349
v -16.848 47.757 -98.495
v -16.712 47.693 -98.436
v -16.611 47.596 -98.392
v -16.556 47.485 -98.362
v -17.248 47.481 -97.856
v -17.262 47.595 -97.89
v -17.278 47.692 -97.956
v -17.304 47.757 -98.069
v -17.042 47.483 -97.894
v -17.081 47.595 -97.933
v -17.14 47.692 -97.998
v -17.237 47.757 -98.098
v -17.019 47.388 -97.865
v -20.503 47.78 -100.103
v -21.282 47.78 -99.583
v -19.983 47.78 -100.882
v -19.983 53.6 -100.882
v -20.503 53.6 -100.103
v -21.282 53.6 -99.583
v -27.017 46.2 -98.8
v -28.6 37.4 -98.8
v -27.123 45.62 -101.035
v -27.204 45.168 -100.386
v -27.317 44.535 -99.952
v -27.443 43.8 -99.8
v -27.582 43.053 -99.952
v -27.699 42.404 -100.386
v -27.774 41.977 -101.035
v -22.2 35.02 -98.8
v -22.2 35.02 -97.84
v -22.2 36 -97.84
v -22.2 41.231 -97.84
v -22.2 46.749 -97.84
v -22.2 47.78 -98.8
v -22.2 46.2 -98.8
v -28.696 42.149 -101.035
v -28.617 42.576 -100.386
v -28.508 43.216 -99.952
v -28.372 43.969 -99.8
v -28.239 44.722 -99.952
v -28.126 45.362 -100.386
v -28.047 45.789 -101.035
v -28.965 41.232 -98.8
v -27.982 46.748 -98.8
v -28.878 41.717 -100.844
v -29.9 35.02 -98.8
v -29.9 36 -98.8
v -28.779 42.25 -100.033
v -28.643 43.049 -99.491
v -28.472 43.99 -99.301
v -28.306 44.931 -99.491
v -28.165 45.73 -100.033
v -28.067 46.264 -100.844
v -28.777 41.696 -100.844
v -28.678 42.229 -100.033
v -28.542 43.028 -99.491
v -28.371 43.969 -99.301
v -28.205 44.91 -99.491
v -28.064 45.709 -100.033
v -27.966 46.243 -100.844
v -28.898 36 -97.84
v -26.982 46.749 -97.84
v -27.962 41.231 -97.84
v -26.798 47.78 -98.8
v -28.898 35.02 -97.84
v -22.2 47.78 -98.14
v -22.2 47.48 -97.84
v -22.2 47.757 -98.025
v -22.2 47.692 -97.928
v -22.2 47.595 -97.863
v -29.598 35.02 -97.84
v -29.9 35.02 -98.14
v -28.6 35.02 -98.8
v -29.713 35.02 -97.863
v -29.811 35.02 -97.928
v -29.877 35.02 -98.025
v -29.9 36 -98.14
v -29.598 36 -97.84
v -29.877 36 -98.025
v -29.811 36 -97.928
v -29.713 36 -97.863
v -27.682 46.749 -97.84
v -27.983 46.748 -98.14
v -27.797 46.749 -97.863
v -27.895 46.749 -97.928
v -27.961 46.749 -98.025
v -28.965 41.231 -98.14
v -28.662 41.231 -97.84
v -28.941 41.231 -98.025
v -28.876 41.231 -97.928
v -28.778 41.231 -97.863
v -27.852 47.485 -98.8
v -27.5 47.78 -98.8
v -27.809 47.598 -98.8
v -27.727 47.693 -98.8
v -27.619 47.758 -98.8
v -26.798 47.78 -98.14
v -26.851 47.48 -97.84
v -26.802 47.757 -98.025
v -26.813 47.692 -97.928
v -26.831 47.595 -97.863
v -26.6 35.15 -98.8
v -25.8 35.15 -98.8
v -26.6 35.15 -99.4
v -25.8 35.15 -99.4
v -26.6 46.2 -98.8
v -25.8 46.2 -98.8
v -26.6 46.2 -99.4
v -25.8 46.2 -99.4
v -22.2 37.4 -98.8
v -25.2 35.15 -98.8
v -23.1 36.2 -101.4
v -23.867 36.2 -101.4
v -23.1 35.15 -100.6
v -25.016 35.15 -99.351
v -24.743 35.15 -99.853
v -24.346 35.15 -100.263
v -24.401 35.15 -98.8
v -23.552 35.15 -99.948
v -24.281 35.15 -99.164
v -24.102 35.15 -99.492
v -23.843 35.15 -99.76
v -23.351 35.15 -100.076
v -23.202 35.15 -100.221
v -23.117 35.15 -100.417
v -24.063 35.15 -100.446
v -23.958 35.15 -100.532
v -23.885 35.165 -100.669
v -23.867 35.199 -100.797
v -25.2 46.2 -98.8
v -23.1 40 -101.4
v -23.868 40 -101.4
v -23.1 46.2 -100.6
v -25.016 46.2 -99.351
v -24.743 46.2 -99.853
v -24.346 46.2 -100.263
v -24.401 46.2 -98.8
v -23.552 46.2 -99.948
v -24.281 46.2 -99.164
v -24.102 46.2 -99.492
v -23.843 46.2 -99.76
v -23.351 46.2 -100.076
v -23.202 46.2 -100.221
v -23.117 46.2 -100.417
v -24.063 46.2 -100.446
v -23.958 46.2 -100.532
v -23.885 46.2 -100.669
v -23.867 46.2 -100.797
v -23.1 40.153 -101.43
v -23.868 40.153 -101.43
v -23.1 40.283 -101.517
v -23.868 40.283 -101.517
v -23.1 40.37 -101.647
v -23.868 40.37 -101.647
v -23.1 35.286 -100.904
v -23.1 35.491 -101.151
v -23.1 35.829 -101.334
v -23.867 35.316 -101
v -23.867 35.521 -101.227
v -23.867 35.858 -101.361
v -27.591 46.989 -97.84
v -27.409 47.226 -97.84
v -27.156 47.388 -97.84
v -27.419 47.78 -98.546
v -27.277 47.78 -98.349
v -27.06 47.78 -98.209
v -27.868 47.388 -98.546
v -27.897 47.226 -98.338
v -27.94 46.989 -98.202
v -27.744 46.989 -97.888
v -27.844 46.989 -97.964
v -27.911 46.989 -98.071
v -27.393 47.757 -98.269
v -27.53 47.692 -98.177
v -27.633 47.595 -98.106
v -27.707 47.485 -98.056
v -27.821 47.388 -98.163
v -27.744 47.388 -98.028
v -27.632 47.388 -97.941
v -27.855 47.226 -98.127
v -27.791 47.226 -97.998
v -27.679 47.226 -97.919
v -27.519 47.757 -98.451
v -27.633 47.692 -98.337
v -27.731 47.595 -98.249
v -27.794 47.485 -98.188
v -27.241 47.757 -98.125
v -27.393 47.692 -98.053
v -27.511 47.595 -97.999
v -27.594 47.485 -97.96
v -27.802 47.598 -98.549
v -27.704 47.693 -98.549
v -27.578 47.758 -98.546
v -27.852 47.485 -98.55
v -27.869 47.388 -98.349
v -27.552 47.757 -98.495
v -27.688 47.693 -98.436
v -27.789 47.596 -98.392
v -27.844 47.485 -98.362
v -27.152 47.481 -97.856
v -27.138 47.595 -97.89
v -27.122 47.692 -97.956
v -27.096 47.757 -98.069
v -27.358 47.483 -97.894
v -27.319 47.595 -97.933
v -27.26 47.692 -97.998
v -27.163 47.757 -98.098
v -27.381 47.388 -97.865
v -23.897 47.78 -100.103
v -23.118 47.78 -99.583
v -22.2 47.78 -99.4
v -24.417 47.78 -100.882
v -24.417 53.6 -100.882
v -23.897 53.6 -100.103
v -22.2 53.6 -99.4
v -23.118 53.6 -99.583
v -17.383 46.2 -104.8
v -15.8 37.4 -104.8
v -17.277 45.62 -102.565
v -17.196 45.168 -103.214
v -17.083 44.535 -103.648
v -16.957 43.8 -103.8
v -16.818 43.053 -103.648
v -16.701 42.404 -103.214
v -16.626 41.977 -102.565
v -15.704 42.149 -102.565
v -15.783 42.576 -103.214
v -15.892 43.216 -103.648
v -16.028 43.969 -103.8
v -16.161 44.722 -103.648
v -16.274 45.362 -103.214
v -16.353 45.789 -102.565
v -15.435 41.232 -104.8
v -16.418 46.748 -104.8
v -15.522 41.717 -102.756
v -14.5 35.02 -104.8
v -14.5 36 -104.8
v -15.621 42.25 -103.567
v -15.757 43.049 -104.109
v -15.928 43.99 -104.299
v -16.094 44.931 -104.109
v -16.235 45.73 -103.567
v -16.333 46.264 -102.756
v -15.623 41.696 -102.756
v -15.722 42.229 -103.567
v -15.858 43.028 -104.109
v -16.029 43.969 -104.299
v -16.195 44.91 -104.109
v -16.336 45.709 -103.567
v -16.434 46.243 -102.756
v -15.502 36 -105.76
v -17.418 46.749 -105.76
v -16.438 41.231 -105.76
v -17.602 47.78 -104.8
v -15.502 35.02 -105.76
v -14.802 35.02 -105.76
v -14.5 35.02 -105.46
v -15.8 35.02 -104.8
v -14.687 35.02 -105.737
v -14.589 35.02 -105.672
v -14.523 35.02 -105.575
v -14.5 36 -105.46
v -14.802 36 -105.76
v -14.523 36 -105.575
v -14.589 36 -105.672
v -14.687 36 -105.737
v -16.718 46.749 -105.76
v -16.417 46.748 -105.46
v -16.603 46.749 -105.737
v -16.505 46.749 -105.672
v -16.439 46.749 -105.575
v -15.435 41.231 -105.46
v -15.738 41.231 -105.76
v -15.459 41.231 -105.575
v -15.524 41.231 -105.672
v -15.622 41.231 -105.737
v -16.548 47.485 -104.8
v -16.9 47.78 -104.8
v -16.591 47.598 -104.8
v -16.673 47.693 -104.8
v -16.781 47.758 -104.8
v -17.602 47.78 -105.46
v -17.549 47.48 -105.76
v -17.598 47.757 -105.575
v -17.587 47.692 -105.672
v -17.569 47.595 -105.737
v -17.8 35.15 -104.8
v -18.6 35.15 -104.8
v -17.8 35.15 -104.2
v -18.6 35.15 -104.2
v -17.8 46.2 -104.8
v -18.6 46.2 -104.8
v -17.8 46.2 -104.2
v -18.6 46.2 -104.2
v -19.2 35.15 -104.8
v -21.3 36.2 -102.2
v -20.533 36.2 -102.2
v -21.3 35.15 -103
v -19.384 35.15 -104.249
v -19.657 35.15 -103.747
v -20.054 35.15 -103.337
v -19.999 35.15 -104.8
v -20.848 35.15 -103.652
v -20.119 35.15 -104.436
v -20.298 35.15 -104.108
v -20.557 35.15 -103.84
v -21.049 35.15 -103.524
v -21.198 35.15 -103.379
v -21.283 35.15 -103.183
v -20.337 35.15 -103.154
v -20.442 35.15 -103.068
v -20.515 35.165 -102.931
v -20.533 35.199 -102.803
v -19.2 46.2 -104.8
v -21.3 40 -102.2
v -20.532 40 -102.2
v -21.3 46.2 -103
v -19.384 46.2 -104.249
v -19.657 46.2 -103.747
v -20.054 46.2 -103.337
v -19.999 46.2 -104.8
v -20.848 46.2 -103.652
v -20.119 46.2 -104.436
v -20.298 46.2 -104.108
v -20.557 46.2 -103.84
v -21.049 46.2 -103.524
v -21.198 46.2 -103.379
v -21.283 46.2 -103.183
v -20.337 46.2 -103.154
v -20.442 46.2 -103.068
v -20.515 46.2 -102.931
v -20.533 46.2 -102.803
v -21.3 40.153 -102.17
v -20.532 40.153 -102.17
v -21.3 40.283 -102.083
v -20.532 40.283 -102.083
v -21.3 40.37 -101.953
v -20.532 40.37 -101.953
v -21.3 35.286 -102.696
v -21.3 35.491 -102.449
v -21.3 35.829 -102.266
v -20.533 35.316 -102.6
v -20.533 35.521 -102.373
v -20.533 35.858 -102.239
v -16.809 46.989 -105.76
v -16.991 47.226 -105.76
v -17.244 47.388 -105.76
v -16.981 47.78 -105.054
v -17.123 47.78 -105.251
v -17.34 47.78 -105.391
v -16.532 47.388 -105.054
v -16.503 47.226 -105.262
v -16.46 46.989 -105.398
v -16.656 46.989 -105.712
v -16.556 46.989 -105.636
v -16.489 46.989 -105.529
v -17.007 47.757 -105.331
v -16.87 47.692 -105.423
v -16.767 47.595 -105.494
v -16.693 47.485 -105.544
v -16.579 47.388 -105.437
v -16.656 47.388 -105.572
v -16.768 47.388 -105.659
v -16.545 47.226 -105.473
v -16.609 47.226 -105.602
v -16.721 47.226 -105.681
v -16.881 47.757 -105.149
v -16.767 47.692 -105.263
v -16.669 47.595 -105.351
v -16.606 47.485 -105.412
v -17.159 47.757 -105.475
v -17.007 47.692 -105.547
v -16.889 47.595 -105.601
v -16.806 47.485 -105.64
v -16.598 47.598 -105.051
v -16.696 47.693 -105.051
v -16.822 47.758 -105.054
v -16.548 47.485 -105.05
v -16.531 47.388 -105.251
v -16.848 47.757 -105.105
v -16.712 47.693 -105.164
v -16.611 47.596 -105.208
v -16.556 47.485 -105.238
v -17.248 47.481 -105.744
v -17.262 47.595 -105.71
v -17.278 47.692 -105.644
v -17.304 47.757 -105.531
v -17.042 47.483 -105.706
v -17.081 47.595 -105.667
v -17.14 47.692 -105.602
v -17.237 47.757 -105.502
v -17.019 47.388 -105.735
v -15.485 41.529 -101.8
v -17.304 45.77 -101.8
v -16.606 41.833 -101.8
v -15.674 41.999 -101.8
v -16.379 45.939 -101.8
v -14.5 35.02 -101.8
v -14.5 36 -101.8
v -15.8 37.4 -101.8
v -15.8 35.02 -101.8
v -15.435 41.232 -101.8
v -16.418 46.748 -101.8
v -17.383 46.2 -101.8
v -16.366 46.451 -101.8
v -15.586 41.508 -101.8
v -16.467 46.43 -101.8
v -17.602 47.78 -101.8
v -16.548 47.485 -101.8
v -16.9 47.78 -101.8
v -16.591 47.598 -101.8
v -16.673 47.693 -101.8
v -16.781 47.758 -101.8
v -21.3 40.4 -101.8
v -20.532 40.4 -101.8
v -21.3 46.2 -101.8
v -20.532 46.2 -101.8
v -20.503 47.78 -103.497
v -21.282 47.78 -104.017
v -19.983 47.78 -102.718
v -19.983 53.6 -102.718
v -20.503 53.6 -103.497
v -21.282 53.6 -104.017
v -19.8 47.78 -101.8
v -19.8 53.6 -101.8
v -27.017 46.2 -104.8
v -28.6 37.4 -104.8
v -27.123 45.62 -102.565
v -27.204 45.168 -103.214
v -27.317 44.535 -103.648
v -27.443 43.8 -103.8
v -27.582 43.053 -103.648
v -27.699 42.404 -103.214
v -27.774 41.977 -102.565
v -22.2 35.02 -104.8
v -22.2 35.02 -105.76
v -22.2 36 -105.76
v -22.2 41.231 -105.76
v -22.2 46.749 -105.76
v -22.2 47.78 -104.8
v -22.2 46.2 -104.8
v -28.696 42.149 -102.565
v -28.617 42.576 -103.214
v -28.508 43.216 -103.648
v -28.372 43.969 -103.8
v -28.239 44.722 -103.648
v -28.126 45.362 -103.214
v -28.047 45.789 -102.565
v -28.965 41.232 -104.8
v -27.982 46.748 -104.8
v -28.878 41.717 -102.756
v -29.9 35.02 -104.8
v -29.9 36 -104.8
v -28.779 42.25 -103.567
v -28.643 43.049 -104.109
v -28.472 43.99 -104.299
v -28.306 44.931 -104.109
v -28.165 45.73 -103.567
v -28.067 46.264 -102.756
v -28.777 41.696 -102.756
v -28.678 42.229 -103.567
v -28.542 43.028 -104.109
v -28.371 43.969 -104.299
v -28.205 44.91 -104.109
v -28.064 45.709 -103.567
v -27.966 46.243 -102.756
v -28.898 36 -105.76
v -26.982 46.749 -105.76
v -27.962 41.231 -105.76
v -26.798 47.78 -104.8
v -28.898 35.02 -105.76
v -22.2 47.78 -105.46
v -22.2 47.48 -105.76
v -22.2 47.757 -105.575
v -22.2 47.692 -105.672
v -22.2 47.595 -105.737
v -29.598 35.02 -105.76
v -29.9 35.02 -105.46
v -28.6 35.02 -104.8
v -29.713 35.02 -105.737
v -29.811 35.02 -105.672
v -29.877 35.02 -105.575
v -29.9 36 -105.46
v -29.598 36 -105.76
v -29.877 36 -105.575
v -29.811 36 -105.672
v -29.713 36 -105.737
v -27.682 46.749 -105.76
v -27.983 46.748 -105.46
v -27.797 46.749 -105.737
v -27.895 46.749 -105.672
v -27.961 46.749 -105.575
v -28.965 41.231 -105.46
v -28.662 41.231 -105.76
v -28.941 41.231 -105.575
v -28.876 41.231 -105.672
v -28.778 41.231 -105.737
v -27.852 47.485 -104.8
v -27.5 47.78 -104.8
v -27.809 47.598 -104.8
v -27.727 47.693 -104.8
v -27.619 47.758 -104.8
v -26.798 47.78 -105.46
v -26.851 47.48 -105.76
v -26.802 47.757 -105.575
v -26.813 47.692 -105.672
v -26.831 47.595 -105.737
v -26.6 35.15 -104.8
v -25.8 35.15 -104.8
v -26.6 35.15 -104.2
v -25.8 35.15 -104.2
v -26.6 46.2 -104.8
v -25.8 46.2 -104.8
v -26.6 46.2 -104.2
v -25.8 46.2 -104.2
v -22.2 37.4 -104.8
v -25.2 35.15 -104.8
v -23.1 36.2 -102.2
v -23.867 36.2 -102.2
v -23.1 35.15 -103
v -25.016 35.15 -104.249
v -24.743 35.15 -103.747
v -24.346 35.15 -103.337
v -24.401 35.15 -104.8
v -23.552 35.15 -103.652
v -24.281 35.15 -104.436
v -24.102 35.15 -104.108
v -23.843 35.15 -103.84
v -23.351 35.15 -103.524
v -23.202 35.15 -103.379
v -23.117 35.15 -103.183
v -24.063 35.15 -103.154
v -23.958 35.15 -103.068
v -23.885 35.165 -102.931
v -23.867 35.199 -102.803
v -25.2 46.2 -104.8
v -23.1 40 -102.2
v -23.868 40 -102.2
v -23.1 46.2 -103
v -25.016 46.2 -104.249
v -24.743 46.2 -103.747
v -24.346 46.2 -103.337
v -24.401 46.2 -104.8
v -23.552 46.2 -103.652
v -24.281 46.2 -104.436
v -24.102 46.2 -104.108
v -23.843 46.2 -103.84
v -23.351 46.2 -103.524
v -23.202 46.2 -103.379
v -23.117 46.2 -103.183
v -24.063 46.2 -103.154
v -23.958 46.2 -103.068
v -23.885 46.2 -102.931
v -23.867 46.2 -102.803
v -23.1 40.153 -102.17
v -23.868 40.153 -102.17
v -23.1 40.283 -102.083
v -23.868 40.283 -102.083
v -23.1 40.37 -101.953
v -23.868 40.37 -101.953
v -23.1 35.286 -102.696
v -23.1 35.491 -102.449
v -23.1 35.829 -102.266
v -23.867 35.316 -102.6
v -23.867 35.521 -102.373
v -23.867 35.858 -102.239
v -27.591 46.989 -105.76
v -27.409 47.226 -105.76
v -27.156 47.388 -105.76
v -27.419 47.78 -105.054
v -27.277 47.78 -105.251
v -27.06 47.78 -105.391
v -27.868 47.388 -105.054
v -27.897 47.226 -105.262
v -27.94 46.989 -105.398
v -27.744 46.989 -105.712
v -27.844 46.989 -105.636
v -27.911 46.989 -105.529
v -27.393 47.757 -105.331
v -27.53 47.692 -105.423
v -27.633 47.595 -105.494
v -27.707 47.485 -105.544
v -27.821 47.388 -105.437
v -27.744 47.388 -105.572
v -27.632 47.388 -105.659
v -27.855 47.226 -105.473
v -27.791 47.226 -105.602
v -27.679 47.226 -105.681
v -27.519 47.757 -105.149
v -27.633 47.692 -105.263
v -27.731 47.595 -105.351
v -27.794 47.485 -105.412
v -27.241 47.757 -105.475
v -27.393 47.692 -105.547
v -27.511 47.595 -105.601
v -27.594 47.485 -105.64
v -27.802 47.598 -105.051
v -27.704 47.693 -105.051
v -27.578 47.758 -105.054
v -27.852 47.485 -105.05
v -27.869 47.388 -105.251
v -27.552 47.757 -105.105
v -27.688 47.693 -105.164
v -27.789 47.596 -105.208
v -27.844 47.485 -105.238
v -27.152 47.481 -105.744
v -27.138 47.595 -105.71
v -27.122 47.692 -105.644
v -27.096 47.757 -105.531
v -27.358 47.483 -105.706
v -27.319 47.595 -105.667
v -27.26 47.692 -105.602
v -27.163 47.757 -105.502
v -27.381 47.388 -105.735
v -28.915 41.529 -101.8
v -27.096 45.77 -101.8
v -27.794 41.833 -101.8
v -28.726 41.999 -101.8
v -28.021 45.939 -101.8
v -29.9 35.02 -101.8
v -29.9 36 -101.8
v -28.6 37.4 -101.8
v -28.6 35.02 -101.8
v -28.965 41.232 -101.8
v -27.982 46.748 -101.8
v -27.017 46.2 -101.8
v -22.2 46.2 -101.8
v -28.034 46.451 -101.8
v -28.814 41.508 -101.8
v -27.933 46.43 -101.8
v -26.798 47.78 -101.8
v -27.852 47.485 -101.8
v -27.5 47.78 -101.8
v -27.809 47.598 -101.8
v -27.727 47.693 -101.8
v -27.619 47.758 -101.8
v -23.1 40.4 -101.8
v -23.868 40.4 -101.8
v -23.1 46.2 -101.8
v -23.868 46.2 -101.8
v -23.897 47.78 -103.497
v -23.118 47.78 -104.017
v -22.2 47.78 -104.2
v -24.417 47.78 -102.718
v -24.417 53.6 -102.718
v -23.897 53.6 -103.497
v -22.2 53.6 -104.2
v -23.118 53.6 -104.017
v -24.6 47.78 -101.8
v -24.6 53.6 -101.8
v -22.2 53.6 -101.8
v -22.2 47.78 -101.8
v -17.304 45.77 -101.8
v -17.277 45.62 -101.035
v -17.196 45.168 -100.386
v -17.083 44.535 -99.952
v -16.957 43.8 -99.8
v -16.818 43.053 -99.952
v -16.701 42.404 -100.386
v -16.626 41.977 -101.035
v -16.606 41.833 -101.8
v -15.674 41.999 -101.8
v -15.704 42.149 -101.035
v -15.783 42.576 -100.386
v -15.892 43.216 -99.952
v -16.028 43.969 -99.8
v -16.161 44.722 -99.952
v -16.274 45.362 -100.386
v -16.353 45.789 -101.035
v -16.379 45.939 -101.8
v -16.333 46.264 -100.844
v -16.366 46.451 -101.8
v -16.235 45.73 -100.033
v -16.094 44.931 -99.491
v -15.928 43.99 -99.301
v -15.757 43.049 -99.491
v -15.621 42.25 -100.033
v -14.5 35.02 -98.8
v -14.5 35.02 -101.8
v -14.5 36 -98.8
v -14.5 36 -101.8
v -15.522 41.717 -100.844
v -17.383 46.2 -98.8
v -17.383 46.2 -98.8
v -17.383 46.2 -101.8
v -15.485 41.529 -101.8
v -15.8 37.4 -98.8
v -15.8 37.4 -98.8
v -15.8 37.4 -101.8
v -22.2 46.2 -98.8
v -16.434 46.243 -100.844
v -16.467 46.43 -101.8
v -16.336 45.709 -100.033
v -16.195 44.91 -99.491
v -16.029 43.969 -99.301
v -15.858 43.028 -99.491
v -15.722 42.229 -100.033
v -15.623 41.696 -100.844
v -15.586 41.508 -101.8
v -22.2 35.02 -97.84
v -15.502 35.02 -97.84
v -14.802 35.02 -97.84
v -14.802 35.02 -97.84
v -14.687 35.02 -97.863
v -14.589 35.02 -97.928
v -14.523 35.02 -98.025
v -14.5 35.02 -98.14
v -14.5 35.02 -98.14
v -14.802 36 -97.84
v -14.523 36 -98.025
v -14.5 36 -98.14
v -14.5 36 -98.14
v -14.5 36 -98.14
v -15.738 41.231 -97.84
v -15.435 41.231 -98.14
v -16.417 46.748 -98.14
v -16.718 46.749 -97.84
v -16.9 47.78 -98.8
v -16.9 47.78 -101.8
v -16.548 47.485 -101.8
v -16.548 47.485 -98.8
v -17.549 47.48 -97.84
v -22.2 47.48 -97.84
v -22.2 47.78 -98.14
v -17.602 47.78 -98.14
v -17.8 35.15 -99.4
v -17.8 35.15 -99.4
v -17.8 35.15 -98.8
v -18.6 35.15 -98.8
v -18.6 35.15 -99.4
v -18.6 35.15 -99.4
v -17.8 46.2 -99.4
v -18.6 46.2 -99.4
v -20.533 35.858 -101.361
v -20.533 36.2 -101.4
v -19.2 35.15 -98.8
v -19.384 35.15 -99.351
v -19.657 35.15 -99.853
v -20.054 35.15 -100.263
v -19.999 35.15 -98.8
v -20.119 35.15 -99.164
v -20.298 35.15 -99.492
v -20.557 35.15 -99.76
v -20.848 35.15 -99.948
v -21.049 35.15 -100.076
v -21.198 35.15 -100.221
v -21.283 35.15 -100.417
v -21.3 35.15 -100.6
v -20.337 35.15 -100.446
v -20.442 35.15 -100.532
v -20.515 35.165 -100.669
v -20.533 35.199 -100.797
v -20.533 35.521 -101.227
v -21.3 40 -101.4
v -21.3 36.2 -101.4
v -20.533 35.316 -101
v -21.3 40.153 -101.43
v -20.532 40 -101.4
v -20.532 40.153 -101.43
v -21.3 40.283 -101.517
v -20.532 40.283 -101.517
v -21.3 40.37 -101.647
v -20.532 40.37 -101.647
v -21.3 40.4 -101.8
v -20.532 40.4 -101.8
v -21.3 35.286 -100.904
v -21.3 35.491 -101.151
v -21.3 35.829 -101.334
v -16.809 46.989 -97.84
v -16.991 47.226 -97.84
v -17.244 47.388 -97.84
v -17.123 47.78 -98.349
v -17.34 47.78 -98.209
v -16.981 47.78 -98.546
v -16.503 47.226 -98.338
v -16.46 46.989 -98.202
v -16.532 47.388 -98.546
v -15.8 35.02 -101.8
v -15.8 35.02 -98.8
v -15.8 35.02 -98.8
v -22.2 35.02 -98.8
v -19.8 53.6 -101.8
v -19.983 53.6 -100.882
v -20.503 53.6 -100.103
v -22.2 53.6 -99.4
v -21.282 53.6 -99.583
v -27.096 45.77 -101.8
v -27.123 45.62 -101.035
v -27.204 45.168 -100.386
v -27.317 44.535 -99.952
v -27.443 43.8 -99.8
v -27.582 43.053 -99.952
v -27.699 42.404 -100.386
v -27.774 41.977 -101.035
v -27.794 41.833 -101.8
v -28.726 41.999 -101.8
v -28.696 42.149 -101.035
v -28.617 42.576 -100.386
v -28.508 43.216 -99.952
v -28.372 43.969 -99.8
v -28.239 44.722 -99.952
v -28.126 45.362 -100.386
v -28.047 45.789 -101.035
v -28.021 45.939 -101.8
v -28.067 46.264 -100.844
v -28.034 46.451 -101.8
v -28.165 45.73 -100.033
v -28.306 44.931 -99.491
v -28.472 43.99 -99.301
v -28.643 43.049 -99.491
v -28.779 42.25 -100.033
v -29.9 35.02 -98.8
v -29.9 35.02 -101.8
v -29.9 36 -98.8
v -29.9 36 -101.8
v -28.878 41.717 -100.844
v -27.017 46.2 -98.8
v -27.017 46.2 -98.8
v -27.017 46.2 -101.8
v -28.915 41.529 -101.8
v -28.6 37.4 -98.8
v -28.6 37.4 -98.8
v -28.6 37.4 -101.8
v -27.966 46.243 -100.844
v -27.933 46.43 -101.8
v -28.064 45.709 -100.033
v -28.205 44.91 -99.491
v -28.371 43.969 -99.301
v -28.542 43.028 -99.491
v -28.678 42.229 -100.033
v -28.777 41.696 -100.844
v -28.814 41.508 -101.8
v -28.898 35.02 -97.84
v -29.598 35.02 -97.84
v -29.598 35.02 -97.84
v -29.713 35.02 -97.863
v -29.811 35.02 -97.928
v -29.877 35.02 -98.025
v -29.9 35.02 -98.14
v -29.9 35.02 -98.14
v -29.598 36 -97.84
v -29.877 36 -98.025
v -29.9 36 -98.14
v -29.9 36 -98.14
v -29.9 36 -98.14
v -28.662 41.231 -97.84
v -28.965 41.231 -98.14
v -27.983 46.748 -98.14
v -27.682 46.749 -97.84
v -27.5 47.78 -98.8
v -27.5 47.78 -101.8
v -27.852 47.485 -101.8
v -27.852 47.485 -98.8
v -26.851 47.48 -97.84
v -26.798 47.78 -98.14
v -26.6 35.15 -99.4
v -26.6 35.15 -99.4
v -26.6 35.15 -98.8
v -25.8 35.15 -98.8
v -25.8 35.15 -99.4
v -25.8 35.15 -99.4
v -26.6 46.2 -99.4
v -25.8 46.2 -99.4
v -23.867 35.858 -101.361
v -23.867 36.2 -101.4
v -25.2 35.15 -98.8
v -25.016 35.15 -99.351
v -24.743 35.15 -99.853
v -24.346 35.15 -100.263
v -24.401 35.15 -98.8
v -24.281 35.15 -99.164
v -24.102 35.15 -99.492
v -23.843 35.15 -99.76
v -23.552 35.15 -99.948
v -23.351 35.15 -100.076
v -23.202 35.15 -100.221
v -23.117 35.15 -100.417
v -23.1 35.15 -100.6
v -24.063 35.15 -100.446
v -23.958 35.15 -100.532
v -23.885 35.165 -100.669
v -23.867 35.199 -100.797
v -23.867 35.521 -101.227
v -23.1 40 -101.4
v -23.1 36.2 -101.4
v -23.867 35.316 -101
v -23.1 40.153 -101.43
v -23.868 40 -101.4
v -23.868 40.153 -101.43
v -23.1 40.283 -101.517
v -23.868 40.283 -101.517
v -23.1 40.37 -101.647
v -23.868 40.37 -101.647
v -23.1 40.4 -101.8
v -23.868 40.4 -101.8
v -23.1 35.286 -100.904
v -23.1 35.491 -101.151
v -23.1 35.829 -101.334
v -27.591 46.989 -97.84
v -27.409 47.226 -97.84
v -27.156 47.388 -97.84
v -27.277 47.78 -98.349
v -27.06 47.78 -98.209
v -27.419 47.78 -98.546
v -27.897 47.226 -98.338
v -27.94 46.989 -98.202
v -27.868 47.388 -98.546
v -28.6 35.02 -101.8
v -28.6 35.02 -98.8
v -28.6 35.02 -98.8
v -24.6 53.6 -101.8
v -24.417 53.6 -100.882
v -23.897 53.6 -100.103
v -23.118 53.6 -99.583
v -17.277 45.62 -102.565
v -17.196 45.168 -103.214
v -17.083 44.535 -103.648
v -16.957 43.8 -103.8
v -16.818 43.053 -103.648
v -16.701 42.404 -103.214
v -16.626 41.977 -102.565
v -15.704 42.149 -102.565
v -15.783 42.576 -103.214
v -15.892 43.216 -103.648
v -16.028 43.969 -103.8
v -16.161 44.722 -103.648
v -16.274 45.362 -103.214
v -16.353 45.789 -102.565
v -16.333 46.264 -102.756
v -16.235 45.73 -103.567
v -16.094 44.931 -104.109
v -15.928 43.99 -104.299
v -15.757 43.049 -104.109
v -15.621 42.25 -103.567
v -14.5 35.02 -104.8
v -14.5 36 -104.8
v -15.522 41.717 -102.756
v -17.383 46.2 -104.8
v -17.383 46.2 -104.8
v -15.8 37.4 -104.8
v -15.8 37.4 -104.8
v -22.2 46.2 -104.8
v -16.434 46.243 -102.756
v -16.336 45.709 -103.567
v -16.195 44.91 -104.109
v -16.029 43.969 -104.299
v -15.858 43.028 -104.109
v -15.722 42.229 -103.567
v -15.623 41.696 -102.756
v -22.2 35.02 -105.76
v -15.502 35.02 -105.76
v -14.802 35.02 -105.76
v -14.802 35.02 -105.76
v -14.687 35.02 -105.737
v -14.589 35.02 -105.672
v -14.523 35.02 -105.575
v -14.5 35.02 -105.46
v -14.5 35.02 -105.46
v -14.802 36 -105.76
v -14.523 36 -105.575
v -14.5 36 -105.46
v -14.5 36 -105.46
v -14.5 36 -105.46
v -15.738 41.231 -105.76
v -15.435 41.231 -105.46
v -16.417 46.748 -105.46
v -16.718 46.749 -105.76
v -16.9 47.78 -104.8
v -16.548 47.485 -104.8
v -17.549 47.48 -105.76
v -22.2 47.48 -105.76
v -22.2 47.78 -105.46
v -17.602 47.78 -105.46
v -17.8 35.15 -104.2
v -17.8 35.15 -104.2
v -17.8 35.15 -104.8
v -18.6 35.15 -104.8
v -18.6 35.15 -104.2
v -18.6 35.15 -104.2
v -17.8 46.2 -104.2
v -18.6 46.2 -104.2
v -20.533 35.858 -102.239
v -20.533 36.2 -102.2
v -19.2 35.15 -104.8
v -19.384 35.15 -104.249
v -19.657 35.15 -103.747
v -20.054 35.15 -103.337
v -19.999 35.15 -104.8
v -20.119 35.15 -104.436
v -20.298 35.15 -104.108
v -20.557 35.15 -103.84
v -20.848 35.15 -103.652
v -21.049 35.15 -103.524
v -21.198 35.15 -103.379
v -21.283 35.15 -103.183
v -21.3 35.15 -103
v -20.337 35.15 -103.154
v -20.442 35.15 -103.068
v -20.515 35.165 -102.931
v -20.533 35.199 -102.803
v -20.533 35.521 -102.373
v -21.3 40 -102.2
v -21.3 36.2 -102.2
v -20.533 35.316 -102.6
v -21.3 40.153 -102.17
v -20.532 40 -102.2
v -20.532 40.153 -102.17
v -21.3 40.283 -102.083
v -20.532 40.283 -102.083
v -21.3 40.37 -101.953
v -20.532 40.37 -101.953
v -21.3 35.286 -102.696
v -21.3 35.491 -102.449
v -21.3 35.829 -102.266
v -16.809 46.989 -105.76
v -16.991 47.226 -105.76
v -17.244 47.388 -105.76
v -17.123 47.78 -105.251
v -17.34 47.78 -105.391
v -16.981 47.78 -105.054
v -16.503 47.226 -105.262
v -16.46 46.989 -105.398
v -16.532 47.388 -105.054
v -15.8 35.02 -104.8
v -15.8 35.02 -104.8
v -22.2 35.02 -104.8
v -19.983 53.6 -102.718
v -20.503 53.6 -103.497
v -22.2 53.6 -104.2
v -21.282 53.6 -104.017
v -27.123 45.62 -102.565
v -27.204 45.168 -103.214
v -27.317 44.535 -103.648
v -27.443 43.8 -103.8
v -27.582 43.053 -103.648
v -27.699 42.404 -103.214
v -27.774 41.977 -102.565
v -28.696 42.149 -102.565
v -28.617 42.576 -103.214
v -28.508 43.216 -103.648
v -28.372 43.969 -103.8
v -28.239 44.722 -103.648
v -28.126 45.362 -103.214
v -28.047 45.789 -102.565
v -28.067 46.264 -102.756
v -28.165 45.73 -103.567
v -28.306 44.931 -104.109
v -28.472 43.99 -104.299
v -28.643 43.049 -104.109
v -28.779 42.25 -103.567
v -29.9 35.02 -104.8
v -29.9 36 -104.8
v -28.878 41.717 -102.756
v -27.017 46.2 -104.8
v -27.017 46.2 -104.8
v -28.6 37.4 -104.8
v -28.6 37.4 -104.8
v -27.966 46.243 -102.756
v -28.064 45.709 -103.567
v -28.205 44.91 -104.109
v -28.371 43.969 -104.299
v -28.542 43.028 -104.109
v -28.678 42.229 -103.567
v -28.777 41.696 -102.756
v -28.898 35.02 -105.76
v -29.598 35.02 -105.76
v -29.598 35.02 -105.76
v -29.713 35.02 -105.737
v -29.811 35.02 -105.672
v -29.877 35.02 -105.575
v -29.9 35.02 -105.46
v -29.9 35.02 -105.46
v -29.598 36 -105.76
v -29.877 36 -105.575
v -29.9 36 -105.46
v -29.9 36 -105.46
v -29.9 36 -105.46
v -28.662 41.231 -105.76
v -28.965 41.231 -105.46
v -27.983 46.748 -105.46
v -27.682 46.749 -105.76
v -27.5 47.78 -104.8
v -27.852 47.485 -104.8
v -26.851 47.48 -105.76
v -26.798 47.78 -105.46
v -26.6 35.15 -104.2
v -26.6 35.15 -104.2
v -26.6 35.15 -104.8
v -25.8 35.15 -104.8
v -25.8 35.15 -104.2
v -25.8 35.15 -104.2
v -26.6 46.2 -104.2
v -25.8 46.2 -104.2
v -23.867 35.858 -102.239
v -23.867 36.2 -102.2
v -25.2 35.15 -104.8
v -25.016 35.15 -104.249
v -24.743 35.15 -103.747
v -24.346 35.15 -103.337
v -24.401 35.15 -104.8
v -24.281 35.15 -104.436
v -24.102 35.15 -104.108
v -23.843 35.15 -103.84
v -23.552 35.15 -103.652
v -23.351 35.15 -103.524
v -23.202 35.15 -103.379
v -23.117 35.15 -103.183
v -23.1 35.15 -103
v -24.063 35.15 -103.154
v -23.958 35.15 -103.068
v -23.885 35.165 -102.931
v -23.867 35.199 -102.803
v -23.867 35.521 -102.373
v -23.1 40 -102.2
v -23.1 36.2 -102.2
v -23.867 35.316 -102.6
v -23.1 40.153 -102.17
v -23.868 40 -102.2
v -23.868 40.153 -102.17
v -23.1 40.283 -102.083
v -23.868 40.283 -102.083
v -23.1 40.37 -101.953
v -23.868 40.37 -101.953
v -23.1 35.286 -102.696
v -23.1 35.491 -102.449
v -23.1 35.829 -102.266
v -27.591 46.989 -105.76
v -27.409 47.226 -105.76
v -27.156 47.388 -105.76
v -27.277 47.78 -105.251
v -27.06 47.78 -105.391
v -27.419 47.78 -105.054
v -27.897 47.226 -105.262
v -27.94 46.989 -105.398
v -27.868 47.388 -105.054
v -28.6 35.02 -104.8
v -28.6 35.02 -104.8
v -24.417 53.6 -102.718
v -23.897 53.6 -103.497
v -23.118 53.6 -104.017
v -21.406 53.6 -101.005
v -21.356 53.72 -100.942
v -23.011 53.6 -101.374
v -23.06 53.72 -101.335
v -23.161 53.6 -101.315
v -23.111 53.72 -101.315
v -21.255 53.6 -100.911
v -21.305 53.72 -100.911
v -23.157 53.6 -101.29
v -23.11 53.72 -101.306
v -23.145 53.6 -101.268
v -23.106 53.72 -101.299
v -23.126 53.6 -101.251
v -23.099 53.72 -101.293
v -23.103 53.6 -101.241
v -23.092 53.72 -101.29
v -21.263 53.6 -100.878
v -21.308 53.72 -100.899
v -21.284 53.6 -100.852
v -21.315 53.72 -100.891
v -21.314 53.6 -100.837
v -21.325 53.72 -100.886
v -21.348 53.6 -100.837
v -21.336 53.72 -100.886
v -22.878 53.72 -102.978
v -22.889 53.6 -102.93
v -21.685 53.6 -102.653
v -21.527 53.6 -103.335
v -21.539 53.72 -103.286
v -22.866 53.72 -103.027
v -21.55 53.72 -103.237
v -22.855 53.6 -103.076
v -21.652 53.6 -102.799
v -21.561 53.6 -103.189
v -22.765 53.6 -103.466
v -23.015 53.72 -103.051
v -23.049 53.6 -103.015
v -22.98 53.72 -103.088
v -22.947 53.6 -103.125
v -23.097 53.72 -103.183
v -23.145 53.6 -103.169
v -23.049 53.72 -103.198
v -23.001 53.6 -103.212
v -23.103 53.72 -103.339
v -23.151 53.6 -103.35
v -23.053 53.72 -103.327
v -23.005 53.6 -103.316
v -23.03 53.72 -103.476
v -23.066 53.6 -103.51
v -22.993 53.72 -103.441
v -22.956 53.6 -103.407
v -22.898 53.72 -103.558
v -22.912 53.6 -103.606
v -22.883 53.72 -103.51
v -22.868 53.6 -103.462
v -22.742 53.72 -103.563
v -22.731 53.6 -103.612
v -22.754 53.72 -103.514
v -21.368 53.6 -103.25
v -21.401 53.72 -103.213
v -21.436 53.72 -103.176
v -21.47 53.6 -103.14
v -21.272 53.6 -103.096
v -21.319 53.72 -103.081
v -21.368 53.72 -103.067
v -21.415 53.6 -103.052
v -21.265 53.6 -102.915
v -21.314 53.72 -102.926
v -21.363 53.72 -102.937
v -21.412 53.6 -102.949
v -21.351 53.6 -102.755
v -21.387 53.72 -102.789
v -21.424 53.72 -102.823
v -21.46 53.6 -102.857
v -21.504 53.6 -102.659
v -21.519 53.72 -102.706
v -21.534 53.72 -102.755
v -21.548 53.6 -102.802
v -21.674 53.72 -102.701
v -21.663 53.72 -102.75
v -22.792 53.6 -102.598
v -22.787 53.72 -102.647
v -22.778 53.6 -102.747
v -22.783 53.72 -102.697
v -21.537 53.719 -102.414
v -21.548 53.719 -102.365
v -22.736 53.6 -102.729
v -22.768 53.72 -102.691
v -22.712 53.6 -102.689
v -22.76 53.72 -102.678
v -22.716 53.6 -102.643
v -22.762 53.72 -102.662
v -22.747 53.6 -102.608
v -22.772 53.72 -102.651
v -23.097 53.722 -102.312
v -23.145 53.602 -102.296
v -23.048 53.721 -102.326
v -23.001 53.601 -102.34
v -23.102 53.722 -102.467
v -23.151 53.602 -102.477
v -23.052 53.721 -102.456
v -23.005 53.601 -102.444
v -23.028 53.721 -102.604
v -23.066 53.601 -102.637
v -22.991 53.721 -102.57
v -22.956 53.601 -102.535
v -22.896 53.72 -102.686
v -22.912 53.6 -102.733
v -22.881 53.72 -102.638
v -22.868 53.6 -102.59
v -21.366 53.718 -102.194
v -21.415 53.598 -102.18
v -21.272 53.597 -102.224
v -21.318 53.718 -102.208
v -21.434 53.718 -102.304
v -21.47 53.599 -102.268
v -21.368 53.598 -102.377
v -21.4 53.718 -102.341
v -21.561 53.599 -102.316
v -21.527 53.599 -102.462
v -21.356 53.72 -100.61
v -21.406 53.6 -100.61
v -21.406 53.6 -100.14
v -21.356 53.72 -100.077
v -23.069 53.6 -100.522
v -23.08 53.72 -100.474
v -23.108 53.72 -100.462
v -23.15 53.6 -100.488
v -23.161 53.6 -100.443
v -23.111 53.72 -100.447
v -23.105 53.72 -100.433
v -23.142 53.6 -100.4
v -23.103 53.6 -100.376
v -23.092 53.72 -100.425
v -21.255 53.6 -100.045
v -21.305 53.72 -100.045
v -21.351 53.72 -100.625
v -21.391 53.6 -100.654
v -21.338 53.72 -100.634
v -21.354 53.6 -100.681
v -21.323 53.72 -100.634
v -21.307 53.6 -100.681
v -21.31 53.72 -100.625
v -21.27 53.6 -100.654
v -21.305 53.72 -100.61
v -21.255 53.6 -100.61
v -23.096 53.72 -100.473
v -23.115 53.6 -100.518
v -21.263 53.6 -100.013
v -21.308 53.72 -100.034
v -21.284 53.6 -99.986
v -21.315 53.72 -100.025
v -21.314 53.6 -99.972
v -21.325 53.72 -100.021
v -21.348 53.6 -99.972
v -21.336 53.72 -100.021
v -23.012 53.72 -101.271
v -22.981 53.72 -101.316
v -22.951 53.6 -101.36
v -23.042 53.6 -101.227
v -23.161 53.6 -101.464
v -23.06 53.72 -101.464
v -23.111 53.72 -101.464
v -23.011 53.6 -101.464
v -21.406 53.6 -101.294
v -21.305 53.72 -101.294
v -21.255 53.6 -101.294
v -21.356 53.72 -101.294
v -21.692 53.6 -100.916
v -21.692 53.6 -101.071
v -21.692 53.72 -101.02
v -21.692 53.72 -100.968
v -22.7 53.6 -101.8
v -22.633 53.6 -101.55
v -22.45 53.6 -101.367
v -22.2 53.6 -101.3
v -21.95 53.6 -101.367
v -21.767 53.6 -101.55
v -21.7 53.6 -101.8
v -21.767 53.6 -102.05
v -21.95 53.6 -102.233
v -22.2 53.6 -102.3
v -22.45 53.6 -102.233
v -22.633 53.6 -102.05
v -22.59 53.64 -101.8
v -22.538 53.64 -101.605
v -22.395 53.64 -101.462
v -22.2 53.64 -101.41
v -22.005 53.64 -101.462
v -21.862 53.64 -101.605
v -21.81 53.64 -101.8
v -21.862 53.64 -101.995
v -22.005 53.64 -102.138
v -22.2 53.64 -102.19
v -22.395 53.64 -102.138
v -22.538 53.64 -101.995
v -22.456 53.629 -101.8
v -22.421 53.629 -101.672
v -22.328 53.629 -101.579
v -22.2 53.629 -101.544
v -22.072 53.629 -101.579
v -21.979 53.629 -101.672
v -21.944 53.629 -101.8
v -21.979 53.629 -101.928
v -22.072 53.629 -102.021
v -22.2 53.629 -102.056
v -22.328 53.629 -102.021
v -22.421 53.629 -101.928
v -22.2 53.616 -101.8
v -21.406 53.6 -101.005
v -23.011 53.6 -101.374
v -23.097 53.722 -102.312
v -23.145 53.602 -102.296
v -23.048 53.721 -102.326
v -23.001 53.601 -102.34
v -21.366 53.718 -102.194
v -21.415 53.598 -102.18
v -21.272 53.597 -102.224
v -21.318 53.718 -102.208
v -21.527 53.599 -102.462
v -21.537 53.719 -102.414
v -21.561 53.599 -102.316
v -21.548 53.719 -102.365
v -21.406 53.6 -100.14
v -23.012 53.72 -101.271
v -23.042 53.6 -101.227
v -22.981 53.72 -101.316
v -22.951 53.6 -101.36
v -23.161 53.6 -101.464
v -23.111 53.72 -101.464
v -23.06 53.72 -101.464
v -23.011 53.6 -101.464
v -21.356 53.72 -101.294
v -21.305 53.72 -101.294
v -21.406 53.6 -101.294
v -21.255 53.6 -101.294
v -21.692 53.6 -101.071
v -21.692 53.72 -101.02
v -21.692 53.72 -100.968
v -21.692 53.6 -100.916
vt 0 0
vt 0 0
vt 0 0
vt 0 0
vt 0 0
vt 0 0
vt 0 0
vt 0 0
vt 0 0
vt 0 0
vt 0 0
vt 0 0
vt 0.708 0.567
vt 0.498 0.567
vt 0.708 0.537
vt 0.498 0.567
vt 0.498 0.537
vt 0.708 0.537
vt 0.679 0.731
vt 0.701 0.731
vt 0.648 0.904
vt 0.701 0.731
vt 0.67 0.904
vt 0.648 0.904
vt 0 0
vt 0 0
vt 0 0
vt 0 0
vt 0 0
vt 0 0
vt 0 0
vt 0 0
vt 0 0
vt 0 0
vt 0 0
vt 0 0
vt 0 0
vt 0 0
vt 0 0
vt 0 0
vt 0 0
vt 0 0
vt 0 0
vt 0 0
vt 0 0
vt 0 0
vt 0 0
vt 0 0
vt 0 0
vt 0 0
vt 0 0
vt 0 0
vt 0 0
vt 0 0
vt 0 0
vt 0 0
vt 0 0
vt 0 0
vt 0 0
vt 0 0
vt 0 0
vt 0 0
vt 0 0
vt 0 0
vt 0 0
vt 0 0
vt 0 0
vt 0 0
vt 0 0
vt 0 0
vt 0 0
vt 0 0
vt 0 0
vt 0 0
vt 0 0
vt 0 0
vt 0 0
vt 0 0
vt 0 0
vt 0 0
vt 0 0
vt 0 0
vt 0 0
vt 0 0
vt 0 0
vt 0 0
vt 0 0
vt 0 0
vt 0 0
vt 0 0
vt 0 0
vt 0 0
vt 0 0
vt 0.708 0.567
vt 0.708 0.537
vt 0.73 0.567
vt 0.708 0.537
vt 0.73 0.537
vt 0.73 0.567
vt 0 0
vt 0 0
vt 0 0
vt 0 0
vt 0 0
vt 0 0
vt 0.679 0.731
vt 0.708 0.567
vt 0.701 0.731
vt 0.708 0.567
vt 0.73 0.567
vt 0.701 0.731
vt 0 0
vt 0 0
vt 0 0
vt 0 0
vt 0 0
vt 0 0
vt 0 0
vt 0 0
vt 0 0
vt 0 0
vt 0 0
vt 0 0
vt 0 0
vt 0 0
vt 0 0
vt 0 0
vt 0 0
vt 0 0
vt 0 0
vt 0 0
vt 0 0
vt 0 0
vt 0 0
vt 0 0
vt 0 0
vt 0 0
vt 0 0
vt 0 0
vt 0 0
vt 0 0
vt 0 0
vt 0 0
vt 0 0
vt 0 0
vt 0 0
vt 0 0
vt 0 0
vt 0 0
vt 0 0
vt 0 0
vt 0 0
vt 0 0
vt 0 0
vt 0 0
vt 0 0
vt 0 0
vt 0 0
vt 0 0
vt 0 0
vt 0 0
vt 0 0
vt 0 0
vt 0 0
vt 0 0
vt 0 0
vt 0 0
vt 0 0
vt 0 0
vt 0 0
vt 0 0
vt 0 0
vt 0 0
vt 0 0
vt 0 0
vt 0 0
vt 0 0
vt 0 0
vt 0 0
vt 0 0
vt 0 0
vt 0 0
vt 0 0
vt 0 0
vt 0 0
vt 0 0
vt 0 0
vt 0 0
vt 0 0
vt 0 0
vt 0 0
vt 0 0
vt 0 0
vt 0 0
vt 0 0
vt 0 0
vt 0 0
vt 0 0
vt 0 0
vt 0 0
vt 0 0
vt 0 0
vt 0 0
vt 0 0
vt 0 0
vt 0 0
vt 0 0
vt 0 0
vt 0 0
vt 0 0
vt 0 0
vt 0 0
vt 0 0
vt 0 0
vt 0 0
vt 0 0
vt 0 0
vt 0 0
vt 0 0
vt 0 0
vt 0 0
vt 0 0
vt 0 0
vt 0 0
vt 0 0
vt 0 0
vt 0 0
vt 0 0
vt 0 0
vt 0 0
vt 0 0
vt 0 0
vt 0 0
vt 0 0
vt 0 0
vt 0 0
vt 0 0
vt 0 0
vt 0 0
vt 0 0
vt 0 0
vt 0 0
vt 0 0
vt 0 0
vt 0 0
vt 0 0
vt 0 0
vt 0 0
vt 0 0
vt 0 0
vt 0 0
vt 0 0
vt 0 0
vt 0 0
vt 0 0
vt 0 0
vt 0 0
vt 0 0
vt 0 0
vt 0 0
vt 0 0
vt 0 0
vt 0 0
vt 0 0
vt 0 0
vt 0 0
vt 0 0
vt 0 0
vt 0 0
vt 0 0
vt 0 0
vt 0 0
vt 0 0
vt 0 0
vt 0 0
vt 0 0
vt 0 0
vt 0 0
vt 0 0
vt 0 0
vt 0 0
vt 0 0
vt 0 0
vt 0 0
vt 0 0
vt 0 0
vt 0 0
vt 0 0
vt 0 0
vt 0 0
vt 0 0
vt 0 0
vt 0 0
vt 0 0
vt 0 0
vt 0 0
vt 0 0
vt 0 0
vt 0 0
vt 0 0
vt 0 0
vt 0 0
vt 0 0
vt 0 0
vt 0 0
vt 0 0
vt 0 0
vt 0 0
vt 0 0
vt 0 0
vt 0 0
vt 0 0
vt 0 0
vt 0 0
vt 0 0
vt 0.498 0.731
vt 0.679 0.731
vt 0.498 0.904
vt 0.679 0.731
vt 0.648 0.904
vt 0.498 0.904
vt 0.708 0.567
vt 0.679 0.731
vt 0.498 0.567
vt 0.679 0.731
vt 0.498 0.731
vt 0.498 0.567
vt 0 0
vt 0 0
vt 0 0
vt 0 0
vt 0 0
vt 0 0
vt 0 0
vt 0 0
vt 0 0
vt 0 0
vt 0 0
vt 0 0
vt 0 0
vt 0 0
vt 0 0
vt 0 0
vt 0 0
vt 0 0
vt 0 0
vt 0 0
vt 0 0
vt 0.661 0.919
vt 0.648 0.904
vt 0.667 0.912
vt 0 0
vt 0 0
vt 0 0
vt 0 0
vt 0 0
vt 0 0
vt 0.661 0.919
vt 0.653 0.924
vt 0.648 0.904
vt 0 0
vt 0 0
vt 0 0
vt 0 0
vt 0 0
vt 0 0
vt 0.648 0.904
vt 0.653 0.924
vt 0.644 0.927
vt 0 0
vt 0 0
vt 0 0
vt 0 0
vt 0 0
vt 0 0
vt 0 0
vt 0 0
vt 0 0
vt 0 0
vt 0 0
vt 0 0
vt 0 0
vt 0 0
vt 0 0
vt 0 0
vt 0 0
vt 0 0
vt 0 0
vt 0 0
vt 0 0
vt 0 0
vt 0 0
vt 0 0
vt 0 0
vt 0 0
vt 0 0
vt 0 0
vt 0 0
vt 0 0
vt 0 0
vt 0 0
vt 0 0
vt 0 0
vt 0 0
vt 0 0
vt 0 0
vt 0 0
vt 0 0
vt 0 0
vt 0 0
vt 0 0
vt 0 0
vt 0 0
vt 0 0
vt 0 0
vt 0 0
vt 0 0
vt 0 0
vt 0 0
vt 0 0
vt 0 0
vt 0 0
vt 0 0
vt 0 0
vt 0 0
vt 0 0
vt 0 0
vt 0 0
vt 0 0
vt 0 0
vt 0 0
vt 0 0
vt 0 0
vt 0 0
vt 0 0
vt 0 0
vt 0 0
vt 0 0
vt 0 0
vt 0 0
vt 0 0
vt 0 0
vt 0 0
vt 0 0
vt 0 0
vt 0 0
vt 0 0
vt 0 0
vt 0 0
vt 0 0
vt 0 0
vt 0 0
vt 0 0
vt 0 0
vt 0 0
vt 0 0
vt 0 0
vt 0 0
vt 0 0
vt 0 0
vt 0 0
vt 0 0
vt 0 0
vt 0 0
vt 0 0
vt 0 0
vt 0 0
vt 0 0
vt 0 0
vt 0 0
vt 0 0
vt 0 0
vt 0 0
vt 0 0
vt 0 0
vt 0 0
vt 0 0
vt 0.667 0.912
vt 0.648 0.904
vt 0.67 0.904
vt 0 0
vt 0 0
vt 0 0
vt 0 0
vt 0 0
vt 0 0
vt 0 0
vt 0 0
vt 0 0
vt 0 0
vt 0 0
vt 0 0
vt 0 0
vt 0 0
vt 0 0
vt 0 0
vt 0 0
vt 0 0
vt 0 0
vt 0 0
vt 0 0
vt 0 0
vt 0 0
vt 0 0
vt 0.498 0.904
vt 0.648 0.904
vt 0.498 0.927
vt 0.648 0.904
vt 0.644 0.927
vt 0.498 0.927
vt 0 0
vt 0 0
vt 0 0
vt 0 0
vt 0 0
vt 0 0
vt 0 0
vt 0 0
vt 0 0
vt 0 0
vt 0 0
vt 0 0
vt 0 0
vt 0 0
vt 0 0
vt 0 0
vt 0 0
vt 0 0
vt 0 0
vt 0 0
vt 0 0
vt 0 0
vt 0 0
vt 0 0
vt 0 0
vt 0 0
vt 0 0
vt 0 0
vt 0 0
vt 0 0
vt 0 0
vt 0 0
vt 0 0
vt 0 0
vt 0 0
vt 0 0
vt 0 0
vt 0 0
vt 0 0
vt 0 0
vt 0 0
vt 0 0
vt 0 0
vt 0 0
vt 0 0
vt 0 0
vt 0 0
vt 0 0
vt 0 0
vt 0 0
vt 0 0
vt 0 0
vt 0 0
vt 0 0
vt 0 0
vt 0 0
vt 0 0
vt 0 0
vt 0 0
vt 0 0
vt 0 0
vt 0 0
vt 0 0
vt 0 0
vt 0 0
vt 0 0
vt 0 0
vt 0 0
vt 0 0
vt 0 0
vt 0 0
vt 0 0
vt 0 0
vt 0 0
vt 0 0
vt 0 0
vt 0 0
vt 0 0
vt 0 0
vt 0 0
vt 0 0
vt 0 0
vt 0 0
vt 0 0
vt 0 0
vt 0 0
vt 0 0
vt 0 0
vt 0 0
vt 0 0
vt 0 0
vt 0 0
vt 0 0
vt 0 0
vt 0 0
vt 0 0
vt 0 0
vt 0 0
vt 0 0
vt 0 0
vt 0 0
vt 0 0
vt 0 0
vt 0 0
vt 0 0
vt 0 0
vt 0 0
vt 0 0
vt 0 0
vt 0 0
vt 0 0
vt 0 0
vt 0 0
vt 0 0
vt 0 0
vt 0 0
vt 0 0
vt 0 0
vt 0 0
vt 0 0
vt 0 0
vt 0 0
vt 0 0
vt 0 0
vt 0 0
vt 0 0
vt 0 0
vt 0 0
vt 0 0
vt 0 0
vt 0 0
vt 0 0
vt 0 0
vt 0 0
vt 0 0
vt 0 0
vt 0 0
vt 0 0
vt 0 0
vt 0 0
vt 0 0
vt 0 0
vt 0 0
vt 0 0
vt 0 0
vt 0 0
vt 0 0
vt 0 0
vt 0 0
vt 0 0
vt 0 0
vt 0 0
vt 0 0
vt 0 0
vt 0 0
vt 0 0
vt 0 0
vt 0 0
vt 0 0
vt 0 0
vt 0 0
vt 0 0
vt 0 0
vt 0 0
vt 0 0
vt 0 0
vt 0 0
vt 0 0
vt 0 0
vt 0 0
vt 0 0
vt 0 0
vt 0 0
vt 0 0
vt 0 0
vt 0 0
vt 0 0
vt 0 0
vt 0 0
vt 0 0
vt 0 0
vt 0 0
vt 0 0
vt 0 0
vt 0 0
vt 0 0
vt 0 0
vt 0 0
vt 0 0
vt 0 0
vt 0 0
vt 0 0
vt 0 0
vt 0 0
vt 0 0
vt 0 0
vt 0 0
vt 0 0
vt 0 0
vt 0 0
vt 0 0
vt 0 0
vt 0 0
vt 0 0
vt 0 0
vt 0 0
vt 0 0
vt 0 0
vt 0 0
vt 0 0
vt 0 0
vt 0 0
vt 0 0
vt 0 0
vt 0 0
vt 0 0
vt 0 0
vt 0 0
vt 0 0
vt 0 0
vt 0 0
vt 0 0
vt 0 0
vt 0 0
vt 0 0
vt 0 0
vt 0 0
vt 0 0
vt 0 0
vt 0 0
vt 0 0
vt 0 0
vt 0 0
vt 0 0
vt 0 0
vt 0 0
vt 0 0
vt 0 0
vt 0 0
vt 0 0
vt 0 0
vt 0 0
vt 0 0
vt 0 0
vt 0 0
vt 0 0
vt 0 0
vt 0 0
vt 0 0
vt 0 0
vt 0 0
vt 0 0
vt 0 0
vt 0 0
vt 0 0
vt 0 0
vt 0 0
vt 0 0
vt 0 0
vt 0 0
vt 0 0
vt 0 0
vt 0 0
vt 0 0
vt 0 0
vt 0 0
vt 0 0
vt 0 0
vt 0 0
vt 0 0
vt 0 0
vt 0 0
vt 0 0
vt 0 0
vt 0 0
vt 0 0
vt 0 0
vt 0 0
vt 0 0
vt 0 0
vt 0 0
vt 0 0
vt 0 0
vt 0 0
vt 0 0
vt 0 0
vt 0 0
vt 0 0
vt 0 0
vt 0 0
vt 0 0
vt 0 0
vt 0 0
vt 0 0
vt 0 0
vt 0 0
vt 0 0
vt 0 0
vt 0 0
vt 0 0
vt 0 0
vt 0 0
vt 0 0
vt 0 0
vt 0 0
vt 0 0
vt 0 0
vt 0 0
vt 0 0
vt 0 0
vt 0 0
vt 0 0
vt 0 0
vt 0 0
vt 0 0
vt 0 0
vt 0 0
vt 0 0
vt 0 0
vt 0 0
vt 0 0
vt 0 0
vt 0 0
vt 0 0
vt 0 0
vt 0 0
vt 0 0
vt 0 0
vt 0 0
vt 0 0
vt 0 0
vt 0 0
vt 0 0
vt 0 0
vt 0 0
vt 0 0
vt 0 0
vt 0 0
vt 0 0
vt 0 0
vt 0 0
vt 0 0
vt 0 0
vt 0 0
vt 0 0
vt 0 0
vt 0 0
vt 0 0
vt 0 0
vt 0 0
vt 0 0
vt 0 0
vt 0 0
vt 0 0
vt 0 0
vt 0 0
vt 0 0
vt 0 0
vt 0 0
vt 0 0
vt 0 0
vt 0 0
vt 0 0
vt 0 0
vt 0 0
vt 0 0
vt 0 0
vt 0 0
vt 0 0
vt 0 0
vt 0 0
vt 0 0
vt 0 0
vt 0 0
vt 0 0
vt 0 0
vt 0 0
vt 0 0
vt 0 0
vt 0 0
vt 0 0
vt 0 0
vt 0 0
vt 0 0
vt 0 0
vt 0 0
vt 0 0
vt 0 0
vt 0 0
vt 0 0
vt 0 0
vt 0 0
vt 0 0
vt 0 0
vt 0 0
vt 0 0
vt 0 0
vt 0 0
vt 0 0
vt 0 0
vt 0 0
vt 0 0
vt 0 0
vt 0 0
vt 0 0
vt 0 0
vt 0 0
vt 0 0
vt 0 0
vt 0 0
vt 0 0
vt 0 0
vt 0 0
vt 0 0
vt 0 0
vt 0 0
vt 0 0
vt 0 0
vt 0 0
vt 0 0
vt 0 0
vt 0 0
vt 0 0
vt 0 0
vt 0 0
vt 0 0
vt 0 0
vt 0 0
vt 0 0
vt 0 0
vt 0 0
vt 0 0
vt 0 0
vt 0 0
vt 0 0
vt 0 0
vt 0 0
vt 0 0
vt 0 0
vt 0 0
vt 0 0
vt 0 0
vt 0 0
vt 0 0
vt 0 0
vt 0 0
vt 0 0
vt 0 0
vt 0 0
vt 0 0
vt 0 0
vt 0 0
vt 0 0
vt 0 0
vt 0 0
vt 0 0
vt 0 0
vt 0 0
vt 0 0
vt 0 0
vt 0 0
vt 0 0
vt 0 0
vt 0 0
vt 0 0
vt 0 0
vt 0 0
vt 0 0
vt 0 0
vt 0 0
vt 0 0
vt 0 0
vt 0 0
vt 0 0
vt 0 0
vt 0 0
vt 0 0
vt 0 0
vt 0 0
vt 0 0
vt 0 0
vt 0 0
vt 0 0
vt 0 0
vt 0 0
vt 0 0
vt 0 0
vt 0 0
vt 0 0
vt 0 0
vt 0 0
vt 0 0
vt 0 0
vt 0 0
vt 0 0
vt 0 0
vt 0 0
vt 0 0
vt 0 0
vt 0 0
vt 0 0
vt 0 0
vt 0 0
vt 0 0
vt 0 0
vt 0 0
vt 0 0
vt 0 0
vt 0 0
vt 0 0
vt 0 0
vt 0 0
vt 0 0
vt 0 0
vt 0 0
vt 0 0
vt 0 0
vt 0 0
vt 0 0
vt 0 0
vt 0 0
vt 0 0
vt 0 0
vt 0 0
vt 0 0
vt 0 0
vt 0 0
vt 0 0
vt 0 0
vt 0 0
vt 0 0
vt 0 0
vt 0 0
vt 0 0
vt 0 0
vt 0 0
vt 0 0
vt 0 0
vt 0 0
vt 0 0
vt 0 0
vt 0 0
vt 0 0
vt 0 0
vt 0 0
vt 0 0
vt 0 0
vt 0 0
vt 0 0
vt 0 0
vt 0 0
vt 0 0
vt 0 0
vt 0 0
vt 0 0
vt 0 0
vt 0 0
vt 0 0
vt 0 0
vt 0 0
vt 0 0
vt 0 0
vt 0 0
vt 0 0
vt 0 0
vt 0 0
vt 0 0
vt 0 0
vt 0 0
vt 0 0
vt 0 0
vt 0 0
vt 0 0
vt 0 0
vt 0 0
vt 0 0
vt 0 0
vt 0 0
vt 0 0
vt 0 0
vt 0 0
vt 0 0
vt 0 0
vt 0 0
vt 0 0
vt 0.908 0.469
vt 0.908 0.379
vt 0.922 0.469
vt 0.908 0.379
vt 0.922 0.379
vt 0.922 0.469
vt 0.893 0.469
vt 0.893 0.379
vt 0.908 0.469
vt 0.893 0.379
vt 0.908 0.379
vt 0.908 0.469
vt 0.879 0.469
vt 0.879 0.379
vt 0.893 0.469
vt 0.879 0.379
vt 0.893 0.379
vt 0.893 0.469
vt 0.864 0.379
vt 0.879 0.379
vt 0.864 0.469
vt 0.879 0.379
vt 0.879 0.469
vt 0.864 0.469
vt 0 0
vt 0 0
vt 0 0
vt 0 0
vt 0 0
vt 0 0
vt 0 0
vt 0 0
vt 0 0
vt 0 0
vt 0 0
vt 0 0
vt 0 0
vt 0 0
vt 0 0
vt 0 0
vt 0 0
vt 0 0
vt 0.288 0.567
vt 0.288 0.537
vt 0.498 0.567
vt 0.288 0.537
vt 0.498 0.537
vt 0.498 0.567
vt 0.317 0.731
vt 0.348 0.904
vt 0.295 0.731
vt 0.348 0.904
vt 0.326 0.904
vt 0.295 0.731
vt 0 0
vt 0 0
vt 0 0
vt 0 0
vt 0 0
vt 0 0
vt 0 0
vt 0 0
vt 0 0
vt 0 0
vt 0 0
vt 0 0
vt 0 0
vt 0 0
vt 0 0
vt 0 0
vt 0 0
vt 0 0
vt 0 0
vt 0 0
vt 0 0
vt 0 0
vt 0 0
vt 0 0
vt 0 0
vt 0 0
vt 0 0
vt 0 0
vt 0 0
vt 0 0
vt 0 0
vt 0 0
vt 0 0
vt 0 0
vt 0 0
vt 0 0
vt 0 0
vt 0 0
vt 0 0
vt 0 0
vt 0 0
vt 0 0
vt 0 0
vt 0 0
vt 0 0
vt 0 0
vt 0 0
vt 0 0
vt 0 0
vt 0 0
vt 0 0
vt 0 0
vt 0 0
vt 0 0
vt 0 0
vt 0 0
vt 0 0
vt 0 0
vt 0 0
vt 0 0
vt 0 0
vt 0 0
vt 0 0
vt 0 0
vt 0 0
vt 0 0
vt 0 0
vt 0 0
vt 0 0
vt 0.288 0.567
vt 0.266 0.567
vt 0.288 0.537
vt 0.266 0.567
vt 0.266 0.537
vt 0.288 0.537
vt 0 0
vt 0 0
vt 0 0
vt 0 0
vt 0 0
vt 0 0
vt 0.317 0.731
vt 0.295 0.731
vt 0.288 0.567
vt 0.295 0.731
vt 0.266 0.567
vt 0.288 0.567
vt 0 0
vt 0 0
vt 0 0
vt 0 0
vt 0 0
vt 0 0
vt 0 0
vt 0 0
vt 0 0
vt 0 0
vt 0 0
vt 0 0
vt 0 0
vt 0 0
vt 0 0
vt 0 0
vt 0 0
vt 0 0
vt 0 0
vt 0 0
vt 0 0
vt 0 0
vt 0 0
vt 0 0
vt 0 0
vt 0 0
vt 0 0
vt 0 0
vt 0 0
vt 0 0
vt 0 0
vt 0 0
vt 0 0
vt 0 0
vt 0 0
vt 0 0
vt 0 0
vt 0 0
vt 0 0
vt 0 0
vt 0 0
vt 0 0
vt 0 0
vt 0 0
vt 0 0
vt 0 0
vt 0 0
vt 0 0
vt 0 0
vt 0 0
vt 0 0
vt 0 0
vt 0 0
vt 0 0
vt 0 0
vt 0 0
vt 0 0
vt 0 0
vt 0 0
vt 0 0
vt 0 0
vt 0 0
vt 0 0
vt 0 0
vt 0 0
vt 0 0
vt 0 0
vt 0 0
vt 0 0
vt 0 0
vt 0 0
vt 0 0
vt 0 0
vt 0 0
vt 0 0
vt 0 0
vt 0 0
vt 0 0
vt 0 0
vt 0 0
vt 0 0
vt 0 0
vt 0 0
vt 0 0
vt 0 0
vt 0 0
vt 0 0
vt 0 0
vt 0 0
vt 0 0
vt 0 0
vt 0 0
vt 0 0
vt 0 0
vt 0 0
vt 0 0
vt 0 0
vt 0 0
vt 0 0
vt 0 0
vt 0 0
vt 0 0
vt 0 0
vt 0 0
vt 0 0
vt 0 0
vt 0 0
vt 0 0
vt 0 0
vt 0 0
vt 0 0
vt 0 0
vt 0 0
vt 0 0
vt 0 0
vt 0 0
vt 0 0
vt 0 0
vt 0 0
vt 0 0
vt 0 0
vt 0 0
vt 0 0
vt 0 0
vt 0 0
vt 0 0
vt 0 0
vt 0 0
vt 0 0
vt 0 0
vt 0 0
vt 0 0
vt 0 0
vt 0 0
vt 0 0
vt 0 0
vt 0 0
vt 0 0
vt 0 0
vt 0 0
vt 0 0
vt 0 0
vt 0 0
vt 0 0
vt 0 0
vt 0 0
vt 0 0
vt 0 0
vt 0 0
vt 0 0
vt 0 0
vt 0 0
vt 0 0
vt 0 0
vt 0 0
vt 0 0
vt 0 0
vt 0 0
vt 0 0
vt 0 0
vt 0 0
vt 0 0
vt 0 0
vt 0 0
vt 0 0
vt 0 0
vt 0 0
vt 0 0
vt 0 0
vt 0 0
vt 0 0
vt 0 0
vt 0 0
vt 0 0
vt 0 0
vt 0 0
vt 0 0
vt 0 0
vt 0 0
vt 0 0
vt 0 0
vt 0 0
vt 0 0
vt 0 0
vt 0 0
vt 0 0
vt 0 0
vt 0 0
vt 0 0
vt 0 0
vt 0 0
vt 0 0
vt 0 0
vt 0 0
vt 0 0
vt 0 0
vt 0 0
vt 0 0
vt 0 0
vt 0 0
vt 0 0
vt 0 0
vt 0 0
vt 0 0
vt 0.498 0.731
vt 0.498 0.904
vt 0.317 0.731
vt 0.498 0.904
vt 0.348 0.904
vt 0.317 0.731
vt 0.288 0.567
vt 0.498 0.567
vt 0.317 0.731
vt 0.498 0.567
vt 0.498 0.731
vt 0.317 0.731
vt 0 0
vt 0 0
vt 0 0
vt 0 0
vt 0 0
vt 0 0
vt 0 0
vt 0 0
vt 0 0
vt 0 0
vt 0 0
vt 0 0
vt 0 0
vt 0 0
vt 0 0
vt 0 0
vt 0 0
vt 0 0
vt 0 0
vt 0 0
vt 0 0
vt 0.335 0.919
vt 0.329 0.912
vt 0.348 0.904
vt 0 0
vt 0 0
vt 0 0
vt 0 0
vt 0 0
vt 0 0
vt 0.335 0.919
vt 0.348 0.904
vt 0.343 0.924
vt 0 0
vt 0 0
vt 0 0
vt 0 0
vt 0 0
vt 0 0
vt 0.348 0.904
vt 0.352 0.927
vt 0.343 0.924
vt 0 0
vt 0 0
vt 0 0
vt 0 0
vt 0 0
vt 0 0
vt 0 0
vt 0 0
vt 0 0
vt 0 0
vt 0 0
vt 0 0
vt 0 0
vt 0 0
vt 0 0
vt 0 0
vt 0 0
vt 0 0
vt 0 0
vt 0 0
vt 0 0
vt 0 0
vt 0 0
vt 0 0
vt 0 0
vt 0 0
vt 0 0
vt 0 0
vt 0 0
vt 0 0
vt 0 0
vt 0 0
vt 0 0
vt 0 0
vt 0 0
vt 0 0
vt 0 0
vt 0 0
vt 0 0
vt 0 0
vt 0 0
vt 0 0
vt 0 0
vt 0 0
vt 0 0
vt 0 0
vt 0 0
vt 0 0
vt 0 0
vt 0 0
vt 0 0
vt 0 0
vt 0 0
vt 0 0
vt 0 0
vt 0 0
vt 0 0
vt 0 0
vt 0 0
vt 0 0
vt 0 0
vt 0 0
vt 0 0
vt 0 0
vt 0 0
vt 0 0
vt 0 0
vt 0 0
vt 0 0
vt 0 0
vt 0 0
vt 0 0
vt 0 0
vt 0 0
vt 0 0
vt 0 0
vt 0 0
vt 0 0
vt 0 0
vt 0 0
vt 0 0
vt 0 0
vt 0 0
vt 0 0
vt 0 0
vt 0 0
vt 0 0
vt 0 0
vt 0 0
vt 0 0
vt 0 0
vt 0 0
vt 0 0
vt 0 0
vt 0 0
vt 0 0
vt 0 0
vt 0 0
vt 0 0
vt 0 0
vt 0 0
vt 0 0
vt 0 0
vt 0 0
vt 0 0
vt 0 0
vt 0 0
vt 0 0
vt 0.329 0.912
vt 0.326 0.904
vt 0.348 0.904
vt 0 0
vt 0 0
vt 0 0
vt 0 0
vt 0 0
vt 0 0
vt 0 0
vt 0 0
vt 0 0
vt 0 0
vt 0 0
vt 0 0
vt 0 0
vt 0 0
vt 0 0
vt 0 0
vt 0 0
vt 0 0
vt 0 0
vt 0 0
vt 0 0
vt 0 0
vt 0 0
vt 0 0
vt 0.498 0.904
vt 0.498 0.927
vt 0.348 0.904
vt 0.498 0.927
vt 0.352 0.927
vt 0.348 0.904
vt 0 0
vt 0 0
vt 0 0
vt 0 0
vt 0 0
vt 0 0
vt 0 0
vt 0 0
vt 0 0
vt 0 0
vt 0 0
vt 0 0
vt 0 0
vt 0 0
vt 0 0
vt 0 0
vt 0 0
vt 0 0
vt 0 0
vt 0 0
vt 0 0
vt 0 0
vt 0 0
vt 0 0
vt 0 0
vt 0 0
vt 0 0
vt 0 0
vt 0 0
vt 0 0
vt 0 0
vt 0 0
vt 0 0
vt 0 0
vt 0 0
vt 0 0
vt 0 0
vt 0 0
vt 0 0
vt 0 0
vt 0 0
vt 0 0
vt 0 0
vt 0 0
vt 0 0
vt 0 0
vt 0 0
vt 0 0
vt 0 0
vt 0 0
vt 0 0
vt 0 0
vt 0 0
vt 0 0
vt 0 0
vt 0 0
vt 0 0
vt 0 0
vt 0 0
vt 0 0
vt 0 0
vt 0 0
vt 0 0
vt 0 0
vt 0 0
vt 0 0
vt 0 0
vt 0 0
vt 0 0
vt 0 0
vt 0 0
vt 0 0
vt 0 0
vt 0 0
vt 0 0
vt 0 0
vt 0 0
vt 0 0
vt 0 0
vt 0 0
vt 0 0
vt 0 0
vt 0 0
vt 0 0
vt 0 0
vt 0 0
vt 0 0
vt 0 0
vt 0 0
vt 0 0
vt 0 0
vt 0 0
vt 0 0
vt 0 0
vt 0 0
vt 0 0
vt 0 0
vt 0 0
vt 0 0
vt 0 0
vt 0 0
vt 0 0
vt 0 0
vt 0 0
vt 0 0
vt 0 0
vt 0 0
vt 0 0
vt 0 0
vt 0 0
vt 0 0
vt 0 0
vt 0 0
vt 0 0
vt 0 0
vt 0 0
vt 0 0
vt 0 0
vt 0 0
vt 0 0
vt 0 0
vt 0 0
vt 0 0
vt 0 0
vt 0 0
vt 0 0
vt 0 0
vt 0 0
vt 0 0
vt 0 0
vt 0 0
vt 0 0
vt 0 0
vt 0 0
vt 0 0
vt 0 0
vt 0 0
vt 0 0
vt 0 0
vt 0 0
vt 0 0
vt 0 0
vt 0 0
vt 0 0
vt 0 0
vt 0 0
vt 0 0
vt 0 0
vt 0 0
vt 0 0
vt 0 0
vt 0 0
vt 0 0
vt 0 0
vt 0 0
vt 0 0
vt 0 0
vt 0 0
vt 0 0
vt 0 0
vt 0 0
vt 0 0
vt 0 0
vt 0 0
vt 0 0
vt 0 0
vt 0 0
vt 0 0
vt 0 0
vt 0 0
vt 0 0
vt 0 0
vt 0 0
vt 0 0
vt 0 0
vt 0 0
vt 0 0
vt 0 0
vt 0 0
vt 0 0
vt 0 0
vt 0 0
vt 0 0
vt 0 0
vt 0 0
vt 0 0
vt 0 0
vt 0 0
vt 0 0
vt 0 0
vt 0 0
vt 0 0
vt 0 0
vt 0 0
vt 0 0
vt 0 0
vt 0 0
vt 0 0
vt 0 0
vt 0 0
vt 0 0
vt 0 0
vt 0 0
vt 0 0
vt 0 0
vt 0 0
vt 0 0
vt 0 0
vt 0 0
vt 0 0
vt 0 0
vt 0 0
vt 0 0
vt 0 0
vt 0 0
vt 0 0
vt 0 0
vt 0 0
vt 0 0
vt 0 0
vt 0 0
vt 0 0
vt 0 0
vt 0 0
vt 0 0
vt 0 0
vt 0 0
vt 0 0
vt 0 0
vt 0 0
vt 0 0
vt 0 0
vt 0 0
vt 0 0
vt 0 0
vt 0 0
vt 0 0
vt 0 0
vt 0 0
vt 0 0
vt 0 0
vt 0 0
vt 0 0
vt 0 0
vt 0 0
vt 0 0
vt 0 0
vt 0 0
vt 0 0
vt 0 0
vt 0 0
vt 0 0
vt 0 0
vt 0 0
vt 0 0
vt 0 0
vt 0 0
vt 0 0
vt 0 0
vt 0 0
vt 0 0
vt 0 0
vt 0 0
vt 0 0
vt 0 0
vt 0 0
vt 0 0
vt 0 0
vt 0 0
vt 0 0
vt 0 0
vt 0 0
vt 0 0
vt 0 0
vt 0 0
vt 0 0
vt 0 0
vt 0 0
vt 0 0
vt 0 0
vt 0 0
vt 0 0
vt 0 0
vt 0 0
vt 0 0
vt 0 0
vt 0 0
vt 0 0
vt 0 0
vt 0 0
vt 0 0
vt 0 0
vt 0 0
vt 0 0
vt 0 0
vt 0 0
vt 0 0
vt 0 0
vt 0 0
vt 0 0
vt 0 0
vt 0 0
vt 0 0
vt 0 0
vt 0 0
vt 0 0
vt 0 0
vt 0 0
vt 0 0
vt 0 0
vt 0 0
vt 0 0
vt 0 0
vt 0 0
vt 0 0
vt 0 0
vt 0 0
vt 0 0
vt 0 0
vt 0 0
vt 0 0
vt 0 0
vt 0 0
vt 0 0
vt 0 0
vt 0 0
vt 0 0
vt 0 0
vt 0 0
vt 0 0
vt 0 0
vt 0 0
vt 0 0
vt 0 0
vt 0 0
vt 0 0
vt 0 0
vt 0 0
vt 0 0
vt 0 0
vt 0 0
vt 0 0
vt 0 0
vt 0 0
vt 0 0
vt 0 0
vt 0 0
vt 0 0
vt 0 0
vt 0 0
vt 0 0
vt 0 0
vt 0 0
vt 0 0
vt 0 0
vt 0 0
vt 0 0
vt 0 0
vt 0 0
vt 0 0
vt 0 0
vt 0 0
vt 0 0
vt 0 0
vt 0 0
vt 0 0
vt 0 0
vt 0 0
vt 0 0
vt 0 0
vt 0 0
vt 0 0
vt 0 0
vt 0 0
vt 0 0
vt 0 0
vt 0 0
vt 0 0
vt 0 0
vt 0 0
vt 0 0
vt 0 0
vt 0 0
vt 0 0
vt 0 0
vt 0 0
vt 0 0
vt 0 0
vt 0 0
vt 0 0
vt 0 0
vt 0 0
vt 0 0
vt 0 0
vt 0 0
vt 0 0
vt 0 0
vt 0 0
vt 0 0
vt 0 0
vt 0 0
vt 0 0
vt 0 0
vt 0 0
vt 0 0
vt 0 0
vt 0 0
vt 0 0
vt 0 0
vt 0 0
vt 0 0
vt 0 0
vt 0 0
vt 0 0
vt 0 0
vt 0 0
vt 0 0
vt 0 0
vt 0 0
vt 0 0
vt 0 0
vt 0 0
vt 0 0
vt 0 0
vt 0 0
vt 0 0
vt 0 0
vt 0 0
vt 0 0
vt 0 0
vt 0 0
vt 0 0
vt 0 0
vt 0 0
vt 0 0
vt 0 0
vt 0 0
vt 0 0
vt 0 0
vt 0 0
vt 0 0
vt 0 0
vt 0 0
vt 0 0
vt 0 0
vt 0 0
vt 0 0
vt 0 0
vt 0 0
vt 0 0
vt 0 0
vt 0 0
vt 0 0
vt 0 0
vt 0 0
vt 0 0
vt 0 0
vt 0 0
vt 0 0
vt 0 0
vt 0 0
vt 0 0
vt 0 0
vt 0 0
vt 0 0
vt 0 0
vt 0 0
vt 0 0
vt 0 0
vt 0 0
vt 0 0
vt 0 0
vt 0 0
vt 0 0
vt 0 0
vt 0 0
vt 0 0
vt 0 0
vt 0 0
vt 0 0
vt 0 0
vt 0 0
vt 0 0
vt 0 0
vt 0 0
vt 0 0
vt 0 0
vt 0 0
vt 0 0
vt 0 0
vt 0 0
vt 0 0
vt 0 0
vt 0 0
vt 0 0
vt 0 0
vt 0 0
vt 0 0
vt 0 0
vt 0 0
vt 0 0
vt 0 0
vt 0 0
vt 0 0
vt 0 0
vt 0 0
vt 0 0
vt 0 0
vt 0 0
vt 0 0
vt 0 0
vt 0 0
vt 0 0
vt 0 0
vt 0 0
vt 0 0
vt 0 0
vt 0 0
vt 0 0
vt 0 0
vt 0 0
vt 0 0
vt 0 0
vt 0 0
vt 0 0
vt 0 0
vt 0 0
vt 0 0
vt 0 0
vt 0 0
vt 0 0
vt 0 0
vt 0 0
vt 0 0
vt 0 0
vt 0 0
vt 0 0
vt 0 0
vt 0 0
vt 0 0
vt 0 0
vt 0 0
vt 0 0
vt 0 0
vt 0 0
vt 0 0
vt 0 0
vt 0 0
vt 0 0
vt 0 0
vt 0 0
vt 0 0
vt 0 0
vt 0 0
vt 0 0
vt 0 0
vt 0 0
vt 0 0
vt 0 0
vt 0 0
vt 0 0
vt 0 0
vt 0 0
vt 0 0
vt 0 0
vt 0 0
vt 0 0
vt 0 0
vt 0 0
vt 0 0
vt 0 0
vt 0 0
vt 0 0
vt 0 0
vt 0 0
vt 0 0
vt 0 0
vt 0 0
vt 0 0
vt 0 0
vt 0 0
vt 0 0
vt 0 0
vt 0 0
vt 0 0
vt 0.821 0.469
vt 0.806 0.469
vt 0.821 0.379
vt 0.806 0.469
vt 0.806 0.379
vt 0.821 0.379
vt 0.835 0.469
vt 0.821 0.469
vt 0.835 0.379
vt 0.821 0.469
vt 0.821 0.379
vt 0.835 0.379
vt 0.85 0.469
vt 0.835 0.469
vt 0.85 0.379
vt 0.835 0.469
vt 0.835 0.379
vt 0.85 0.379
vt 0.864 0.379
vt 0.864 0.469
vt 0.85 0.379
vt 0.864 0.469
vt 0.85 0.469
vt 0.85 0.379
vt 0 0
vt 0 0
vt 0 0
vt 0 0
vt 0 0
vt 0 0
vt 0 0
vt 0 0
vt 0 0
vt 0 0
vt 0 0
vt 0 0
vt 0 0
vt 0 0
vt 0 0
vt 0 0
vt 0 0
vt 0 0
vt 0.288 0.103
vt 0.288 0.073
vt 0.498 0.103
vt 0.288 0.073
vt 0.498 0.073
vt 0.498 0.103
vt 0.317 0.267
vt 0.348 0.44
vt 0.295 0.267
vt 0.348 0.44
vt 0.326 0.44
vt 0.295 0.267
vt 0 0
vt 0 0
vt 0 0
vt 0 0
vt 0 0
vt 0 0
vt 0 0
vt 0 0
vt 0 0
vt 0 0
vt 0 0
vt 0 0
vt 0 0
vt 0 0
vt 0 0
vt 0 0
vt 0 0
vt 0 0
vt 0 0
vt 0 0
vt 0 0
vt 0 0
vt 0 0
vt 0 0
vt 0 0
vt 0 0
vt 0 0
vt 0 0
vt 0 0
vt 0 0
vt 0 0
vt 0 0
vt 0 0
vt 0 0
vt 0 0
vt 0 0
vt 0 0
vt 0 0
vt 0 0
vt 0 0
vt 0 0
vt 0 0
vt 0 0
vt 0 0
vt 0 0
vt 0 0
vt 0 0
vt 0 0
vt 0 0
vt 0 0
vt 0 0
vt 0 0
vt 0 0
vt 0 0
vt 0 0
vt 0 0
vt 0 0
vt 0 0
vt 0 0
vt 0 0
vt 0 0
vt 0 0
vt 0 0
vt 0 0
vt 0 0
vt 0 0
vt 0 0
vt 0 0
vt 0 0
vt 0.288 0.103
vt 0.266 0.103
vt 0.288 0.073
vt 0.266 0.103
vt 0.266 0.073
vt 0.288 0.073
vt 0 0
vt 0 0
vt 0 0
vt 0 0
vt 0 0
vt 0 0
vt 0.317 0.267
vt 0.295 0.267
vt 0.288 0.103
vt 0.295 0.267
vt 0.266 0.103
vt 0.288 0.103
vt 0 0
vt 0 0
vt 0 0
vt 0 0
vt 0 0
vt 0 0
vt 0 0
vt 0 0
vt 0 0
vt 0 0
vt 0 0
vt 0 0
vt 0 0
vt 0 0
vt 0 0
vt 0 0
vt 0 0
vt 0 0
vt 0 0
vt 0 0
vt 0 0
vt 0 0
vt 0 0
vt 0 0
vt 0 0
vt 0 0
vt 0 0
vt 0 0
vt 0 0
vt 0 0
vt 0 0
vt 0 0
vt 0 0
vt 0 0
vt 0 0
vt 0 0
vt 0 0
vt 0 0
vt 0 0
vt 0 0
vt 0 0
vt 0 0
vt 0 0
vt 0 0
vt 0 0
vt 0 0
vt 0 0
vt 0 0
vt 0 0
vt 0 0
vt 0 0
vt 0 0
vt 0 0
vt 0 0
vt 0 0
vt 0 0
vt 0 0
vt 0 0
vt 0 0
vt 0 0
vt 0 0
vt 0 0
vt 0 0
vt 0 0
vt 0 0
vt 0 0
vt 0 0
vt 0 0
vt 0 0
vt 0 0
vt 0 0
vt 0 0
vt 0 0
vt 0 0
vt 0 0
vt 0 0
vt 0 0
vt 0 0
vt 0 0
vt 0 0
vt 0 0
vt 0 0
vt 0 0
vt 0 0
vt 0 0
vt 0 0
vt 0 0
vt 0 0
vt 0 0
vt 0 0
vt 0 0
vt 0 0
vt 0 0
vt 0 0
vt 0 0
vt 0 0
vt 0 0
vt 0 0
vt 0 0
vt 0 0
vt 0 0
vt 0 0
vt 0 0
vt 0 0
vt 0 0
vt 0 0
vt 0 0
vt 0 0
vt 0 0
vt 0 0
vt 0 0
vt 0 0
vt 0 0
vt 0 0
vt 0 0
vt 0 0
vt 0 0
vt 0 0
vt 0 0
vt 0 0
vt 0 0
vt 0 0
vt 0 0
vt 0 0
vt 0 0
vt 0 0
vt 0 0
vt 0 0
vt 0 0
vt 0 0
vt 0 0
vt 0 0
vt 0 0
vt 0 0
vt 0 0
vt 0 0
vt 0 0
vt 0 0
vt 0 0
vt 0 0
vt 0 0
vt 0 0
vt 0 0
vt 0 0
vt 0 0
vt 0 0
vt 0 0
vt 0 0
vt 0 0
vt 0 0
vt 0 0
vt 0 0
vt 0 0
vt 0 0
vt 0 0
vt 0 0
vt 0 0
vt 0 0
vt 0 0
vt 0 0
vt 0 0
vt 0 0
vt 0 0
vt 0 0
vt 0 0
vt 0 0
vt 0 0
vt 0 0
vt 0 0
vt 0 0
vt 0 0
vt 0 0
vt 0 0
vt 0 0
vt 0 0
vt 0 0
vt 0 0
vt 0 0
vt 0 0
vt 0 0
vt 0 0
vt 0 0
vt 0 0
vt 0 0
vt 0 0
vt 0 0
vt 0 0
vt 0 0
vt 0 0
vt 0 0
vt 0 0
vt 0 0
vt 0 0
vt 0 0
vt 0 0
vt 0 0
vt 0 0
vt 0 0
vt 0 0
vt 0 0
vt 0 0
vt 0 0
vt 0 0
vt 0 0
vt 0.498 0.267
vt 0.498 0.44
vt 0.317 0.267
vt 0.498 0.44
vt 0.348 0.44
vt 0.317 0.267
vt 0.288 0.103
vt 0.498 0.103
vt 0.317 0.267
vt 0.498 0.103
vt 0.498 0.267
vt 0.317 0.267
vt 0 0
vt 0 0
vt 0 0
vt 0 0
vt 0 0
vt 0 0
vt 0 0
vt 0 0
vt 0 0
vt 0 0
vt 0 0
vt 0 0
vt 0 0
vt 0 0
vt 0 0
vt 0 0
vt 0 0
vt 0 0
vt 0 0
vt 0 0
vt 0 0
vt 0.335 0.455
vt 0.329 0.448
vt 0.348 0.44
vt 0 0
vt 0 0
vt 0 0
vt 0 0
vt 0 0
vt 0 0
vt 0.335 0.455
vt 0.348 0.44
vt 0.343 0.46
vt 0 0
vt 0 0
vt 0 0
vt 0 0
vt 0 0
vt 0 0
vt 0.348 0.44
vt 0.352 0.463
vt 0.343 0.46
vt 0 0
vt 0 0
vt 0 0
vt 0 0
vt 0 0
vt 0 0
vt 0 0
vt 0 0
vt 0 0
vt 0 0
vt 0 0
vt 0 0
vt 0 0
vt 0 0
vt 0 0
vt 0 0
vt 0 0
vt 0 0
vt 0 0
vt 0 0
vt 0 0
vt 0 0
vt 0 0
vt 0 0
vt 0 0
vt 0 0
vt 0 0
vt 0 0
vt 0 0
vt 0 0
vt 0 0
vt 0 0
vt 0 0
vt 0 0
vt 0 0
vt 0 0
vt 0 0
vt 0 0
vt 0 0
vt 0 0
vt 0 0
vt 0 0
vt 0 0
vt 0 0
vt 0 0
vt 0 0
vt 0 0
vt 0 0
vt 0 0
vt 0 0
vt 0 0
vt 0 0
vt 0 0
vt 0 0
vt 0 0
vt 0 0
vt 0 0
vt 0 0
vt 0 0
vt 0 0
vt 0 0
vt 0 0
vt 0 0
vt 0 0
vt 0 0
vt 0 0
vt 0 0
vt 0 0
vt 0 0
vt 0 0
vt 0 0
vt 0 0
vt 0 0
vt 0 0
vt 0 0
vt 0 0
vt 0 0
vt 0 0
vt 0 0
vt 0 0
vt 0 0
vt 0 0
vt 0 0
vt 0 0
vt 0 0
vt 0 0
vt 0 0
vt 0 0
vt 0 0
vt 0 0
vt 0 0
vt 0 0
vt 0 0
vt 0 0
vt 0 0
vt 0 0
vt 0 0
vt 0 0
vt 0 0
vt 0 0
vt 0 0
vt 0 0
vt 0 0
vt 0 0
vt 0 0
vt 0 0
vt 0 0
vt 0 0
vt 0.329 0.448
vt 0.326 0.44
vt 0.348 0.44
vt 0 0
vt 0 0
vt 0 0
vt 0 0
vt 0 0
vt 0 0
vt 0 0
vt 0 0
vt 0 0
vt 0 0
vt 0 0
vt 0 0
vt 0 0
vt 0 0
vt 0 0
vt 0 0
vt 0 0
vt 0 0
vt 0 0
vt 0 0
vt 0 0
vt 0 0
vt 0 0
vt 0 0
vt 0.498 0.44
vt 0.498 0.463
vt 0.348 0.44
vt 0.498 0.463
vt 0.352 0.463
vt 0.348 0.44
vt 0 0
vt 0 0
vt 0 0
vt 0 0
vt 0 0
vt 0 0
vt 0 0
vt 0 0
vt 0 0
vt 0 0
vt 0 0
vt 0 0
vt 0 0
vt 0 0
vt 0 0
vt 0 0
vt 0 0
vt 0 0
vt 0 0
vt 0 0
vt 0 0
vt 0 0
vt 0 0
vt 0 0
vt 0 0
vt 0 0
vt 0 0
vt 0 0
vt 0 0
vt 0 0
vt 0 0
vt 0 0
vt 0 0
vt 0 0
vt 0 0
vt 0 0
vt 0 0
vt 0 0
vt 0 0
vt 0 0
vt 0 0
vt 0 0
vt 0 0
vt 0 0
vt 0 0
vt 0 0
vt 0 0
vt 0 0
vt 0 0
vt 0 0
vt 0 0
vt 0 0
vt 0 0
vt 0 0
vt 0 0
vt 0 0
vt 0 0
vt 0 0
vt 0 0
vt 0 0
vt 0 0
vt 0 0
vt 0 0
vt 0 0
vt 0 0
vt 0 0
vt 0 0
vt 0 0
vt 0 0
vt 0 0
vt 0 0
vt 0 0
vt 0 0
vt 0 0
vt 0 0
vt 0 0
vt 0 0
vt 0 0
vt 0 0
vt 0 0
vt 0 0
vt 0 0
vt 0 0
vt 0 0
vt 0 0
vt 0 0
vt 0 0
vt 0 0
vt 0 0
vt 0 0
vt 0 0
vt 0 0
vt 0 0
vt 0 0
vt 0 0
vt 0 0
vt 0 0
vt 0 0
vt 0 0
vt 0 0
vt 0 0
vt 0 0
vt 0 0
vt 0 0
vt 0 0
vt 0 0
vt 0 0
vt 0 0
vt 0 0
vt 0 0
vt 0 0
vt 0 0
vt 0 0
vt 0 0
vt 0 0
vt 0 0
vt 0 0
vt 0 0
vt 0 0
vt 0 0
vt 0 0
vt 0 0
vt 0 0
vt 0 0
vt 0 0
vt 0 0
vt 0 0
vt 0 0
vt 0 0
vt 0 0
vt 0 0
vt 0 0
vt 0 0
vt 0 0
vt 0 0
vt 0 0
vt 0 0
vt 0 0
vt 0 0
vt 0 0
vt 0 0
vt 0 0
vt 0 0
vt 0 0
vt 0 0
vt 0 0
vt 0 0
vt 0 0
vt 0 0
vt 0 0
vt 0 0
vt 0 0
vt 0 0
vt 0 0
vt 0 0
vt 0 0
vt 0 0
vt 0 0
vt 0 0
vt 0 0
vt 0 0
vt 0 0
vt 0 0
vt 0 0
vt 0 0
vt 0 0
vt 0 0
vt 0 0
vt 0 0
vt 0 0
vt 0 0
vt 0 0
vt 0 0
vt 0 0
vt 0 0
vt 0 0
vt 0 0
vt 0 0
vt 0 0
vt 0 0
vt 0 0
vt 0 0
vt 0 0
vt 0 0
vt 0 0
vt 0 0
vt 0 0
vt 0 0
vt 0 0
vt 0 0
vt 0 0
vt 0 0
vt 0 0
vt 0 0
vt 0 0
vt 0 0
vt 0 0
vt 0 0
vt 0 0
vt 0 0
vt 0 0
vt 0 0
vt 0 0
vt 0 0
vt 0 0
vt 0 0
vt 0 0
vt 0 0
vt 0 0
vt 0 0
vt 0 0
vt 0 0
vt 0 0
vt 0 0
vt 0 0
vt 0 0
vt 0 0
vt 0 0
vt 0 0
vt 0 0
vt 0 0
vt 0 0
vt 0 0
vt 0 0
vt 0 0
vt 0 0
vt 0 0
vt 0 0
vt 0 0
vt 0 0
vt 0 0
vt 0 0
vt 0 0
vt 0 0
vt 0 0
vt 0 0
vt 0 0
vt 0 0
vt 0 0
vt 0 0
vt 0 0
vt 0 0
vt 0 0
vt 0 0
vt 0 0
vt 0 0
vt 0 0
vt 0 0
vt 0 0
vt 0 0
vt 0 0
vt 0 0
vt 0 0
vt 0 0
vt 0 0
vt 0 0
vt 0 0
vt 0 0
vt 0 0
vt 0 0
vt 0 0
vt 0 0
vt 0 0
vt 0 0
vt 0 0
vt 0 0
vt 0 0
vt 0 0
vt 0 0
vt 0 0
vt 0 0
vt 0 0
vt 0 0
vt 0 0
vt 0 0
vt 0 0
vt 0 0
vt 0 0
vt 0 0
vt 0 0
vt 0 0
vt 0 0
vt 0 0
vt 0 0
vt 0 0
vt 0 0
vt 0 0
vt 0 0
vt 0 0
vt 0 0
vt 0 0
vt 0 0
vt 0 0
vt 0 0
vt 0 0
vt 0 0
vt 0 0
vt 0 0
vt 0 0
vt 0 0
vt 0 0
vt 0 0
vt 0 0
vt 0 0
vt 0 0
vt 0 0
vt 0 0
vt 0 0
vt 0 0
vt 0 0
vt 0 0
vt 0 0
vt 0 0
vt 0 0
vt 0 0
vt 0 0
vt 0 0
vt 0 0
vt 0 0
vt 0 0
vt 0 0
vt 0 0
vt 0 0
vt 0 0
vt 0 0
vt 0 0
vt 0 0
vt 0 0
vt 0 0
vt 0 0
vt 0 0
vt 0 0
vt 0 0
vt 0 0
vt 0 0
vt 0 0
vt 0 0
vt 0 0
vt 0 0
vt 0 0
vt 0 0
vt 0 0
vt 0 0
vt 0 0
vt 0 0
vt 0 0
vt 0 0
vt 0 0
vt 0 0
vt 0 0
vt 0 0
vt 0 0
vt 0 0
vt 0 0
vt 0 0
vt 0 0
vt 0 0
vt 0 0
vt 0 0
vt 0 0
vt 0 0
vt 0 0
vt 0 0
vt 0 0
vt 0 0
vt 0 0
vt 0 0
vt 0 0
vt 0 0
vt 0 0
vt 0 0
vt 0 0
vt 0 0
vt 0 0
vt 0 0
vt 0 0
vt 0 0
vt 0 0
vt 0 0
vt 0 0
vt 0 0
vt 0 0
vt 0 0
vt 0 0
vt 0 0
vt 0 0
vt 0 0
vt 0 0
vt 0 0
vt 0 0
vt 0 0
vt 0 0
vt 0 0
vt 0 0
vt 0 0
vt 0 0
vt 0 0
vt 0 0
vt 0 0
vt 0 0
vt 0 0
vt 0 0
vt 0 0
vt 0 0
vt 0 0
vt 0 0
vt 0 0
vt 0 0
vt 0 0
vt 0 0
vt 0 0
vt 0 0
vt 0 0
vt 0 0
vt 0 0
vt 0 0
vt 0 0
vt 0 0
vt 0 0
vt 0 0
vt 0 0
vt 0 0
vt 0 0
vt 0 0
vt 0 0
vt 0 0
vt 0 0
vt 0 0
vt 0 0
vt 0 0
vt 0 0
vt 0 0
vt 0 0
vt 0 0
vt 0 0
vt 0 0
vt 0 0
vt 0 0
vt 0 0
vt 0 0
vt 0 0
vt 0 0
vt 0 0
vt 0 0
vt 0 0
vt 0 0
vt 0 0
vt 0 0
vt 0 0
vt 0 0
vt 0 0
vt 0 0
vt 0 0
vt 0 0
vt 0 0
vt 0 0
vt 0 0
vt 0 0
vt 0 0
vt 0 0
vt 0 0
vt 0 0
vt 0 0
vt 0 0
vt 0 0
vt 0 0
vt 0 0
vt 0 0
vt 0 0
vt 0 0
vt 0 0
vt 0 0
vt 0 0
vt 0 0
vt 0 0
vt 0 0
vt 0 0
vt 0 0
vt 0 0
vt 0 0
vt 0 0
vt 0 0
vt 0 0
vt 0 0
vt 0 0
vt 0 0
vt 0 0
vt 0 0
vt 0 0
vt 0 0
vt 0 0
vt 0 0
vt 0 0
vt 0 0
vt 0 0
vt 0 0
vt 0 0
vt 0 0
vt 0 0
vt 0 0
vt 0 0
vt 0 0
vt 0 0
vt 0 0
vt 0 0
vt 0 0
vt 0 0
vt 0 0
vt 0 0
vt 0 0
vt 0 0
vt 0 0
vt 0 0
vt 0 0
vt 0 0
vt 0 0
vt 0 0
vt 0 0
vt 0 0
vt 0 0
vt 0 0
vt 0 0
vt 0 0
vt 0 0
vt 0 0
vt 0 0
vt 0 0
vt 0 0
vt 0 0
vt 0 0
vt 0 0
vt 0 0
vt 0 0
vt 0 0
vt 0 0
vt 0 0
vt 0 0
vt 0 0
vt 0 0
vt 0 0
vt 0 0
vt 0 0
vt 0 0
vt 0 0
vt 0 0
vt 0 0
vt 0 0
vt 0 0
vt 0 0
vt 0 0
vt 0 0
vt 0 0
vt 0 0
vt 0 0
vt 0 0
vt 0 0
vt 0 0
vt 0 0
vt 0 0
vt 0 0
vt 0 0
vt 0 0
vt 0 0
vt 0 0
vt 0 0
vt 0 0
vt 0 0
vt 0 0
vt 0 0
vt 0 0
vt 0 0
vt 0 0
vt 0 0
vt 0 0
vt 0 0
vt 0 0
vt 0 0
vt 0 0
vt 0 0
vt 0 0
vt 0 0
vt 0 0
vt 0 0
vt 0 0
vt 0 0
vt 0.937 0.469
vt 0.922 0.469
vt 0.937 0.379
vt 0.922 0.469
vt 0.922 0.379
vt 0.937 0.379
vt 0.951 0.469
vt 0.937 0.469
vt 0.951 0.379
vt 0.937 0.469
vt 0.937 0.379
vt 0.951 0.379
vt 0.965 0.469
vt 0.951 0.469
vt 0.965 0.379
vt 0.951 0.469
vt 0.951 0.379
vt 0.965 0.379
vt 0.98 0.379
vt 0.98 0.469
vt 0.965 0.379
vt 0.98 0.469
vt 0.965 0.469
vt 0.965 0.379
vt 0 0
vt 0 0
vt 0 0
vt 0 0
vt 0 0
vt 0 0
vt 0 0
vt 0 0
vt 0 0
vt 0 0
vt 0 0
vt 0 0
vt 0 0
vt 0 0
vt 0 0
vt 0 0
vt 0 0
vt 0 0
vt 0.708 0.103
vt 0.498 0.103
vt 0.708 0.073
vt 0.498 0.103
vt 0.498 0.073
vt 0.708 0.073
vt 0.679 0.267
vt 0.701 0.267
vt 0.648 0.44
vt 0.701 0.267
vt 0.67 0.44
vt 0.648 0.44
vt 0 0
vt 0 0
vt 0 0
vt 0 0
vt 0 0
vt 0 0
vt 0 0
vt 0 0
vt 0 0
vt 0 0
vt 0 0
vt 0 0
vt 0 0
vt 0 0
vt 0 0
vt 0 0
vt 0 0
vt 0 0
vt 0 0
vt 0 0
vt 0 0
vt 0 0
vt 0 0
vt 0 0
vt 0 0
vt 0 0
vt 0 0
vt 0 0
vt 0 0
vt 0 0
vt 0 0
vt 0 0
vt 0 0
vt 0 0
vt 0 0
vt 0 0
vt 0 0
vt 0 0
vt 0 0
vt 0 0
vt 0 0
vt 0 0
vt 0 0
vt 0 0
vt 0 0
vt 0 0
vt 0 0
vt 0 0
vt 0 0
vt 0 0
vt 0 0
vt 0 0
vt 0 0
vt 0 0
vt 0 0
vt 0 0
vt 0 0
vt 0 0
vt 0 0
vt 0 0
vt 0 0
vt 0 0
vt 0 0
vt 0 0
vt 0 0
vt 0 0
vt 0 0
vt 0 0
vt 0 0
vt 0.708 0.103
vt 0.708 0.073
vt 0.73 0.103
vt 0.708 0.073
vt 0.73 0.073
vt 0.73 0.103
vt 0 0
vt 0 0
vt 0 0
vt 0 0
vt 0 0
vt 0 0
vt 0.679 0.267
vt 0.708 0.103
vt 0.701 0.267
vt 0.708 0.103
vt 0.73 0.103
vt 0.701 0.267
vt 0 0
vt 0 0
vt 0 0
vt 0 0
vt 0 0
vt 0 0
vt 0 0
vt 0 0
vt 0 0
vt 0 0
vt 0 0
vt 0 0
vt 0 0
vt 0 0
vt 0 0
vt 0 0
vt 0 0
vt 0 0
vt 0 0
vt 0 0
vt 0 0
vt 0 0
vt 0 0
vt 0 0
vt 0 0
vt 0 0
vt 0 0
vt 0 0
vt 0 0
vt 0 0
vt 0 0
vt 0 0
vt 0 0
vt 0 0
vt 0 0
vt 0 0
vt 0 0
vt 0 0
vt 0 0
vt 0 0
vt 0 0
vt 0 0
vt 0 0
vt 0 0
vt 0 0
vt 0 0
vt 0 0
vt 0 0
vt 0 0
vt 0 0
vt 0 0
vt 0 0
vt 0 0
vt 0 0
vt 0 0
vt 0 0
vt 0 0
vt 0 0
vt 0 0
vt 0 0
vt 0 0
vt 0 0
vt 0 0
vt 0 0
vt 0 0
vt 0 0
vt 0 0
vt 0 0
vt 0 0
vt 0 0
vt 0 0
vt 0 0
vt 0 0
vt 0 0
vt 0 0
vt 0 0
vt 0 0
vt 0 0
vt 0 0
vt 0 0
vt 0 0
vt 0 0
vt 0 0
vt 0 0
vt 0 0
vt 0 0
vt 0 0
vt 0 0
vt 0 0
vt 0 0
vt 0 0
vt 0 0
vt 0 0
vt 0 0
vt 0 0
vt 0 0
vt 0 0
vt 0 0
vt 0 0
vt 0 0
vt 0 0
vt 0 0
vt 0 0
vt 0 0
vt 0 0
vt 0 0
vt 0 0
vt 0 0
vt 0 0
vt 0 0
vt 0 0
vt 0 0
vt 0 0
vt 0 0
vt 0 0
vt 0 0
vt 0 0
vt 0 0
vt 0 0
vt 0 0
vt 0 0
vt 0 0
vt 0 0
vt 0 0
vt 0 0
vt 0 0
vt 0 0
vt 0 0
vt 0 0
vt 0 0
vt 0 0
vt 0 0
vt 0 0
vt 0 0
vt 0 0
vt 0 0
vt 0 0
vt 0 0
vt 0 0
vt 0 0
vt 0 0
vt 0 0
vt 0 0
vt 0 0
vt 0 0
vt 0 0
vt 0 0
vt 0 0
vt 0 0
vt 0 0
vt 0 0
vt 0 0
vt 0 0
vt 0 0
vt 0 0
vt 0 0
vt 0 0
vt 0 0
vt 0 0
vt 0 0
vt 0 0
vt 0 0
vt 0 0
vt 0 0
vt 0 0
vt 0 0
vt 0 0
vt 0 0
vt 0 0
vt 0 0
vt 0 0
vt 0 0
vt 0 0
vt 0 0
vt 0 0
vt 0 0
vt 0 0
vt 0 0
vt 0 0
vt 0 0
vt 0 0
vt 0 0
vt 0 0
vt 0 0
vt 0 0
vt 0 0
vt 0 0
vt 0 0
vt 0 0
vt 0 0
vt 0 0
vt 0 0
vt 0 0
vt 0 0
vt 0 0
vt 0 0
vt 0 0
vt 0 0
vt 0 0
vt 0 0
vt 0 0
vt 0 0
vt 0 0
vt 0 0
vt 0.498 0.267
vt 0.679 0.267
vt 0.498 0.44
vt 0.679 0.267
vt 0.648 0.44
vt 0.498 0.44
vt 0.708 0.103
vt 0.679 0.267
vt 0.498 0.103
vt 0.679 0.267
vt 0.498 0.267
vt 0.498 0.103
vt 0 0
vt 0 0
vt 0 0
vt 0 0
vt 0 0
vt 0 0
vt 0 0
vt 0 0
vt 0 0
vt 0 0
vt 0 0
vt 0 0
vt 0 0
vt 0 0
vt 0 0
vt 0 0
vt 0 0
vt 0 0
vt 0 0
vt 0 0
vt 0 0
vt 0.661 0.455
vt 0.648 0.44
vt 0.667 0.448
vt 0 0
vt 0 0
vt 0 0
vt 0 0
vt 0 0
vt 0 0
vt 0.661 0.455
vt 0.653 0.46
vt 0.648 0.44
vt 0 0
vt 0 0
vt 0 0
vt 0 0
vt 0 0
vt 0 0
vt 0.648 0.44
vt 0.653 0.46
vt 0.644 0.463
vt 0 0
vt 0 0
vt 0 0
vt 0 0
vt 0 0
vt 0 0
vt 0 0
vt 0 0
vt 0 0
vt 0 0
vt 0 0
vt 0 0
vt 0 0
vt 0 0
vt 0 0
vt 0 0
vt 0 0
vt 0 0
vt 0 0
vt 0 0
vt 0 0
vt 0 0
vt 0 0
vt 0 0
vt 0 0
vt 0 0
vt 0 0
vt 0 0
vt 0 0
vt 0 0
vt 0 0
vt 0 0
vt 0 0
vt 0 0
vt 0 0
vt 0 0
vt 0 0
vt 0 0
vt 0 0
vt 0 0
vt 0 0
vt 0 0
vt 0 0
vt 0 0
vt 0 0
vt 0 0
vt 0 0
vt 0 0
vt 0 0
vt 0 0
vt 0 0
vt 0 0
vt 0 0
vt 0 0
vt 0 0
vt 0 0
vt 0 0
vt 0 0
vt 0 0
vt 0 0
vt 0 0
vt 0 0
vt 0 0
vt 0 0
vt 0 0
vt 0 0
vt 0 0
vt 0 0
vt 0 0
vt 0 0
vt 0 0
vt 0 0
vt 0 0
vt 0 0
vt 0 0
vt 0 0
vt 0 0
vt 0 0
vt 0 0
vt 0 0
vt 0 0
vt 0 0
vt 0 0
vt 0 0
vt 0 0
vt 0 0
vt 0 0
vt 0 0
vt 0 0
vt 0 0
vt 0 0
vt 0 0
vt 0 0
vt 0 0
vt 0 0
vt 0 0
vt 0 0
vt 0 0
vt 0 0
vt 0 0
vt 0 0
vt 0 0
vt 0 0
vt 0 0
vt 0 0
vt 0 0
vt 0 0
vt 0 0
vt 0.667 0.448
vt 0.648 0.44
vt 0.67 0.44
vt 0 0
vt 0 0
vt 0 0
vt 0 0
vt 0 0
vt 0 0
vt 0 0
vt 0 0
vt 0 0
vt 0 0
vt 0 0
vt 0 0
vt 0 0
vt 0 0
vt 0 0
vt 0 0
vt 0 0
vt 0 0
vt 0 0
vt 0 0
vt 0 0
vt 0 0
vt 0 0
vt 0 0
vt 0.498 0.44
vt 0.648 0.44
vt 0.498 0.463
vt 0.648 0.44
vt 0.644 0.463
vt 0.498 0.463
vt 0 0
vt 0 0
vt 0 0
vt 0 0
vt 0 0
vt 0 0
vt 0 0
vt 0 0
vt 0 0
vt 0 0
vt 0 0
vt 0 0
vt 0 0
vt 0 0
vt 0 0
vt 0 0
vt 0 0
vt 0 0
vt 0 0
vt 0 0
vt 0 0
vt 0 0
vt 0 0
vt 0 0
vt 0 0
vt 0 0
vt 0 0
vt 0 0
vt 0 0
vt 0 0
vt 0 0
vt 0 0
vt 0 0
vt 0 0
vt 0 0
vt 0 0
vt 0 0
vt 0 0
vt 0 0
vt 0 0
vt 0 0
vt 0 0
vt 0 0
vt 0 0
vt 0 0
vt 0 0
vt 0 0
vt 0 0
vt 0 0
vt 0 0
vt 0 0
vt 0 0
vt 0 0
vt 0 0
vt 0 0
vt 0 0
vt 0 0
vt 0 0
vt 0 0
vt 0 0
vt 0 0
vt 0 0
vt 0 0
vt 0 0
vt 0 0
vt 0 0
vt 0 0
vt 0 0
vt 0 0
vt 0 0
vt 0 0
vt 0 0
vt 0 0
vt 0 0
vt 0 0
vt 0 0
vt 0 0
vt 0 0
vt 0 0
vt 0 0
vt 0 0
vt 0 0
vt 0 0
vt 0 0
vt 0 0
vt 0 0
vt 0 0
vt 0 0
vt 0 0
vt 0 0
vt 0 0
vt 0 0
vt 0 0
vt 0 0
vt 0 0
vt 0 0
vt 0 0
vt 0 0
vt 0 0
vt 0 0
vt 0 0
vt 0 0
vt 0 0
vt 0 0
vt 0 0
vt 0 0
vt 0 0
vt 0 0
vt 0 0
vt 0 0
vt 0 0
vt 0 0
vt 0 0
vt 0 0
vt 0 0
vt 0 0
vt 0 0
vt 0 0
vt 0 0
vt 0 0
vt 0 0
vt 0 0
vt 0 0
vt 0 0
vt 0 0
vt 0 0
vt 0 0
vt 0 0
vt 0 0
vt 0 0
vt 0 0
vt 0 0
vt 0 0
vt 0 0
vt 0 0
vt 0 0
vt 0 0
vt 0 0
vt 0 0
vt 0 0
vt 0 0
vt 0 0
vt 0 0
vt 0 0
vt 0 0
vt 0 0
vt 0 0
vt 0 0
vt 0 0
vt 0 0
vt 0 0
vt 0 0
vt 0 0
vt 0 0
vt 0 0
vt 0 0
vt 0 0
vt 0 0
vt 0 0
vt 0 0
vt 0 0
vt 0 0
vt 0 0
vt 0 0
vt 0 0
vt 0 0
vt 0 0
vt 0 0
vt 0 0
vt 0 0
vt 0 0
vt 0 0
vt 0 0
vt 0 0
vt 0 0
vt 0 0
vt 0 0
vt 0 0
vt 0 0
vt 0 0
vt 0 0
vt 0 0
vt 0 0
vt 0 0
vt 0 0
vt 0 0
vt 0 0
vt 0 0
vt 0 0
vt 0 0
vt 0 0
vt 0 0
vt 0 0
vt 0 0
vt 0 0
vt 0 0
vt 0 0
vt 0 0
vt 0 0
vt 0 0
vt 0 0
vt 0 0
vt 0 0
vt 0 0
vt 0 0
vt 0 0
vt 0 0
vt 0 0
vt 0 0
vt 0 0
vt 0 0
vt 0 0
vt 0 0
vt 0 0
vt 0 0
vt 0 0
vt 0 0
vt 0 0
vt 0 0
vt 0 0
vt 0 0
vt 0 0
vt 0 0
vt 0 0
vt 0 0
vt 0 0
vt 0 0
vt 0 0
vt 0 0
vt 0 0
vt 0 0
vt 0 0
vt 0 0
vt 0 0
vt 0 0
vt 0 0
vt 0 0
vt 0 0
vt 0 0
vt 0 0
vt 0 0
vt 0 0
vt 0 0
vt 0 0
vt 0 0
vt 0 0
vt 0 0
vt 0 0
vt 0 0
vt 0 0
vt 0 0
vt 0 0
vt 0 0
vt 0 0
vt 0 0
vt 0 0
vt 0 0
vt 0 0
vt 0 0
vt 0 0
vt 0 0
vt 0 0
vt 0 0
vt 0 0
vt 0 0
vt 0 0
vt 0 0
vt 0 0
vt 0 0
vt 0 0
vt 0 0
vt 0 0
vt 0 0
vt 0 0
vt 0 0
vt 0 0
vt 0 0
vt 0 0
vt 0 0
vt 0 0
vt 0 0
vt 0 0
vt 0 0
vt 0 0
vt 0 0
vt 0 0
vt 0 0
vt 0 0
vt 0 0
vt 0 0
vt 0 0
vt 0 0
vt 0 0
vt 0 0
vt 0 0
vt 0 0
vt 0 0
vt 0 0
vt 0 0
vt 0 0
vt 0 0
vt 0 0
vt 0 0
vt 0 0
vt 0 0
vt 0 0
vt 0 0
vt 0 0
vt 0 0
vt 0 0
vt 0 0
vt 0 0
vt 0 0
vt 0 0
vt 0 0
vt 0 0
vt 0 0
vt 0 0
vt 0 0
vt 0 0
vt 0 0
vt 0 0
vt 0 0
vt 0 0
vt 0 0
vt 0 0
vt 0 0
vt 0 0
vt 0 0
vt 0 0
vt 0 0
vt 0 0
vt 0 0
vt 0 0
vt 0 0
vt 0 0
vt 0 0
vt 0 0
vt 0 0
vt 0 0
vt 0 0
vt 0 0
vt 0 0
vt 0 0
vt 0 0
vt 0 0
vt 0 0
vt 0 0
vt 0 0
vt 0 0
vt 0 0
vt 0 0
vt 0 0
vt 0 0
vt 0 0
vt 0 0
vt 0 0
vt 0 0
vt 0 0
vt 0 0
vt 0 0
vt 0 0
vt 0 0
vt 0 0
vt 0 0
vt 0 0
vt 0 0
vt 0 0
vt 0 0
vt 0 0
vt 0 0
vt 0 0
vt 0 0
vt 0 0
vt 0 0
vt 0 0
vt 0 0
vt 0 0
vt 0 0
vt 0 0
vt 0 0
vt 0 0
vt 0 0
vt 0 0
vt 0 0
vt 0 0
vt 0 0
vt 0 0
vt 0 0
vt 0 0
vt 0 0
vt 0 0
vt 0 0
vt 0 0
vt 0 0
vt 0 0
vt 0 0
vt 0 0
vt 0 0
vt 0 0
vt 0 0
vt 0 0
vt 0 0
vt 0 0
vt 0 0
vt 0 0
vt 0 0
vt 0 0
vt 0 0
vt 0 0
vt 0 0
vt 0 0
vt 0 0
vt 0 0
vt 0 0
vt 0 0
vt 0 0
vt 0 0
vt 0 0
vt 0 0
vt 0 0
vt 0 0
vt 0 0
vt 0 0
vt 0 0
vt 0 0
vt 0 0
vt 0 0
vt 0 0
vt 0 0
vt 0 0
vt 0 0
vt 0 0
vt 0 0
vt 0 0
vt 0 0
vt 0 0
vt 0 0
vt 0 0
vt 0 0
vt 0 0
vt 0 0
vt 0 0
vt 0 0
vt 0 0
vt 0 0
vt 0 0
vt 0 0
vt 0 0
vt 0 0
vt 0 0
vt 0 0
vt 0 0
vt 0 0
vt 0 0
vt 0 0
vt 0 0
vt 0 0
vt 0 0
vt 0 0
vt 0 0
vt 0 0
vt 0 0
vt 0 0
vt 0 0
vt 0 0
vt 0 0
vt 0 0
vt 0 0
vt 0 0
vt 0 0
vt 0 0
vt 0 0
vt 0 0
vt 0 0
vt 0 0
vt 0 0
vt 0 0
vt 0 0
vt 0 0
vt 0 0
vt 0 0
vt 0 0
vt 0 0
vt 0 0
vt 0 0
vt 0 0
vt 0 0
vt 0 0
vt 0 0
vt 0 0
vt 0 0
vt 0 0
vt 0 0
vt 0 0
vt 0 0
vt 0 0
vt 0 0
vt 0 0
vt 0 0
vt 0 0
vt 0 0
vt 0 0
vt 0 0
vt 0 0
vt 0 0
vt 0 0
vt 0 0
vt 0 0
vt 0 0
vt 0 0
vt 0 0
vt 0 0
vt 0 0
vt 0 0
vt 0 0
vt 0 0
vt 0 0
vt 0 0
vt 0 0
vt 0 0
vt 0 0
vt 0 0
vt 0 0
vt 0 0
vt 0 0
vt 0 0
vt 0 0
vt 0 0
vt 0 0
vt 0 0
vt 0 0
vt 0 0
vt 0 0
vt 0 0
vt 0 0
vt 0 0
vt 0 0
vt 0 0
vt 0 0
vt 0 0
vt 0 0
vt 0 0
vt 0 0
vt 0 0
vt 0 0
vt 0 0
vt 0 0
vt 0 0
vt 0 0
vt 0 0
vt 0 0
vt 0 0
vt 0 0
vt 0 0
vt 0 0
vt 0 0
vt 0 0
vt 0 0
vt 0 0
vt 0 0
vt 0 0
vt 0 0
vt 0 0
vt 0 0
vt 0 0
vt 0 0
vt 0 0
vt 0 0
vt 0 0
vt 0 0
vt 0 0
vt 0 0
vt 0 0
vt 0 0
vt 0 0
vt 0 0
vt 0 0
vt 0 0
vt 0 0
vt 0 0
vt 0 0
vt 0 0
vt 0 0
vt 0 0
vt 0.792 0.469
vt 0.792 0.379
vt 0.806 0.469
vt 0.792 0.379
vt 0.806 0.379
vt 0.806 0.469
vt 0.778 0.469
vt 0.778 0.379
vt 0.792 0.469
vt 0.778 0.379
vt 0.792 0.379
vt 0.792 0.469
vt 0.763 0.469
vt 0.763 0.379
vt 0.778 0.469
vt 0.763 0.379
vt 0.778 0.379
vt 0.778 0.469
vt 0.749 0.379
vt 0.763 0.379
vt 0.749 0.469
vt 0.763 0.379
vt 0.763 0.469
vt 0.749 0.469
vt 0 0
vt 0 0
vt 0 0
vt 0 0
vt 0 0
vt 0 0
vt 0 0
vt 0 0
vt 0 0
vt 0 0
vt 0 0
vt 0 0
vt 0 0
vt 0 0
vt 0 0
vt 0 0
vt 0 0
vt 0 0
vt 0 0
vt 0 0
vt 0 0
vt 0 0
vt 0 0
vt 0 0
vt 0 0
vt 0 0
vt 0 0
vt 0 0
vt 0 0
vt 0 0
vt 0 0
vt 0 0
vt 0 0
vt 0 0
vt 0 0
vt 0 0
vt 0 0
vt 0 0
vt 0 0
vt 0 0
vt 0 0
vt 0 0
vt 0 0
vt 0 0
vt 0 0
vt 0 0
vt 0 0
vt 0 0
vt 0 0
vt 0 0
vt 0 0
vt 0 0
vt 0 0
vt 0 0
vt 0 0
vt 0 0
vt 0 0
vt 0 0
vt 0 0
vt 0 0
vt 0 0
vt 0 0
vt 0 0
vt 0 0
vt 0 0
vt 0 0
vt 0 0
vt 0 0
vt 0 0
vt 0 0
vt 0 0
vt 0 0
vt 0 0
vt 0 0
vt 0 0
vt 0 0
vt 0 0
vt 0 0
vt 0 0
vt 0 0
vt 0 0
vt 0 0
vt 0 0
vt 0 0
vt 0 0
vt 0 0
vt 0 0
vt 0 0
vt 0 0
vt 0 0
vt 0 0
vt 0 0
vt 0 0
vt 0 0
vt 0 0
vt 0 0
vt 0 0
vt 0 0
vt 0 0
vt 0 0
vt 0 0
vt 0 0
vt 0 0
vt 0 0
vt 0 0
vt 0 0
vt 0 0
vt 0 0
vt 0 0
vt 0 0
vt 0 0
vt 0 0
vt 0 0
vt 0 0
vt 0 0
vt 0 0
vt 0 0
vt 0 0
vt 0 0
vt 0 0
vt 0 0
vt 0 0
vt 0 0
vt 0 0
vt 0 0
vt 0 0
vt 0 0
vt 0 0
vt 0 0
vt 0 0
vt 0 0
vt 0 0
vt 0 0
vt 0 0
vt 0 0
vt 0 0
vt 0 0
vt 0 0
vt 0 0
vt 0 0
vt 0 0
vt 0 0
vt 0 0
vt 0 0
vt 0 0
vt 0 0
vt 0 0
vt 0 0
vt 0 0
vt 0 0
vt 0 0
vt 0 0
vt 0 0
vt 0 0
vt 0 0
vt 0 0
vt 0 0
vt 0 0
vt 0 0
vt 0 0
vt 0 0
vt 0 0
vt 0 0
vt 0 0
vt 0 0
vt 0 0
vt 0 0
vt 0 0
vt 0 0
vt 0 0
vt 0 0
vt 0 0
vt 0 0
vt 0 0
vt 0 0
vt 0 0
vt 0 0
vt 0 0
vt 0 0
vt 0 0
vt 0 0
vt 0 0
vt 0 0
vt 0 0
vt 0 0
vt 0 0
vt 0 0
vt 0 0
vt 0 0
vt 0 0
vt 0 0
vt 0 0
vt 0 0
vt 0 0
vt 0 0
vt 0 0
vt 0 0
vt 0 0
vt 0 0
vt 0 0
vt 0 0
vt 0 0
vt 0 0
vt 0 0
vt 0 0
vt 0 0
vt 0 0
vt 0 0
vt 0 0
vt 0 0
vt 0 0
vt 0 0
vt 0 0
vt 0 0
vt 0 0
vt 0 0
vt 0 0
vt 0 0
vt 0 0
vt 0 0
vt 0 0
vt 0 0
vt 0 0
vt 0 0
vt 0 0
vt 0 0
vt 0 0
vt 0 0
vt 0 0
vt 0 0
vt 0 0
vt 0 0
vt 0 0
vt 0 0
vt 0 0
vt 0 0
vt 0 0
vt 0 0
vt 0 0
vt 0 0
vt 0 0
vt 0 0
vt 0 0
vt 0 0
vt 0 0
vt 0 0
vt 0 0
vt 0 0
vt 0 0
vt 0 0
vt 0 0
vt 0 0
vt 0 0
vt 0 0
vt 0 0
vt 0 0
vt 0 0
vt 0 0
vt 0 0
vt 0 0
vt 0 0
vt 0 0
vt 0 0
vt 0 0
vt 0 0
vt 0 0
vt 0 0
vt 0 0
vt 0 0
vt 0 0
vt 0 0
vt 0 0
vt 0 0
vt 0 0
vt 0 0
vt 0 0
vt 0 0
vt 0 0
vt 0 0
vt 0 0
vt 0 0
vt 0 0
vt 0 0
vt 0 0
vt 0 0
vt 0 0
vt 0 0
vt 0 0
vt 0 0
vt 0 0
vt 0 0
vt 0 0
vt 0 0
vt 0 0
vt 0 0
vt 0 0
vt 0 0
vt 0 0
vt 0 0
vt 0 0
vt 0 0
vt 0 0
vt 0 0
vt 0 0
vt 0 0
vt 0 0
vt 0 0
vt 0 0
vt 0 0
vt 0 0
vt 0 0
vt 0 0
vt 0 0
vt 0 0
vt 0 0
vt 0 0
vt 0 0
vt 0 0
vt 0 0
vt 0 0
vt 0 0
vt 0 0
vt 0 0
vt 0 0
vt 0 0
vt 0 0
vt 0 0
vt 0 0
vt 0 0
vt 0 0
vt 0 0
vt 0 0
vt 0 0
vt 0 0
vt 0 0
vt 0 0
vt 0 0
vt 0 0
vt 0 0
vt 0 0
vt 0 0
vt 0 0
vt 0 0
vt 0 0
vt 0 0
vt 0 0
vt 0 0
vt 0 0
vt 0 0
vt 0 0
vt 0 0
vt 0 0
vt 0 0
vt 0 0
vt 0 0
vt 0 0
vt 0 0
vt 0 0
vt 0 0
vt 0 0
vt 0 0
vt 0 0
vt 0 0
vt 0 0
vt 0 0
vt 0 0
vt 0 0
vt 0 0
vt 0 0
vt 0 0
vt 0 0
vt 0 0
vt 0 0
vt 0 0
vt 0 0
vt 0 0
vt 0 0
vt 0 0
vt 0 0
vt 0 0
vt 0 0
vt 0 0
vt 0 0
vt 0 0
vt 0 0
vt 0 0
vt 0 0
vt 0 0
vt 0 0
vt 0 0
vt 0 0
vt 0 0
vt 0 0
vt 0 0
vt 0 0
vt 0 0
vt 0 0
vt 0 0
vt 0 0
vt 0 0
vt 0 0
vt 0 0
vt 0 0
vt 0 0
vt 0 0
vt 0 0
vt 0 0
vt 0 0
vt 0 0
vt 0 0
vt 0 0
vt 0 0
vt 0 0
vt 0 0
vt 0 0
vt 0 0
vt 0 0
vt 0 0
vt 0 0
vt 0 0
vt 0 0
vt 0 0
vt 0 0
vt 0 0
vt 0 0
vt 0 0
vt 0 0
vt 0 0
vt 0 0
vt 0 0
vt 0 0
vt 0 0
vt 0 0
vt 0 0
vt 0 0
vt 0 0
vt 0 0
vt 0 0
vt 0 0
vt 0 0
vt 0 0
vt 0 0
vt 0 0
vt 0 0
vt 0 0
vt 0 0
vt 0 0
vt 0 0
vt 0 0
vt 0 0
vt 0 0
vt 0 0
vt 0 0
vt 0 0
vt 0 0
vt 0 0
vt 0 0
vt 0 0
vt 0 0
vt 0 0
vt 0 0
vt 0 0
vt 0 0
vt 0 0
vt 0 0
vt 0 0
vt 0 0
vt 0 0
vt 0 0
vt 0 0
vt 0 0
vt 0 0
vt 0 0
vt 0 0
vt 0 0
vt 0 0
vt 0 0
vt 0 0
vt 0 0
vt 0 0
vt 0 0
vt 0 0
vt 0 0
vt 0 0
vt 0 0
vt 0 0
vt 0 0
vt 0 0
vt 0 0
vt 0 0
vt 0 0
vt 0 0
vt 0 0
vt 0 0
vt 0 0
vt 0 0
vt 0 0
vt 0 0
vt 0 0
vt 0 0
vt 0 0
vt 0 0
vt 0 0
vt 0 0
vt 0 0
vt 0 0
vt 0 0
vt 0 0
vt 0 0
vt 0 0
vt 0 0
vt 0 0
vt 0 0
vt 0 0
vt 0 0
vt 0 0
vt 0 0
vt 0 0
vt 0 0
vt 0 0
vt 0 0
vt 0 0
vt 0 0
vt 0 0
vt 0 0
vt 0 0
vt 0 0
vt 0 0
vt 0 0
vt 0 0
vt 0 0
vt 0 0
vt 0 0
vt 0 0
vt 0 0
vt 0 0
vt 0 0
vt 0 0
vt 0 0
vt 0 0
vt 0 0
vt 0 0
vt 0 0
vt 0 0
vt 0 0
vt 0 0
vt 0 0
vt 0 0
vt 0 0
vt 0 0
vt 0 0
vt 0 0
vt 0 0
vt 0 0
vt 0 0
vt 0 0
vt 0 0
vt 0 0
vt 0 0
vt 0 0
vt 0 0
vt 0 0
vt 0 0
vt 0 0
vt 0 0
vt 0 0
vt 0 0
vt 0 0
vt 0 0
vt 0 0
vt 0 0
vt 0 0
vt 0 0
vt 0 0
vt 0 0
vt 0 0
vt 0 0
vt 0 0
vt 0 0
vt 0 0
vt 0 0
vt 0 0
vt 0 0
vt 0 0
vt 0 0
vt 0 0
vt 0 0
vt 0 0
vt 0 0
vt 0 0
vt 0 0
vt 0 0
vt 0 0
vt 0 0
vt 0 0
vt 0 0
vt 0 0
vt 0 0
vt 0 0
vt 0 0
vt 0 0
vt 0 0
vt 0 0
vt 0 0
vt 0 0
vt 0 0
vt 0 0
vt 0 0
vt 0 0
vt 0 0
vt 0 0
vt 0 0
vt 0 0
vt 0 0
vt 0 0
vt 0 0
vt 0 0
vt 0 0
vt 0 0
vt 0 0
vt 0 0
vt 0 0
vt 0 0
vt 0 0
vt 0 0
vt 0 0
vt 0 0
vt 0 0
vt 0 0
vt 0 0
vt 0 0
vt 0 0
vt 0 0
vt 0 0
vt 0 0
vt 0 0
vt 0 0
vt 0 0
vt 0 0
vt 0 0
vt 0 0
vt 0 0
vt 0 0
vt 0 0
vt 0 0
vt 0 0
vt 0 0
vt 0 0
vt 0 0
vt 0 0
vt 0 0
vt 0 0
vt 0 0
vt 0 0
vt 0 0
vt 0 0
vt 0 0
vt 0 0
vt 0 0
vt 0 0
vt 0 0
vt 0 0
vt 0 0
vt 0 0
vt 0 0
vt 0 0
vt 0 0
vt 0 0
vt 0 0
vt 0 0
vt 0 0
vt 0 0
vt 0 0
vt 0 0
vt 0 0
vt 0 0
vt 0 0
vt 0 0
vt 0 0
vt 0 0
vt 0 0
vt 0 0
vt 0 0
vt 0 0
vt 0 0
vt 0 0
vt 0 0
vt 0 0
vt 0 0
vt 0 0
vt 0 0
vt 0 0
vt 0 0
vt 0 0
vt 0 0
vt 0 0
vt 0 0
vt 0 0
vt 0 0
vt 0 0
vt 0 0
vt 0 0
vt 0 0
vt 0 0
vt 0 0
vt 0 0
vt 0 0
vt 0 0
vt 0 0
vt 0 0
vt 0 0
vt 0 0
vt 0 0
vt 0 0
vt 0 0
vt 0 0
vt 0 0
vt 0 0
vt 0 0
vt 0 0
vt 0 0
vt 0 0
vt 0 0
vt 0 0
vt 0 0
vt 0 0
vt 0 0
vt 0 0
vt 0 0
vt 0 0
vt 0 0
vt 0 0
vt 0 0
vt 0 0
vt 0 0
vt 0 0
vt 0 0
vt 0 0
vt 0 0
vt 0 0
vt 0 0
vt 0 0
vt 0 0
vt 0 0
vt 0 0
vt 0 0
vt 0 0
vt 0 0
vt 0 0
vt 0 0
vt 0 0
vt 0 0
vt 0 0
vt 0 0
vt 0 0
vt 0 0
vt 0 0
vt 0 0
vt 0 0
vt 0 0
vt 0 0
vt 0 0
vt 0 0
vt 0 0
vt 0 0
vt 0 0
vt 0 0
vt 0 0
vt 0 0
vt 0 0
vt 0 0
vt 0 0
vt 0 0
vt 0 0
vt 0 0
vt 0 0
vt 0 0
vt 0 0
vt 0 0
vt 0 0
vt 0 0
vt 0 0
vt 0 0
vt 0 0
vt 0 0
vt 0 0
vt 0 0
vt 0 0
vt 0 0
vt 0 0
vt 0 0
vt 0 0
vt 0 0
vt 0 0
vt 0 0
vt 0 0
vt 0 0
vt 0 0
vt 0 0
vt 0 0
vt 0 0
vt 0 0
vt 0 0
vt 0 0
vt 0 0
vt 0 0
vt 0 0
vt 0 0
vt 0 0
vt 0 0
vt 0 0
vt 0 0
vt 0 0
vt 0 0
vt 0 0
vt 0 0
vt 0 0
vt 0 0
vt 0 0
vt 0 0
vt 0 0
vt 0 0
vt 0 0
vt 0 0
vt 0 0
vt 0 0
vt 0 0
vt 0 0
vt 0 0
vt 0 0
vt 0 0
vt 0 0
vt 0 0
vt 0 0
vt 0 0
vt 0 0
vt 0 0
vt 0 0
vt 0 0
vt 0 0
vt 0 0
vt 0 0
vt 0 0
vt 0 0
vt 0 0
vt 0 0
vt 0 0
vt 0 0
vt 0 0
vt 0 0
vt 0 0
vt 0 0
vt 0 0
vt 0 0
vt 0 0
vt 0 0
vt 0 0
vt 0 0
vt 0 0
vt 0 0
vt 0 0
vt 0 0
vt 0 0
vt 0 0
vt 0 0
vt 0 0
vt 0 0
vt 0 0
vt 0 0
vt 0 0
vt 0 0
vt 0 0
vt 0 0
vt 0 0
vt 0 0
vt 0 0
vt 0 0
vt 0 0
vt 0 0
vt 0 0
vt 0 0
vt 0 0
vt 0 0
vt 0 0
vt 0 0
vt 0 0
vt 0 0
vt 0 0
vt 0 0
vt 0 0
vt 0 0
vt 0 0
vt 0 0
vt 0 0
vt 0 0
vt 0 0
vt 0 0
vt 0 0
vt 0 0
vt 0 0
vt 0 0
vt 0 0
vt 0 0
vt 0 0
vt 0 0
vt 0 0
vt 0 0
vt 0 0
vt 0 0
vt 0 0
vt 0 0
vt 0 0
vt 0 0
vt 0 0
vt 0 0
vt 0 0
vt 0 0
vt 0 0
vt 0 0
vt 0 0
vt 0 0
vt 0 0
vt 0 0
vt 0 0
vt 0 0
vt 0 0
vt 0 0
vt 0 0
vt 0 0
vt 0 0
usemtl MB_5_official_8978
s off
f 986/4045 990/4046 952/4047
f 990/4048 951/4049 952/4050
f 990/4051 1810/4052 951/4053
f 1810/4054 955/4055 951/4056
f 969/4057 1128/4058 1798/4059
f 1128/4060 1797/4061 1798/4062
f 971/4063 1811/4064 970/4065
f 1811/4066 985/4067 970/4068
f 1758/4069 1757/4070 1759/4071
f 1757/4072 1760/4073 1759/4074
f 1757/4075 1756/4076 1760/4077
f 1756/4078 1761/4079 1760/4080
f 1755/4081 1762/4082 1756/4083
f 1762/4084 1761/4085 1756/4086
f 1754/4087 1763/4088 1755/4089
f 1763/4090 1762/4091 1755/4092
f 1753/4093 1764/4094 1754/4095
f 1764/4096 1763/4097 1754/4098
f 1753/4099 1752/4100 1764/4101
f 1752/4102 1765/4103 1764/4104
f 1751/4105 1766/4106 1752/4107
f 1766/4108 1765/4109 1752/4110
f 1750/4111 1767/4112 1751/4113
f 1767/4114 1766/4115 1751/4116
f 954/4117 1876/4118 1776/4119
f 1876/4120 1498/4121 1776/4122
f 1795/4123 1779/4124 1796/4125
f 1779/4126 1783/4127 1796/4128
f 1799/4129 973/4130 1876/4131
f 951/4132 955/4133 1499/4134
f 955/4135 1778/4136 1499/4137
f 969/4138 1798/4139 1806/4140
f 1798/4141 1800/4142 1806/4143
f 1794/4144 1774/4145 1795/4146
f 1774/4147 1779/4148 1795/4149
f 971/4150 969/4151 1811/4152
f 969/4153 1806/4154 1811/4155
f 1793/4156 1773/4157 1794/4158
f 1773/4159 1774/4160 1794/4161
f 1505/4162 972/4163 1816/4164
f 972/4165 996/4166 1816/4167
f 1792/4168 1772/4169 1793/4170
f 1772/4171 1773/4172 1793/4173
f 1791/4174 1771/4175 1792/4176
f 1771/4177 1772/4178 1792/4179
f 1790/4180 1770/4181 1791/4182
f 1770/4183 1771/4184 1791/4185
f 1788/4186 1768/4187 1790/4188
f 1768/4189 1770/4190 1790/4191
f 1777/4192 1775/4193 1496/4194
f 1775/4195 1495/4196 1496/4197
f 1491/4198 1780/4199 1782/4200
f 1504/4201 1769/4202 1788/4203
f 1769/4204 1768/4205 1788/4206
f 1492/4207 1784/4208 943/4209
f 1785/4210 1877/4211 1207/4212
f 1877/4213 1126/4214 1207/4215
f 942/4216 943/4217 1784/4218
f 941/4219 942/4220 1784/4221
f 1724/4222 1501/4223 1787/4224
f 1501/4225 1781/4226 1787/4227
f 941/4228 1784/4229 940/4230
f 976/4231 936/4232 1875/4233
f 936/4234 1786/4235 1875/4236
f 1780/4237 937/4238 938/4239
f 1780/4240 938/4241 939/4242
f 1780/4243 1491/4244 937/4245
f 1780/4246 939/4247 940/4248
f 1132/4249 935/4250 1207/4251
f 935/4252 1785/4253 1207/4254
f 940/4255 1784/4256 1780/4257
f 1494/4258 1789/4259 950/4260
f 1789/4261 968/4262 950/4263
f 950/4264 968/4265 949/4266
f 968/4267 967/4268 949/4269
f 949/4270 967/4271 948/4272
f 967/4273 966/4274 948/4275
f 948/4276 966/4277 947/4278
f 966/4279 965/4280 947/4281
f 947/4282 965/4283 946/4284
f 965/4285 964/4286 946/4287
f 946/4288 964/4289 945/4290
f 964/4291 963/4292 945/4293
f 945/4294 963/4295 944/4296
f 963/4297 962/4298 944/4299
f 944/4300 962/4301 1493/4302
f 962/4303 1503/4304 1493/4305
f 1499/4306 953/4307 951/4308
f 953/4309 956/4310 951/4311
f 956/4312 957/4313 951/4314
f 957/4315 958/4316 951/4317
f 958/4318 952/4319 951/4320
f 1490/4321 953/4322 1499/4323
f 959/4324 952/4325 958/4326
f 960/4327 952/4328 959/4329
f 961/4330 952/4331 960/4332
f 952/4333 961/4334 1500/4335
f 1500/4336 961/4337 1502/4338
f 1127/4339 1878/4340 973/4341
f 1878/4342 1876/4343 973/4344
f 1492/4345 1497/4346 1784/4347
f 1775/4348 1777/4349 1805/4350
f 1777/4351 1809/4352 1805/4353
f 1000/4354 972/4355 1163/4356
f 972/4357 1131/4358 1163/4359
f 1129/4360 971/4361 1130/4362
f 971/4363 970/4364 1130/4365
f 969/4366 971/4367 1128/4368
f 971/4369 1129/4370 1128/4371
f 1876/4372 954/4373 1804/4374
f 995/4375 952/4376 1506/4377
f 952/4378 1500/4379 1506/4380
f 1799/4381 1876/4382 1801/4383
f 1801/4384 1876/4385 1802/4386
f 1802/4387 1876/4388 1803/4389
f 1803/4390 1876/4391 1804/4392
f 1867/4393 970/4394 1866/4395
f 986/4396 952/4397 1873/4398
f 952/4399 1874/4400 1872/4401
f 1867/4402 1868/4403 970/4404
f 972/4405 1869/4406 1871/4407
f 1000/4408 1870/4409 972/4410
f 970/4411 1868/4412 1001/4413
f 974/4414 977/4415 981/4416
f 977/4417 984/4418 981/4419
f 977/4420 978/4421 984/4422
f 978/4423 983/4424 984/4425
f 978/4426 979/4427 983/4428
f 979/4429 1807/4430 983/4431
f 979/4432 975/4433 1807/4434
f 975/4435 1808/4436 1807/4437
f 995/4438 1874/4439 952/4440
f 981/4441 984/4442 991/4443
f 984/4444 994/4445 991/4446
f 984/4447 983/4448 994/4449
f 983/4450 993/4451 994/4452
f 983/4453 982/4454 993/4455
f 982/4456 992/4457 993/4458
f 982/4459 980/4460 992/4461
f 980/4462 1812/4463 992/4464
f 1813/4465 989/4466 1812/4467
f 989/4468 992/4469 1812/4470
f 989/4471 988/4472 992/4473
f 988/4474 993/4475 992/4476
f 988/4477 987/4478 993/4479
f 987/4480 994/4481 993/4482
f 987/4483 1814/4484 994/4485
f 1814/4486 991/4487 994/4488
f 996/4489 972/4490 1871/4491
f 952/4492 1872/4493 1873/4494
f 1815/4495 999/4496 1507/4497
f 999/4498 1510/4499 1507/4500
f 999/4501 998/4502 1510/4503
f 998/4504 1509/4505 1510/4506
f 998/4507 997/4508 1509/4509
f 997/4510 1508/4511 1509/4512
f 997/4513 1818/4514 1508/4515
f 1818/4516 1817/4517 1508/4518
f 972/4519 1870/4520 1869/4521
f 1866/4522 970/4523 985/4524
f 1819/4525 1004/4526 1820/4527
f 1004/4528 1167/4529 1820/4530
f 1004/4531 1003/4532 1167/4533
f 1003/4534 1166/4535 1167/4536
f 1003/4537 1002/4538 1166/4539
f 1002/4540 1165/4541 1166/4542
f 1002/4543 1822/4544 1165/4545
f 1822/4546 1821/4547 1165/4548
f 1130/4549 970/4550 1164/4551
f 970/4552 1001/4553 1164/4554
f 1825/4555 1826/4556 1823/4557
f 1826/4558 1827/4559 1823/4560
f 1824/4561 1828/4562 1011/4563
f 1828/4564 1012/4565 1011/4566
f 1008/4567 1006/4568 1830/4569
f 1006/4570 1010/4571 1830/4572
f 1005/4573 1007/4574 1009/4575
f 1007/4576 1829/4577 1009/4578
f 1834/4579 1833/4580 1838/4581
f 1833/4582 1837/4583 1838/4584
f 1835/4585 1834/4586 1839/4587
f 1834/4588 1838/4589 1839/4590
f 1836/4591 1835/4592 1840/4593
f 1835/4594 1839/4595 1840/4596
f 1841/4597 1846/4598 1840/4599
f 1846/4600 1836/4601 1840/4602
f 1849/4603 1844/4604 1016/4605
f 1843/4606 1848/4607 1842/4608
f 1848/4609 1847/4610 1842/4611
f 1842/4612 1847/4613 1841/4614
f 1847/4615 1846/4616 1841/4617
f 1849/4618 1848/4619 1844/4620
f 1848/4621 1843/4622 1844/4623
f 1865/4624 1831/4625 1864/4626
f 1831/4627 1850/4628 1864/4629
f 1864/4630 1850/4631 1863/4632
f 1850/4633 1853/4634 1863/4635
f 1029/4636 1048/4637 1028/4638
f 1048/4639 1047/4640 1028/4641
f 1023/4642 1042/4643 1024/4644
f 1042/4645 1043/4646 1024/4647
f 1020/4648 1039/4649 1022/4650
f 1039/4651 1041/4652 1022/4653
f 1026/4654 1045/4655 1027/4656
f 1045/4657 1046/4658 1027/4659
f 1014/4660 1832/4661 1865/4662
f 1832/4663 1831/4664 1865/4665
f 1019/4666 1038/4667 1018/4668
f 1038/4669 1037/4670 1018/4671
f 1021/4672 1040/4673 1025/4674
f 1040/4675 1044/4676 1025/4677
f 1017/4678 1036/4679 1013/4680
f 1036/4681 1032/4682 1013/4683
f 1030/4684 1049/4685 1029/4686
f 1049/4687 1048/4688 1029/4689
f 1845/4690 1035/4691 1852/4692
f 1035/4693 1851/4694 1852/4695
f 1028/4696 1047/4697 1019/4698
f 1047/4699 1038/4700 1019/4701
f 1024/4702 1043/4703 1021/4704
f 1043/4705 1040/4706 1021/4707
f 1022/4708 1041/4709 1023/4710
f 1041/4711 1042/4712 1023/4713
f 1027/4714 1046/4715 1845/4716
f 1046/4717 1035/4718 1845/4719
f 1025/4720 1044/4721 1026/4722
f 1044/4723 1045/4724 1026/4725
f 1031/4726 1050/4727 1030/4728
f 1050/4729 1049/4730 1030/4731
f 1018/4732 1037/4733 1017/4734
f 1037/4735 1036/4736 1017/4737
f 1033/4738 1854/4739 1855/4740
f 1854/4741 1856/4742 1855/4743
f 1854/4744 1857/4745 1856/4746
f 1857/4747 1858/4748 1856/4749
f 1857/4750 1859/4751 1858/4752
f 1859/4753 1860/4754 1858/4755
f 1859/4756 1861/4757 1860/4758
f 1861/4759 1862/4760 1860/4761
f 1050/4762 1056/4763 1512/4764
f 1050/4765 1054/4766 1056/4767
f 1050/4768 1052/4769 1054/4770
f 1050/4771 1034/4772 1052/4773
f 1035/4774 1051/4775 1851/4776
f 1035/4777 1053/4778 1051/4779
f 1035/4780 1055/4781 1053/4782
f 1035/4783 1511/4784 1055/4785
f 1511/4786 1035/4787 1513/4788
f 1050/4789 1512/4790 1514/4791
f 1849/4792 1016/4793 1853/4794
f 1016/4795 1863/4796 1853/4797
f 1058/4798 1057/4799 1059/4800
f 1852/4801 1059/4802 1845/4803
f 1059/4804 1057/4805 1845/4806
f 1033/4807 1855/4808 1014/4809
f 1855/4810 1832/4811 1014/4812
f 1034/4813 1050/4814 1015/4815
f 1050/4816 1031/4817 1015/4818
f 1062/4819 1015/4820 1060/4821
f 1015/4822 1031/4823 1060/4824
f 1061/4825 1062/4826 1060/4827
f 1813/4828 1071/4829 989/4830
f 1071/4831 1074/4832 989/4833
f 989/4834 1074/4835 988/4836
f 1074/4837 1073/4838 988/4839
f 988/4840 1073/4841 987/4842
f 1073/4843 1072/4844 987/4845
f 987/4846 1072/4847 1814/4848
f 1072/4849 1063/4850 1814/4851
f 1064/4852 1063/4853 1084/4854
f 1063/4855 1072/4856 1084/4857
f 1072/4858 1073/4859 1084/4860
f 1073/4861 1083/4862 1084/4863
f 1073/4864 1074/4865 1083/4866
f 1074/4867 1082/4868 1083/4869
f 1070/4870 1082/4871 1071/4872
f 1082/4873 1074/4874 1071/4875
f 1065/4876 1064/4877 1110/4878
f 1081/4879 1084/4880 1080/4881
f 1084/4882 1083/4883 1080/4884
f 1080/4885 1083/4886 1079/4887
f 1083/4888 1082/4889 1079/4890
f 1079/4891 1097/4892 1088/4893
f 1097/4894 1101/4895 1088/4896
f 1077/4897 1078/4898 1087/4899
f 1078/4900 1088/4901 1087/4902
f 1076/4903 1077/4904 1086/4905
f 1077/4906 1087/4907 1086/4908
f 1075/4909 1076/4910 1085/4911
f 1076/4912 1086/4913 1085/4914
f 1067/4915 1075/4916 1066/4917
f 1075/4918 1085/4919 1066/4920
f 1079/4921 1088/4922 1080/4923
f 1088/4924 1078/4925 1080/4926
f 1077/4927 1091/4928 1078/4929
f 1091/4930 1092/4931 1078/4932
f 1076/4933 1090/4934 1077/4935
f 1090/4936 1091/4937 1077/4938
f 1075/4939 1089/4940 1076/4941
f 1089/4942 1090/4943 1076/4944
f 1081/4945 1080/4946 1092/4947
f 1080/4948 1078/4949 1092/4950
f 1067/4951 1068/4952 1075/4953
f 1068/4954 1089/4955 1075/4956
f 998/4957 1094/4958 997/4959
f 1094/4960 1093/4961 997/4962
f 999/4963 1095/4964 998/4965
f 1095/4966 1094/4967 998/4968
f 1069/4969 1818/4970 1096/4971
f 999/4972 1815/4973 1095/4974
f 1815/4975 1066/4976 1095/4977
f 1066/4978 1098/4979 1095/4980
f 1099/4981 1094/4982 1098/4983
f 1094/4984 1095/4985 1098/4986
f 1100/4987 1093/4988 1099/4989
f 1093/4990 1094/4991 1099/4992
f 1100/4993 1101/4994 1093/4995
f 1101/4996 1096/4997 1093/4998
f 997/4999 1093/5000 1818/5001
f 1093/5002 1096/5003 1818/5004
f 1097/5005 1069/5006 1101/5007
f 1069/5008 1096/5009 1101/5010
f 1087/5011 1088/5012 1100/5013
f 1088/5014 1101/5015 1100/5016
f 1087/5017 1100/5018 1086/5019
f 1100/5020 1099/5021 1086/5022
f 1086/5023 1099/5024 1085/5025
f 1099/5026 1098/5027 1085/5028
f 1079/5029 1082/5030 1097/5031
f 1082/5032 1070/5033 1097/5034
f 1070/5035 1069/5036 1097/5037
f 1106/5038 1092/5039 1107/5040
f 1092/5041 1091/5042 1107/5043
f 1107/5044 1091/5045 1108/5046
f 1091/5047 1090/5048 1108/5049
f 1108/5050 1090/5051 1109/5052
f 1090/5053 1089/5054 1109/5055
f 1003/5056 1104/5057 1002/5058
f 1104/5059 1105/5060 1002/5061
f 1004/5062 1103/5063 1003/5064
f 1103/5065 1104/5066 1003/5067
f 1819/5068 1102/5069 1004/5070
f 1102/5071 1103/5072 1004/5073
f 1002/5074 1105/5075 1822/5076
f 1105/5077 1068/5078 1822/5079
f 1065/5080 1102/5081 1819/5082
f 1085/5083 1098/5084 1066/5085
f 1104/5086 1108/5087 1105/5088
f 1108/5089 1109/5090 1105/5091
f 1103/5092 1107/5093 1104/5094
f 1107/5095 1108/5096 1104/5097
f 1102/5098 1106/5099 1103/5100
f 1106/5101 1107/5102 1103/5103
f 1081/5104 1110/5105 1084/5106
f 1110/5107 1064/5108 1084/5109
f 1065/5110 1110/5111 1102/5112
f 1110/5113 1106/5114 1102/5115
f 1081/5116 1092/5117 1110/5118
f 1092/5119 1106/5120 1110/5121
f 1105/5122 1109/5123 1068/5124
f 1089/5125 1068/5126 1109/5127
f 1880/5128 1748/5129 1881/5130
f 1748/5131 1882/5132 1883/5133
f 1748/5134 1883/5135 1881/5136
f 1748/5137 1880/5138 1879/5139
f 1114/5140 1113/5141 1522/5142
f 1113/5143 1521/5144 1522/5145
f 1115/5146 1111/5147 1114/5148
f 1111/5149 1113/5150 1114/5151
f 1116/5152 1112/5153 1115/5154
f 1112/5155 1111/5156 1115/5157
f 1308/5158 1112/5159 1312/5160
f 1112/5161 1116/5162 1312/5163
f 1131/5164 972/5165 1749/5166
f 972/5167 1505/5168 1749/5169
f 1180/5170 1141/5171 1184/5172
f 1141/5173 1140/5174 1184/5175
f 1184/5176 1140/5177 1942/5178
f 1140/5179 1144/5180 1942/5181
f 1158/5182 1930/5183 1128/5184
f 1930/5185 1797/5186 1128/5187
f 1160/5188 1159/5189 1943/5190
f 1159/5191 1179/5192 1943/5193
f 1892/5194 1893/5195 1891/5196
f 1893/5197 1894/5198 1891/5199
f 1891/5200 1894/5201 1890/5202
f 1894/5203 1895/5204 1890/5205
f 1889/5206 1890/5207 1896/5208
f 1890/5209 1895/5210 1896/5211
f 1888/5212 1889/5213 1897/5214
f 1889/5215 1896/5216 1897/5217
f 1887/5218 1888/5219 1898/5220
f 1888/5221 1897/5222 1898/5223
f 1887/5224 1898/5225 1886/5226
f 1898/5227 1899/5228 1886/5229
f 1885/5230 1886/5231 1900/5232
f 1886/5233 1899/5234 1900/5235
f 1884/5236 1885/5237 1901/5238
f 1885/5239 1900/5240 1901/5241
f 1143/5242 1910/5243 2006/5244
f 1910/5245 1720/5246 2006/5247
f 1928/5248 1929/5249 1913/5250
f 1929/5251 1917/5252 1913/5253
f 1931/5254 2006/5255 1162/5256
f 1140/5257 1721/5258 1144/5259
f 1721/5260 1912/5261 1144/5262
f 1158/5263 1938/5264 1930/5265
f 1938/5266 1932/5267 1930/5268
f 1927/5269 1928/5270 1908/5271
f 1928/5272 1913/5273 1908/5274
f 1160/5275 1943/5276 1158/5277
f 1943/5278 1938/5279 1158/5280
f 1926/5281 1927/5282 1907/5283
f 1927/5284 1908/5285 1907/5286
f 1728/5287 1948/5288 1161/5289
f 1948/5290 1190/5291 1161/5292
f 1925/5293 1926/5294 1906/5295
f 1926/5296 1907/5297 1906/5298
f 1924/5299 1925/5300 1905/5301
f 1925/5302 1906/5303 1905/5304
f 1923/5305 1924/5306 1904/5307
f 1924/5308 1905/5309 1904/5310
f 1921/5311 1923/5312 1902/5313
f 1923/5314 1904/5315 1902/5316
f 1911/5317 1718/5318 1909/5319
f 1718/5320 1717/5321 1909/5322
f 1713/5323 1916/5324 1914/5325
f 1727/5326 1921/5327 1903/5328
f 1921/5329 1902/5330 1903/5331
f 1714/5332 1125/5333 1918/5334
f 1919/5335 1207/5336 2007/5337
f 1207/5338 1126/5339 2007/5340
f 1124/5341 1918/5342 1125/5343
f 1123/5344 1918/5345 1124/5346
f 1724/5347 1787/5348 1723/5349
f 1787/5350 1915/5351 1723/5352
f 1123/5353 1122/5354 1918/5355
f 1170/5356 2005/5357 1118/5358
f 2005/5359 1920/5360 1118/5361
f 1914/5362 1120/5363 1119/5364
f 1914/5365 1121/5366 1120/5367
f 1914/5368 1119/5369 1713/5370
f 1914/5371 1122/5372 1121/5373
f 1919/5374 1117/5375 1207/5376
f 1117/5377 1132/5378 1207/5379
f 1122/5380 1914/5381 1918/5382
f 1716/5383 1139/5384 1922/5385
f 1139/5386 1157/5387 1922/5388
f 1139/5389 1138/5390 1157/5391
f 1138/5392 1156/5393 1157/5394
f 1138/5395 1137/5396 1156/5397
f 1137/5398 1155/5399 1156/5400
f 1137/5401 1136/5402 1155/5403
f 1136/5404 1154/5405 1155/5406
f 1136/5407 1135/5408 1154/5409
f 1135/5410 1153/5411 1154/5412
f 1135/5413 1134/5414 1153/5415
f 1134/5416 1152/5417 1153/5418
f 1134/5419 1133/5420 1152/5421
f 1133/5422 1151/5423 1152/5424
f 1133/5425 1715/5426 1151/5427
f 1715/5428 1726/5429 1151/5430
f 1721/5431 1140/5432 1142/5433
f 1142/5434 1140/5435 1145/5436
f 1145/5437 1140/5438 1146/5439
f 1146/5440 1140/5441 1147/5442
f 1147/5443 1140/5444 1141/5445
f 1712/5446 1721/5447 1142/5448
f 1148/5449 1147/5450 1141/5451
f 1149/5452 1148/5453 1141/5454
f 1150/5455 1149/5456 1141/5457
f 1141/5458 1722/5459 1150/5460
f 1722/5461 1725/5462 1150/5463
f 1127/5464 1162/5465 1878/5466
f 1162/5467 2006/5468 1878/5469
f 1714/5470 1918/5471 1719/5472
f 1909/5473 1937/5474 1911/5475
f 1937/5476 1941/5477 1911/5478
f 1194/5479 1163/5480 1161/5481
f 1163/5482 1131/5483 1161/5484
f 1129/5485 1130/5486 1160/5487
f 1130/5488 1159/5489 1160/5490
f 1158/5491 1128/5492 1160/5493
f 1128/5494 1129/5495 1160/5496
f 2006/5497 1936/5498 1143/5499
f 1189/5500 1729/5501 1141/5502
f 1729/5503 1722/5504 1141/5505
f 1931/5506 1933/5507 2006/5508
f 1933/5509 1934/5510 2006/5511
f 1934/5512 1935/5513 2006/5514
f 1935/5515 1936/5516 2006/5517
f 1997/5518 1996/5519 1159/5520
f 1180/5521 2003/5522 1141/5523
f 1141/5524 2002/5525 2004/5526
f 1997/5527 1159/5528 1998/5529
f 1161/5530 2001/5531 1999/5532
f 1194/5533 1161/5534 2000/5535
f 1159/5536 1195/5537 1998/5538
f 1168/5539 1175/5540 1171/5541
f 1175/5542 1178/5543 1171/5544
f 1171/5545 1178/5546 1172/5547
f 1178/5548 1177/5549 1172/5550
f 1172/5551 1177/5552 1173/5553
f 1177/5554 1939/5555 1173/5556
f 1173/5557 1939/5558 1169/5559
f 1939/5560 1940/5561 1169/5562
f 1189/5563 1141/5564 2004/5565
f 1175/5566 1185/5567 1178/5568
f 1185/5569 1188/5570 1178/5571
f 1178/5572 1188/5573 1177/5574
f 1188/5575 1187/5576 1177/5577
f 1177/5578 1187/5579 1176/5580
f 1187/5581 1186/5582 1176/5583
f 1176/5584 1186/5585 1174/5586
f 1186/5587 1944/5588 1174/5589
f 1945/5590 1944/5591 1183/5592
f 1944/5593 1186/5594 1183/5595
f 1183/5596 1186/5597 1182/5598
f 1186/5599 1187/5600 1182/5601
f 1182/5602 1187/5603 1181/5604
f 1187/5605 1188/5606 1181/5607
f 1181/5608 1188/5609 1946/5610
f 1188/5611 1185/5612 1946/5613
f 1190/5614 2001/5615 1161/5616
f 1141/5617 2003/5618 2002/5619
f 1947/5620 1730/5621 1193/5622
f 1730/5623 1733/5624 1193/5625
f 1193/5626 1733/5627 1192/5628
f 1733/5629 1732/5630 1192/5631
f 1192/5632 1732/5633 1191/5634
f 1732/5635 1731/5636 1191/5637
f 1191/5638 1731/5639 1950/5640
f 1731/5641 1949/5642 1950/5643
f 1161/5644 1999/5645 2000/5646
f 1996/5647 1179/5648 1159/5649
f 1951/5650 1820/5651 1198/5652
f 1820/5653 1167/5654 1198/5655
f 1198/5656 1167/5657 1197/5658
f 1167/5659 1166/5660 1197/5661
f 1197/5662 1166/5663 1196/5664
f 1166/5665 1165/5666 1196/5667
f 1196/5668 1165/5669 1952/5670
f 1165/5671 1821/5672 1952/5673
f 1130/5674 1164/5675 1159/5676
f 1164/5677 1195/5678 1159/5679
f 1955/5680 1953/5681 1956/5682
f 1953/5683 1957/5684 1956/5685
f 1954/5686 1205/5687 1958/5688
f 1205/5689 1206/5690 1958/5691
f 1202/5692 1960/5693 1200/5694
f 1960/5695 1204/5696 1200/5697
f 1199/5698 1203/5699 1201/5700
f 1203/5701 1959/5702 1201/5703
f 1964/5704 1968/5705 1963/5706
f 1968/5707 1967/5708 1963/5709
f 1965/5710 1969/5711 1964/5712
f 1969/5713 1968/5714 1964/5715
f 1966/5716 1970/5717 1965/5718
f 1970/5719 1969/5720 1965/5721
f 1971/5722 1970/5723 1976/5724
f 1970/5725 1966/5726 1976/5727
f 1979/5728 1211/5729 1974/5730
f 1973/5731 1972/5732 1978/5733
f 1972/5734 1977/5735 1978/5736
f 1972/5737 1971/5738 1977/5739
f 1971/5740 1976/5741 1977/5742
f 1979/5743 1974/5744 1978/5745
f 1974/5746 1973/5747 1978/5748
f 1995/5749 1994/5750 1961/5751
f 1994/5752 1980/5753 1961/5754
f 1994/5755 1993/5756 1980/5757
f 1993/5758 1983/5759 1980/5760
f 1224/5761 1223/5762 1243/5763
f 1223/5764 1242/5765 1243/5766
f 1218/5767 1219/5768 1237/5769
f 1219/5770 1238/5771 1237/5772
f 1215/5773 1217/5774 1234/5775
f 1217/5776 1236/5777 1234/5778
f 1221/5779 1222/5780 1240/5781
f 1222/5782 1241/5783 1240/5784
f 1209/5785 1995/5786 1962/5787
f 1995/5788 1961/5789 1962/5790
f 1214/5791 1213/5792 1233/5793
f 1213/5794 1232/5795 1233/5796
f 1216/5797 1220/5798 1235/5799
f 1220/5800 1239/5801 1235/5802
f 1212/5803 1208/5804 1231/5805
f 1208/5806 1227/5807 1231/5808
f 1225/5809 1224/5810 1244/5811
f 1224/5812 1243/5813 1244/5814
f 1975/5815 1982/5816 1230/5817
f 1982/5818 1981/5819 1230/5820
f 1223/5821 1214/5822 1242/5823
f 1214/5824 1233/5825 1242/5826
f 1219/5827 1216/5828 1238/5829
f 1216/5830 1235/5831 1238/5832
f 1217/5833 1218/5834 1236/5835
f 1218/5836 1237/5837 1236/5838
f 1222/5839 1975/5840 1241/5841
f 1975/5842 1230/5843 1241/5844
f 1220/5845 1221/5846 1239/5847
f 1221/5848 1240/5849 1239/5850
f 1226/5851 1225/5852 1245/5853
f 1225/5854 1244/5855 1245/5856
f 1213/5857 1212/5858 1232/5859
f 1212/5860 1231/5861 1232/5862
f 1228/5863 1985/5864 1984/5865
f 1985/5866 1986/5867 1984/5868
f 1984/5869 1986/5870 1987/5871
f 1986/5872 1988/5873 1987/5874
f 1987/5875 1988/5876 1989/5877
f 1988/5878 1990/5879 1989/5880
f 1989/5881 1990/5882 1991/5883
f 1990/5884 1992/5885 1991/5886
f 1245/5887 1735/5888 1251/5889
f 1245/5890 1251/5891 1249/5892
f 1245/5893 1249/5894 1247/5895
f 1245/5896 1247/5897 1229/5898
f 1230/5899 1981/5900 1246/5901
f 1230/5902 1246/5903 1248/5904
f 1230/5905 1248/5906 1250/5907
f 1230/5908 1250/5909 1734/5910
f 1734/5911 1736/5912 1230/5913
f 1245/5914 1737/5915 1735/5916
f 1979/5917 1983/5918 1211/5919
f 1983/5920 1993/5921 1211/5922
f 1253/5923 1254/5924 1252/5925
f 1982/5926 1975/5927 1254/5928
f 1975/5929 1252/5930 1254/5931
f 1228/5932 1209/5933 1985/5934
f 1209/5935 1962/5936 1985/5937
f 1229/5938 1210/5939 1245/5940
f 1210/5941 1226/5942 1245/5943
f 1257/5944 1255/5945 1210/5946
f 1255/5947 1226/5948 1210/5949
f 1256/5950 1255/5951 1257/5952
f 1945/5953 1183/5954 1266/5955
f 1183/5956 1269/5957 1266/5958
f 1183/5959 1182/5960 1269/5961
f 1182/5962 1268/5963 1269/5964
f 1182/5965 1181/5966 1268/5967
f 1181/5968 1267/5969 1268/5970
f 1181/5971 1946/5972 1267/5973
f 1946/5974 1258/5975 1267/5976
f 1259/5977 1279/5978 1258/5979
f 1279/5980 1267/5981 1258/5982
f 1267/5983 1279/5984 1268/5985
f 1279/5986 1278/5987 1268/5988
f 1268/5989 1278/5990 1269/5991
f 1278/5992 1277/5993 1269/5994
f 1265/5995 1266/5996 1277/5997
f 1266/5998 1269/5999 1277/6000
f 1260/6001 1305/6002 1259/6003
f 1276/6004 1275/6005 1279/6006
f 1275/6007 1278/6008 1279/6009
f 1275/6010 1274/6011 1278/6012
f 1274/6013 1277/6014 1278/6015
f 1274/6016 1283/6017 1292/6018
f 1283/6019 1296/6020 1292/6021
f 1272/6022 1282/6023 1273/6024
f 1282/6025 1283/6026 1273/6027
f 1271/6028 1281/6029 1272/6030
f 1281/6031 1282/6032 1272/6033
f 1270/6034 1280/6035 1271/6036
f 1280/6037 1281/6038 1271/6039
f 1262/6040 1261/6041 1270/6042
f 1261/6043 1280/6044 1270/6045
f 1274/6046 1275/6047 1283/6048
f 1275/6049 1273/6050 1283/6051
f 1272/6052 1273/6053 1286/6054
f 1273/6055 1287/6056 1286/6057
f 1271/6058 1272/6059 1285/6060
f 1272/6061 1286/6062 1285/6063
f 1270/6064 1271/6065 1284/6066
f 1271/6067 1285/6068 1284/6069
f 1276/6070 1287/6071 1275/6072
f 1287/6073 1273/6074 1275/6075
f 1262/6076 1270/6077 1263/6078
f 1270/6079 1284/6080 1263/6081
f 1192/6082 1191/6083 1289/6084
f 1191/6085 1288/6086 1289/6087
f 1193/6088 1192/6089 1290/6090
f 1192/6091 1289/6092 1290/6093
f 1264/6094 1291/6095 1950/6096
f 1193/6097 1290/6098 1947/6099
f 1290/6100 1261/6101 1947/6102
f 1261/6103 1290/6104 1293/6105
f 1294/6106 1293/6107 1289/6108
f 1293/6109 1290/6110 1289/6111
f 1295/6112 1294/6113 1288/6114
f 1294/6115 1289/6116 1288/6117
f 1295/6118 1288/6119 1296/6120
f 1288/6121 1291/6122 1296/6123
f 1191/6124 1950/6125 1288/6126
f 1950/6127 1291/6128 1288/6129
f 1292/6130 1296/6131 1264/6132
f 1296/6133 1291/6134 1264/6135
f 1282/6136 1295/6137 1283/6138
f 1295/6139 1296/6140 1283/6141
f 1282/6142 1281/6143 1295/6144
f 1281/6145 1294/6146 1295/6147
f 1281/6148 1280/6149 1294/6150
f 1280/6151 1293/6152 1294/6153
f 1274/6154 1292/6155 1277/6156
f 1292/6157 1265/6158 1277/6159
f 1265/6160 1292/6161 1264/6162
f 1301/6163 1302/6164 1287/6165
f 1302/6166 1286/6167 1287/6168
f 1302/6169 1303/6170 1286/6171
f 1303/6172 1285/6173 1286/6174
f 1303/6175 1304/6176 1285/6177
f 1304/6178 1284/6179 1285/6180
f 1197/6181 1196/6182 1299/6183
f 1196/6184 1300/6185 1299/6186
f 1198/6187 1197/6188 1298/6189
f 1197/6190 1299/6191 1298/6192
f 1951/6193 1198/6194 1297/6195
f 1198/6196 1298/6197 1297/6198
f 1196/6199 1952/6200 1300/6201
f 1952/6202 1263/6203 1300/6204
f 1260/6205 1951/6206 1297/6207
f 1280/6208 1261/6209 1293/6210
f 1299/6211 1300/6212 1303/6213
f 1300/6214 1304/6215 1303/6216
f 1298/6217 1299/6218 1302/6219
f 1299/6220 1303/6221 1302/6222
f 1297/6223 1298/6224 1301/6225
f 1298/6226 1302/6227 1301/6228
f 1276/6229 1279/6230 1305/6231
f 1279/6232 1259/6233 1305/6234
f 1260/6235 1297/6236 1305/6237
f 1297/6238 1301/6239 1305/6240
f 1276/6241 1305/6242 1287/6243
f 1305/6244 1301/6245 1287/6246
f 1300/6247 1263/6248 1304/6249
f 1284/6250 1304/6251 1263/6252
f 2009/6253 2010/6254 1748/6255
f 1748/6256 2011/6257 1882/6258
f 1748/6259 2010/6260 2011/6261
f 1748/6262 2008/6263 2009/6264
f 1310/6265 1747/6266 1309/6267
f 1747/6268 1746/6269 1309/6270
f 1311/6271 1310/6272 1306/6273
f 1310/6274 1309/6275 1306/6276
f 1313/6277 1311/6278 1307/6279
f 1311/6280 1306/6281 1307/6282
f 1308/6283 1312/6284 1307/6285
f 1312/6286 1313/6287 1307/6288
f 1131/6289 1749/6290 1161/6291
f 1749/6292 1728/6293 1161/6294
f 1365/6295 1331/6296 1369/6297
f 1331/6298 1330/6299 1369/6300
f 1369/6301 1330/6302 2060/6303
f 1330/6304 1334/6305 2060/6306
f 1348/6307 2048/6308 1534/6309
f 2048/6310 2047/6311 1534/6312
f 1350/6313 1349/6314 2061/6315
f 1349/6316 1364/6317 2061/6318
f 1758/6319 1759/6320 2018/6321
f 1759/6322 2019/6323 2018/6324
f 2018/6325 2019/6326 2017/6327
f 2019/6328 2020/6329 2017/6330
f 2016/6331 2017/6332 2021/6333
f 2017/6334 2020/6335 2021/6336
f 2015/6337 2016/6338 2022/6339
f 2016/6340 2021/6341 2022/6342
f 2014/6343 2015/6344 2023/6345
f 2015/6346 2022/6347 2023/6348
f 2014/6349 2023/6350 2013/6351
f 2023/6352 2024/6353 2013/6354
f 2012/6355 2013/6356 2025/6357
f 2013/6358 2024/6359 2025/6360
f 1750/6361 2012/6362 1767/6363
f 2012/6364 2025/6365 1767/6366
f 1333/6367 1776/6368 2121/6369
f 1776/6370 1498/6371 2121/6372
f 2046/6373 1796/6374 2034/6375
f 1796/6376 1783/6377 2034/6378
f 2049/6379 2121/6380 1352/6381
f 1330/6382 1499/6383 1334/6384
f 1499/6385 1778/6386 1334/6387
f 1348/6388 2056/6389 2048/6390
f 2056/6391 2050/6392 2048/6393
f 2045/6394 2046/6395 2031/6396
f 2046/6397 2034/6398 2031/6399
f 1350/6400 2061/6401 1348/6402
f 2061/6403 2056/6404 1348/6405
f 2044/6406 2045/6407 2030/6408
f 2045/6409 2031/6410 2030/6411
f 1505/6412 1816/6413 1351/6414
f 1816/6415 1375/6416 1351/6417
f 2043/6418 2044/6419 2029/6420
f 2044/6421 2030/6422 2029/6423
f 2042/6424 2043/6425 2028/6426
f 2043/6427 2029/6428 2028/6429
f 2041/6430 2042/6431 2027/6432
f 2042/6433 2028/6434 2027/6435
f 2040/6436 2041/6437 2026/6438
f 2041/6439 2027/6440 2026/6441
f 2033/6442 1496/6443 2032/6444
f 1496/6445 1495/6446 2032/6447
f 1491/6448 1782/6449 2035/6450
f 1504/6451 2040/6452 1769/6453
f 2040/6454 2026/6455 1769/6456
f 1492/6457 1322/6458 2037/6459
f 2038/6460 1613/6461 2122/6462
f 1613/6463 1532/6464 2122/6465
f 1321/6466 2037/6467 1322/6468
f 1320/6469 2037/6470 1321/6471
f 1724/6472 2039/6473 1501/6474
f 2039/6475 2036/6476 1501/6477
f 1320/6478 1319/6479 2037/6480
f 1355/6481 1875/6482 1315/6483
f 1875/6484 1786/6485 1315/6486
f 2035/6487 1317/6488 1316/6489
f 2035/6490 1318/6491 1317/6492
f 2035/6493 1316/6494 1491/6495
f 2035/6496 1319/6497 1318/6498
f 2038/6499 1314/6500 1613/6501
f 1314/6502 1538/6503 1613/6504
f 1319/6505 2035/6506 2037/6507
f 1494/6508 1329/6509 1789/6510
f 1329/6511 1347/6512 1789/6513
f 1329/6514 1328/6515 1347/6516
f 1328/6517 1346/6518 1347/6519
f 1328/6520 1327/6521 1346/6522
f 1327/6523 1345/6524 1346/6525
f 1327/6526 1326/6527 1345/6528
f 1326/6529 1344/6530 1345/6531
f 1326/6532 1325/6533 1344/6534
f 1325/6535 1343/6536 1344/6537
f 1325/6538 1324/6539 1343/6540
f 1324/6541 1342/6542 1343/6543
f 1324/6544 1323/6545 1342/6546
f 1323/6547 1341/6548 1342/6549
f 1323/6550 1493/6551 1341/6552
f 1493/6553 1503/6554 1341/6555
f 1499/6556 1330/6557 1332/6558
f 1332/6559 1330/6560 1335/6561
f 1335/6562 1330/6563 1336/6564
f 1336/6565 1330/6566 1337/6567
f 1337/6568 1330/6569 1331/6570
f 1490/6571 1499/6572 1332/6573
f 1338/6574 1337/6575 1331/6576
f 1339/6577 1338/6578 1331/6579
f 1340/6580 1339/6581 1331/6582
f 1331/6583 1500/6584 1340/6585
f 1500/6586 1502/6587 1340/6588
f 1533/6589 1352/6590 2123/6591
f 1352/6592 2121/6593 2123/6594
f 1492/6595 2037/6596 1497/6597
f 2032/6598 2055/6599 2033/6600
f 2055/6601 2059/6602 2033/6603
f 1379/6604 1569/6605 1351/6606
f 1569/6607 1537/6608 1351/6609
f 1535/6610 1536/6611 1350/6612
f 1536/6613 1349/6614 1350/6615
f 1348/6616 1534/6617 1350/6618
f 1534/6619 1535/6620 1350/6621
f 2121/6622 2054/6623 1333/6624
f 1374/6625 1506/6626 1331/6627
f 1506/6628 1500/6629 1331/6630
f 2049/6631 2051/6632 2121/6633
f 2051/6634 2052/6635 2121/6636
f 2052/6637 2053/6638 2121/6639
f 2053/6640 2054/6641 2121/6642
f 2113/6643 2112/6644 1349/6645
f 1365/6646 2119/6647 1331/6648
f 1331/6649 2118/6650 2120/6651
f 2113/6652 1349/6653 2114/6654
f 1351/6655 2117/6656 2115/6657
f 1379/6658 1351/6659 2116/6660
f 1349/6661 1380/6662 2114/6663
f 1353/6664 1360/6665 1356/6666
f 1360/6667 1363/6668 1356/6669
f 1356/6670 1363/6671 1357/6672
f 1363/6673 1362/6674 1357/6675
f 1357/6676 1362/6677 1358/6678
f 1362/6679 2057/6680 1358/6681
f 1358/6682 2057/6683 1354/6684
f 2057/6685 2058/6686 1354/6687
f 1374/6688 1331/6689 2120/6690
f 1360/6691 1370/6692 1363/6693
f 1370/6694 1373/6695 1363/6696
f 1363/6697 1373/6698 1362/6699
f 1373/6700 1372/6701 1362/6702
f 1362/6703 1372/6704 1361/6705
f 1372/6706 1371/6707 1361/6708
f 1361/6709 1371/6710 1359/6711
f 1371/6712 2062/6713 1359/6714
f 2063/6715 2062/6716 1368/6717
f 2062/6718 1371/6719 1368/6720
f 1368/6721 1371/6722 1367/6723
f 1371/6724 1372/6725 1367/6726
f 1367/6727 1372/6728 1366/6729
f 1372/6730 1373/6731 1366/6732
f 1366/6733 1373/6734 2064/6735
f 1373/6736 1370/6737 2064/6738
f 1375/6739 2117/6740 1351/6741
f 1331/6742 2119/6743 2118/6744
f 2065/6745 1507/6746 1378/6747
f 1507/6748 1510/6749 1378/6750
f 1378/6751 1510/6752 1377/6753
f 1510/6754 1509/6755 1377/6756
f 1377/6757 1509/6758 1376/6759
f 1509/6760 1508/6761 1376/6762
f 1376/6763 1508/6764 2066/6765
f 1508/6766 1817/6767 2066/6768
f 1351/6769 2115/6770 2116/6771
f 2112/6772 1364/6773 1349/6774
f 2067/6775 2068/6776 1383/6777
f 2068/6778 1573/6779 1383/6780
f 1383/6781 1573/6782 1382/6783
f 1573/6784 1572/6785 1382/6786
f 1382/6787 1572/6788 1381/6789
f 1572/6790 1571/6791 1381/6792
f 1381/6793 1571/6794 2070/6795
f 1571/6796 2069/6797 2070/6798
f 1536/6799 1570/6800 1349/6801
f 1570/6802 1380/6803 1349/6804
f 2073/6805 2071/6806 2074/6807
f 2071/6808 2075/6809 2074/6810
f 2072/6811 1390/6812 2076/6813
f 1390/6814 1391/6815 2076/6816
f 1387/6817 2078/6818 1385/6819
f 2078/6820 1389/6821 1385/6822
f 1384/6823 1388/6824 1386/6825
f 1388/6826 2077/6827 1386/6828
f 2082/6829 2086/6830 2081/6831
f 2086/6832 2085/6833 2081/6834
f 2083/6835 2087/6836 2082/6837
f 2087/6838 2086/6839 2082/6840
f 2084/6841 2088/6842 2083/6843
f 2088/6844 2087/6845 2083/6846
f 2089/6847 2088/6848 2094/6849
f 2088/6850 2084/6851 2094/6852
f 2097/6853 1395/6854 2092/6855
f 2091/6856 2090/6857 2096/6858
f 2090/6859 2095/6860 2096/6861
f 2090/6862 2089/6863 2095/6864
f 2089/6865 2094/6866 2095/6867
f 2097/6868 2092/6869 2096/6870
f 2092/6871 2091/6872 2096/6873
f 2111/6874 2110/6875 2079/6876
f 2110/6877 2098/6878 2079/6879
f 2110/6880 2109/6881 2098/6882
f 2109/6883 2101/6884 2098/6885
f 1408/6886 1407/6887 1427/6888
f 1407/6889 1426/6890 1427/6891
f 1402/6892 1403/6893 1421/6894
f 1403/6895 1422/6896 1421/6897
f 1399/6898 1401/6899 1418/6900
f 1401/6901 1420/6902 1418/6903
f 1405/6904 1406/6905 1424/6906
f 1406/6907 1425/6908 1424/6909
f 1393/6910 2111/6911 2080/6912
f 2111/6913 2079/6914 2080/6915
f 1398/6916 1397/6917 1417/6918
f 1397/6919 1416/6920 1417/6921
f 1400/6922 1404/6923 1419/6924
f 1404/6925 1423/6926 1419/6927
f 1396/6928 1392/6929 1415/6930
f 1392/6931 1411/6932 1415/6933
f 1409/6934 1408/6935 1428/6936
f 1408/6937 1427/6938 1428/6939
f 2093/6940 2100/6941 1414/6942
f 2100/6943 2099/6944 1414/6945
f 1407/6946 1398/6947 1426/6948
f 1398/6949 1417/6950 1426/6951
f 1403/6952 1400/6953 1422/6954
f 1400/6955 1419/6956 1422/6957
f 1401/6958 1402/6959 1420/6960
f 1402/6961 1421/6962 1420/6963
f 1406/6964 2093/6965 1425/6966
f 2093/6967 1414/6968 1425/6969
f 1404/6970 1405/6971 1423/6972
f 1405/6973 1424/6974 1423/6975
f 1410/6976 1409/6977 1429/6978
f 1409/6979 1428/6980 1429/6981
f 1397/6982 1396/6983 1416/6984
f 1396/6985 1415/6986 1416/6987
f 1412/6988 2103/6989 2102/6990
f 2103/6991 2104/6992 2102/6993
f 2102/6994 2104/6995 2105/6996
f 2104/6997 2106/6998 2105/6999
f 2105/7000 2106/7001 2107/7002
f 2106/7003 2108/7004 2107/7005
f 2107/7006 2108/7007 1861/7008
f 2108/7009 1862/7010 1861/7011
f 1429/7012 1512/7013 1435/7014
f 1429/7015 1435/7016 1433/7017
f 1429/7018 1433/7019 1431/7020
f 1429/7021 1431/7022 1413/7023
f 1414/7024 2099/7025 1430/7026
f 1414/7027 1430/7028 1432/7029
f 1414/7030 1432/7031 1434/7032
f 1414/7033 1434/7034 1511/7035
f 1511/7036 1513/7037 1414/7038
f 1429/7039 1514/7040 1512/7041
f 2097/7042 2101/7043 1395/7044
f 2101/7045 2109/7046 1395/7047
f 1437/7048 1438/7049 1436/7050
f 2100/7051 2093/7052 1438/7053
f 2093/7054 1436/7055 1438/7056
f 1412/7057 1393/7058 2103/7059
f 1393/7060 2080/7061 2103/7062
f 1413/7063 1394/7064 1429/7065
f 1394/7066 1410/7067 1429/7068
f 1441/7069 1439/7070 1394/7071
f 1439/7072 1410/7073 1394/7074
f 1440/7075 1439/7076 1441/7077
f 2063/7078 1368/7079 1450/7080
f 1368/7081 1453/7082 1450/7083
f 1368/7084 1367/7085 1453/7086
f 1367/7087 1452/7088 1453/7089
f 1367/7090 1366/7091 1452/7092
f 1366/7093 1451/7094 1452/7095
f 1366/7096 2064/7097 1451/7098
f 2064/7099 1442/7100 1451/7101
f 1443/7102 1463/7103 1442/7104
f 1463/7105 1451/7106 1442/7107
f 1451/7108 1463/7109 1452/7110
f 1463/7111 1462/7112 1452/7113
f 1452/7114 1462/7115 1453/7116
f 1462/7117 1461/7118 1453/7119
f 1449/7120 1450/7121 1461/7122
f 1450/7123 1453/7124 1461/7125
f 1444/7126 1489/7127 1443/7128
f 1460/7129 1459/7130 1463/7131
f 1459/7132 1462/7133 1463/7134
f 1459/7135 1458/7136 1462/7137
f 1458/7138 1461/7139 1462/7140
f 1458/7141 1467/7142 1476/7143
f 1467/7144 1480/7145 1476/7146
f 1456/7147 1466/7148 1457/7149
f 1466/7150 1467/7151 1457/7152
f 1455/7153 1465/7154 1456/7155
f 1465/7156 1466/7157 1456/7158
f 1454/7159 1464/7160 1455/7161
f 1464/7162 1465/7163 1455/7164
f 1446/7165 1445/7166 1454/7167
f 1445/7168 1464/7169 1454/7170
f 1458/7171 1459/7172 1467/7173
f 1459/7174 1457/7175 1467/7176
f 1456/7177 1457/7178 1470/7179
f 1457/7180 1471/7181 1470/7182
f 1455/7183 1456/7184 1469/7185
f 1456/7186 1470/7187 1469/7188
f 1454/7189 1455/7190 1468/7191
f 1455/7192 1469/7193 1468/7194
f 1460/7195 1471/7196 1459/7197
f 1471/7198 1457/7199 1459/7200
f 1446/7201 1454/7202 1447/7203
f 1454/7204 1468/7205 1447/7206
f 1377/7207 1376/7208 1473/7209
f 1376/7210 1472/7211 1473/7212
f 1378/7213 1377/7214 1474/7215
f 1377/7216 1473/7217 1474/7218
f 1448/7219 1475/7220 2066/7221
f 1378/7222 1474/7223 2065/7224
f 1474/7225 1445/7226 2065/7227
f 1445/7228 1474/7229 1477/7230
f 1478/7231 1477/7232 1473/7233
f 1477/7234 1474/7235 1473/7236
f 1479/7237 1478/7238 1472/7239
f 1478/7240 1473/7241 1472/7242
f 1479/7243 1472/7244 1480/7245
f 1472/7246 1475/7247 1480/7248
f 1376/7249 2066/7250 1472/7251
f 2066/7252 1475/7253 1472/7254
f 1476/7255 1480/7256 1448/7257
f 1480/7258 1475/7259 1448/7260
f 1466/7261 1479/7262 1467/7263
f 1479/7264 1480/7265 1467/7266
f 1466/7267 1465/7268 1479/7269
f 1465/7270 1478/7271 1479/7272
f 1465/7273 1464/7274 1478/7275
f 1464/7276 1477/7277 1478/7278
f 1458/7279 1476/7280 1461/7281
f 1476/7282 1449/7283 1461/7284
f 1449/7285 1476/7286 1448/7287
f 1485/7288 1486/7289 1471/7290
f 1486/7291 1470/7292 1471/7293
f 1486/7294 1487/7295 1470/7296
f 1487/7297 1469/7298 1470/7299
f 1487/7300 1488/7301 1469/7302
f 1488/7303 1468/7304 1469/7305
f 1382/7306 1381/7307 1483/7308
f 1381/7309 1484/7310 1483/7311
f 1383/7312 1382/7313 1482/7314
f 1382/7315 1483/7316 1482/7317
f 2067/7318 1383/7319 1481/7320
f 1383/7321 1482/7322 1481/7323
f 1381/7324 2070/7325 1484/7326
f 2070/7327 1447/7328 1484/7329
f 1444/7330 2067/7331 1481/7332
f 1464/7333 1445/7334 1477/7335
f 1483/7336 1484/7337 1487/7338
f 1484/7339 1488/7340 1487/7341
f 1482/7342 1483/7343 1486/7344
f 1483/7345 1487/7346 1486/7347
f 1481/7348 1482/7349 1485/7350
f 1482/7351 1486/7352 1485/7353
f 1460/7354 1463/7355 1489/7356
f 1463/7357 1443/7358 1489/7359
f 1444/7360 1481/7361 1489/7362
f 1481/7363 1485/7364 1489/7365
f 1460/7366 1489/7367 1471/7368
f 1489/7369 1485/7370 1471/7371
f 1484/7372 1447/7373 1488/7374
f 1468/7375 1488/7376 1447/7377
f 2124/7378 2125/7379 1748/7380
f 1748/7381 2127/7382 2126/7383
f 1748/7384 2125/7385 2127/7386
f 1748/7387 1879/7388 2124/7389
f 1518/7390 1522/7391 1517/7392
f 1522/7393 1521/7394 1517/7395
f 1519/7396 1518/7397 1515/7398
f 1518/7399 1517/7400 1515/7401
f 1520/7402 1519/7403 1516/7404
f 1519/7405 1515/7406 1516/7407
f 1740/7408 1744/7409 1516/7410
f 1744/7411 1520/7412 1516/7413
f 1537/7414 1749/7415 1351/7416
f 1749/7417 1505/7418 1351/7419
f 1586/7420 1590/7421 1547/7422
f 1590/7423 1546/7424 1547/7425
f 1590/7426 2174/7427 1546/7428
f 2174/7429 1550/7430 1546/7431
f 1564/7432 1534/7433 2162/7434
f 1534/7435 2047/7436 2162/7437
f 1566/7438 2175/7439 1565/7440
f 2175/7441 1585/7442 1565/7443
f 1892/7444 2134/7445 1893/7446
f 2134/7447 2135/7448 1893/7449
f 2134/7450 2133/7451 2135/7452
f 2133/7453 2136/7454 2135/7455
f 2132/7456 2137/7457 2133/7458
f 2137/7459 2136/7460 2133/7461
f 2131/7462 2138/7463 2132/7464
f 2138/7465 2137/7466 2132/7467
f 2130/7468 2139/7469 2131/7470
f 2139/7471 2138/7472 2131/7473
f 2130/7474 2129/7475 2139/7476
f 2129/7477 2140/7478 2139/7479
f 2128/7480 2141/7481 2129/7482
f 2141/7483 2140/7484 2129/7485
f 1884/7486 1901/7487 2128/7488
f 1901/7489 2141/7490 2128/7491
f 1549/7492 2233/7493 1910/7494
f 2233/7495 1720/7496 1910/7497
f 2161/7498 2150/7499 1929/7500
f 2150/7501 1917/7502 1929/7503
f 2163/7504 1568/7505 2233/7506
f 1546/7507 1550/7508 1721/7509
f 1550/7510 1912/7511 1721/7512
f 1564/7513 2162/7514 2170/7515
f 2162/7516 2164/7517 2170/7518
f 2160/7519 2147/7520 2161/7521
f 2147/7522 2150/7523 2161/7524
f 1566/7525 1564/7526 2175/7527
f 1564/7528 2170/7529 2175/7530
f 2159/7531 2146/7532 2160/7533
f 2146/7534 2147/7535 2160/7536
f 1728/7537 1567/7538 1948/7539
f 1567/7540 1596/7541 1948/7542
f 2158/7543 2145/7544 2159/7545
f 2145/7546 2146/7547 2159/7548
f 2157/7549 2144/7550 2158/7551
f 2144/7552 2145/7553 2158/7554
f 2156/7555 2143/7556 2157/7557
f 2143/7558 2144/7559 2157/7560
f 2155/7561 2142/7562 2156/7563
f 2142/7564 2143/7565 2156/7566
f 2149/7567 2148/7568 1718/7569
f 2148/7570 1717/7571 1718/7572
f 1713/7573 2151/7574 1916/7575
f 1727/7576 1903/7577 2155/7578
f 1903/7579 2142/7580 2155/7581
f 1714/7582 2153/7583 1531/7584
f 2154/7585 2234/7586 1613/7587
f 2234/7588 1532/7589 1613/7590
f 1530/7591 1531/7592 2153/7593
f 1529/7594 1530/7595 2153/7596
f 1724/7597 1723/7598 2039/7599
f 1723/7600 2152/7601 2039/7602
f 1529/7603 2153/7604 1528/7605
f 1576/7606 1524/7607 2005/7608
f 1524/7609 1920/7610 2005/7611
f 2151/7612 1525/7613 1526/7614
f 2151/7615 1526/7616 1527/7617
f 2151/7618 1713/7619 1525/7620
f 2151/7621 1527/7622 1528/7623
f 2154/7624 1613/7625 1523/7626
f 1613/7627 1538/7628 1523/7629
f 1528/7630 2153/7631 2151/7632
f 1716/7633 1922/7634 1545/7635
f 1922/7636 1563/7637 1545/7638
f 1545/7639 1563/7640 1544/7641
f 1563/7642 1562/7643 1544/7644
f 1544/7645 1562/7646 1543/7647
f 1562/7648 1561/7649 1543/7650
f 1543/7651 1561/7652 1542/7653
f 1561/7654 1560/7655 1542/7656
f 1542/7657 1560/7658 1541/7659
f 1560/7660 1559/7661 1541/7662
f 1541/7663 1559/7664 1540/7665
f 1559/7666 1558/7667 1540/7668
f 1540/7669 1558/7670 1539/7671
f 1558/7672 1557/7673 1539/7674
f 1539/7675 1557/7676 1715/7677
f 1557/7678 1726/7679 1715/7680
f 1721/7681 1548/7682 1546/7683
f 1548/7684 1551/7685 1546/7686
f 1551/7687 1552/7688 1546/7689
f 1552/7690 1553/7691 1546/7692
f 1553/7693 1547/7694 1546/7695
f 1712/7696 1548/7697 1721/7698
f 1554/7699 1547/7700 1553/7701
f 1555/7702 1547/7703 1554/7704
f 1556/7705 1547/7706 1555/7707
f 1547/7708 1556/7709 1722/7710
f 1722/7711 1556/7712 1725/7713
f 1533/7714 2123/7715 1568/7716
f 2123/7717 2233/7718 1568/7719
f 1714/7720 1719/7721 2153/7722
f 2148/7723 2149/7724 2169/7725
f 2149/7726 2173/7727 2169/7728
f 1600/7729 1567/7730 1569/7731
f 1567/7732 1537/7733 1569/7734
f 1535/7735 1566/7736 1536/7737
f 1566/7738 1565/7739 1536/7740
f 1564/7741 1566/7742 1534/7743
f 1566/7744 1535/7745 1534/7746
f 2233/7747 1549/7748 2168/7749
f 1595/7750 1547/7751 1729/7752
f 1547/7753 1722/7754 1729/7755
f 2163/7756 2233/7757 2165/7758
f 2165/7759 2233/7760 2166/7761
f 2166/7762 2233/7763 2167/7764
f 2167/7765 2233/7766 2168/7767
f 2225/7768 1565/7769 2224/7770
f 1586/7771 1547/7772 2231/7773
f 1547/7774 2232/7775 2230/7776
f 2225/7777 2226/7778 1565/7779
f 1567/7780 2227/7781 2229/7782
f 1600/7783 2228/7784 1567/7785
f 1565/7786 2226/7787 1601/7788
f 1574/7789 1577/7790 1581/7791
f 1577/7792 1584/7793 1581/7794
f 1577/7795 1578/7796 1584/7797
f 1578/7798 1583/7799 1584/7800
f 1578/7801 1579/7802 1583/7803
f 1579/7804 2171/7805 1583/7806
f 1579/7807 1575/7808 2171/7809
f 1575/7810 2172/7811 2171/7812
f 1595/7813 2232/7814 1547/7815
f 1581/7816 1584/7817 1591/7818
f 1584/7819 1594/7820 1591/7821
f 1584/7822 1583/7823 1594/7824
f 1583/7825 1593/7826 1594/7827
f 1583/7828 1582/7829 1593/7830
f 1582/7831 1592/7832 1593/7833
f 1582/7834 1580/7835 1592/7836
f 1580/7837 2176/7838 1592/7839
f 2177/7840 1589/7841 2176/7842
f 1589/7843 1592/7844 2176/7845
f 1589/7846 1588/7847 1592/7848
f 1588/7849 1593/7850 1592/7851
f 1588/7852 1587/7853 1593/7854
f 1587/7855 1594/7856 1593/7857
f 1587/7858 2178/7859 1594/7860
f 2178/7861 1591/7862 1594/7863
f 1596/7864 1567/7865 2229/7866
f 1547/7867 2230/7868 2231/7869
f 2179/7870 1599/7871 1730/7872
f 1599/7873 1733/7874 1730/7875
f 1599/7876 1598/7877 1733/7878
f 1598/7879 1732/7880 1733/7881
f 1598/7882 1597/7883 1732/7884
f 1597/7885 1731/7886 1732/7887
f 1597/7888 2180/7889 1731/7890
f 2180/7891 1949/7892 1731/7893
f 1567/7894 2228/7895 2227/7896
f 2224/7897 1565/7898 1585/7899
f 2181/7900 1604/7901 2068/7902
f 1604/7903 1573/7904 2068/7905
f 1604/7906 1603/7907 1573/7908
f 1603/7909 1572/7910 1573/7911
f 1603/7912 1602/7913 1572/7914
f 1602/7915 1571/7916 1572/7917
f 1602/7918 2182/7919 1571/7920
f 2182/7921 2069/7922 1571/7923
f 1536/7924 1565/7925 1570/7926
f 1565/7927 1601/7928 1570/7929
f 2185/7930 2186/7931 2183/7932
f 2186/7933 2187/7934 2183/7935
f 2184/7936 2188/7937 1611/7938
f 2188/7939 1612/7940 1611/7941
f 1608/7942 1606/7943 2190/7944
f 1606/7945 1610/7946 2190/7947
f 1605/7948 1607/7949 1609/7950
f 1607/7951 2189/7952 1609/7953
f 2194/7954 2193/7955 2198/7956
f 2193/7957 2197/7958 2198/7959
f 2195/7960 2194/7961 2199/7962
f 2194/7963 2198/7964 2199/7965
f 2196/7966 2195/7967 2200/7968
f 2195/7969 2199/7970 2200/7971
f 2201/7972 2206/7973 2200/7974
f 2206/7975 2196/7976 2200/7977
f 2209/7978 2204/7979 1617/7980
f 2203/7981 2208/7982 2202/7983
f 2208/7984 2207/7985 2202/7986
f 2202/7987 2207/7988 2201/7989
f 2207/7990 2206/7991 2201/7992
f 2209/7993 2208/7994 2204/7995
f 2208/7996 2203/7997 2204/7998
f 2223/7999 2191/8000 2222/8001
f 2191/8002 2210/8003 2222/8004
f 2222/8005 2210/8006 2221/8007
f 2210/8008 2213/8009 2221/8010
f 1630/8011 1649/8012 1629/8013
f 1649/8014 1648/8015 1629/8016
f 1624/8017 1643/8018 1625/8019
f 1643/8020 1644/8021 1625/8022
f 1621/8023 1640/8024 1623/8025
f 1640/8026 1642/8027 1623/8028
f 1627/8029 1646/8030 1628/8031
f 1646/8032 1647/8033 1628/8034
f 1615/8035 2192/8036 2223/8037
f 2192/8038 2191/8039 2223/8040
f 1620/8041 1639/8042 1619/8043
f 1639/8044 1638/8045 1619/8046
f 1622/8047 1641/8048 1626/8049
f 1641/8050 1645/8051 1626/8052
f 1618/8053 1637/8054 1614/8055
f 1637/8056 1633/8057 1614/8058
f 1631/8059 1650/8060 1630/8061
f 1650/8062 1649/8063 1630/8064
f 2205/8065 1636/8066 2212/8067
f 1636/8068 2211/8069 2212/8070
f 1629/8071 1648/8072 1620/8073
f 1648/8074 1639/8075 1620/8076
f 1625/8077 1644/8078 1622/8079
f 1644/8080 1641/8081 1622/8082
f 1623/8083 1642/8084 1624/8085
f 1642/8086 1643/8087 1624/8088
f 1628/8089 1647/8090 2205/8091
f 1647/8092 1636/8093 2205/8094
f 1626/8095 1645/8096 1627/8097
f 1645/8098 1646/8099 1627/8100
f 1632/8101 1651/8102 1631/8103
f 1651/8104 1650/8105 1631/8106
f 1619/8107 1638/8108 1618/8109
f 1638/8110 1637/8111 1618/8112
f 1634/8113 2214/8114 2215/8115
f 2214/8116 2216/8117 2215/8118
f 2214/8119 2217/8120 2216/8121
f 2217/8122 2218/8123 2216/8124
f 2217/8125 2219/8126 2218/8127
f 2219/8128 2220/8129 2218/8130
f 2219/8131 1991/8132 2220/8133
f 1991/8134 1992/8135 2220/8136
f 1651/8137 1657/8138 1735/8139
f 1651/8140 1655/8141 1657/8142
f 1651/8143 1653/8144 1655/8145
f 1651/8146 1635/8147 1653/8148
f 1636/8149 1652/8150 2211/8151
f 1636/8152 1654/8153 1652/8154
f 1636/8155 1656/8156 1654/8157
f 1636/8158 1734/8159 1656/8160
f 1734/8161 1636/8162 1736/8163
f 1651/8164 1735/8165 1737/8166
f 2209/8167 1617/8168 2213/8169
f 1617/8170 2221/8171 2213/8172
f 1659/8173 1658/8174 1660/8175
f 2212/8176 1660/8177 2205/8178
f 1660/8179 1658/8180 2205/8181
f 1634/8182 2215/8183 1615/8184
f 2215/8185 2192/8186 1615/8187
f 1635/8188 1651/8189 1616/8190
f 1651/8191 1632/8192 1616/8193
f 1663/8194 1616/8195 1661/8196
f 1616/8197 1632/8198 1661/8199
f 1662/8200 1663/8201 1661/8202
f 2177/8203 1672/8204 1589/8205
f 1672/8206 1675/8207 1589/8208
f 1589/8209 1675/8210 1588/8211
f 1675/8212 1674/8213 1588/8214
f 1588/8215 1674/8216 1587/8217
f 1674/8218 1673/8219 1587/8220
f 1587/8221 1673/8222 2178/8223
f 1673/8224 1664/8225 2178/8226
f 1665/8227 1664/8228 1685/8229
f 1664/8230 1673/8231 1685/8232
f 1673/8233 1674/8234 1685/8235
f 1674/8236 1684/8237 1685/8238
f 1674/8239 1675/8240 1684/8241
f 1675/8242 1683/8243 1684/8244
f 1671/8245 1683/8246 1672/8247
f 1683/8248 1675/8249 1672/8250
f 1666/8251 1665/8252 1711/8253
f 1682/8254 1685/8255 1681/8256
f 1685/8257 1684/8258 1681/8259
f 1681/8260 1684/8261 1680/8262
f 1684/8263 1683/8264 1680/8265
f 1680/8266 1698/8267 1689/8268
f 1698/8269 1702/8270 1689/8271
f 1678/8272 1679/8273 1688/8274
f 1679/8275 1689/8276 1688/8277
f 1677/8278 1678/8279 1687/8280
f 1678/8281 1688/8282 1687/8283
f 1676/8284 1677/8285 1686/8286
f 1677/8287 1687/8288 1686/8289
f 1668/8290 1676/8291 1667/8292
f 1676/8293 1686/8294 1667/8295
f 1680/8296 1689/8297 1681/8298
f 1689/8299 1679/8300 1681/8301
f 1678/8302 1692/8303 1679/8304
f 1692/8305 1693/8306 1679/8307
f 1677/8308 1691/8309 1678/8310
f 1691/8311 1692/8312 1678/8313
f 1676/8314 1690/8315 1677/8316
f 1690/8317 1691/8318 1677/8319
f 1682/8320 1681/8321 1693/8322
f 1681/8323 1679/8324 1693/8325
f 1668/8326 1669/8327 1676/8328
f 1669/8329 1690/8330 1676/8331
f 1598/8332 1695/8333 1597/8334
f 1695/8335 1694/8336 1597/8337
f 1599/8338 1696/8339 1598/8340
f 1696/8341 1695/8342 1598/8343
f 1670/8344 2180/8345 1697/8346
f 1599/8347 2179/8348 1696/8349
f 2179/8350 1667/8351 1696/8352
f 1667/8353 1699/8354 1696/8355
f 1700/8356 1695/8357 1699/8358
f 1695/8359 1696/8360 1699/8361
f 1701/8362 1694/8363 1700/8364
f 1694/8365 1695/8366 1700/8367
f 1701/8368 1702/8369 1694/8370
f 1702/8371 1697/8372 1694/8373
f 1597/8374 1694/8375 2180/8376
f 1694/8377 1697/8378 2180/8379
f 1698/8380 1670/8381 1702/8382
f 1670/8383 1697/8384 1702/8385
f 1688/8386 1689/8387 1701/8388
f 1689/8389 1702/8390 1701/8391
f 1688/8392 1701/8393 1687/8394
f 1701/8395 1700/8396 1687/8397
f 1687/8398 1700/8399 1686/8400
f 1700/8401 1699/8402 1686/8403
f 1680/8404 1683/8405 1698/8406
f 1683/8407 1671/8408 1698/8409
f 1671/8410 1670/8411 1698/8412
f 1707/8413 1693/8414 1708/8415
f 1693/8416 1692/8417 1708/8418
f 1708/8419 1692/8420 1709/8421
f 1692/8422 1691/8423 1709/8424
f 1709/8425 1691/8426 1710/8427
f 1691/8428 1690/8429 1710/8430
f 1603/8431 1705/8432 1602/8433
f 1705/8434 1706/8435 1602/8436
f 1604/8437 1704/8438 1603/8439
f 1704/8440 1705/8441 1603/8442
f 2181/8443 1703/8444 1604/8445
f 1703/8446 1704/8447 1604/8448
f 1602/8449 1706/8450 2182/8451
f 1706/8452 1669/8453 2182/8454
f 1666/8455 1703/8456 2181/8457
f 1686/8458 1699/8459 1667/8460
f 1705/8461 1709/8462 1706/8463
f 1709/8464 1710/8465 1706/8466
f 1704/8467 1708/8468 1705/8469
f 1708/8470 1709/8471 1705/8472
f 1703/8473 1707/8474 1704/8475
f 1707/8476 1708/8477 1704/8478
f 1682/8479 1711/8480 1685/8481
f 1711/8482 1665/8483 1685/8484
f 1666/8485 1711/8486 1703/8487
f 1711/8488 1707/8489 1703/8490
f 1682/8491 1693/8492 1711/8493
f 1693/8494 1707/8495 1711/8496
f 1706/8497 1710/8498 1669/8499
f 1690/8500 1669/8501 1710/8502
f 2235/8503 1748/8504 2236/8505
f 1748/8506 2126/8507 2237/8508
f 1748/8509 2237/8510 2236/8511
f 1748/8512 2235/8513 2008/8514
f 1742/8515 1741/8516 1747/8517
f 1741/8518 1746/8519 1747/8520
f 1743/8521 1738/8522 1742/8523
f 1738/8524 1741/8525 1742/8526
f 1745/8527 1739/8528 1743/8529
f 1739/8530 1738/8531 1743/8532
f 1740/8533 1739/8534 1744/8535
f 1739/8536 1745/8537 1744/8538
f 1537/8539 1567/8540 1749/8541
f 1567/8542 1728/8543 1749/8544
f 2239/8545 2238/8546 2475/8547
f 2238/8548 2407/8549 2475/8550
f 2241/8551 2240/8552 2468/8553
f 2240/8554 2401/8555 2468/8556
f 2253/8557 2252/8558 2462/8559
f 2252/8560 2397/8561 2462/8562
f 2245/8563 2244/8564 2471/8565
f 2244/8566 2404/8567 2471/8568
f 2239/8569 2245/8570 2470/8571
f 2245/8572 2471/8573 2470/8574
f 2469/8575 2398/8576 2399/8577
f 2398/8578 2467/8579 2399/8580
f 2243/8581 2242/8582 2247/8583
f 2242/8584 2246/8585 2247/8586
f 2247/8587 2246/8588 2249/8589
f 2246/8590 2248/8591 2249/8592
f 2249/8593 2248/8594 2251/8595
f 2248/8596 2250/8597 2251/8598
f 2251/8599 2250/8600 2253/8601
f 2250/8602 2252/8603 2253/8604
f 2241/8605 2243/8606 2249/8607
f 2243/8608 2247/8609 2249/8610
f 2241/8611 2249/8612 2253/8613
f 2249/8614 2251/8615 2253/8616
f 2241/8617 2253/8618 2464/8619
f 2253/8620 2462/8621 2464/8622
f 2477/8623 2409/8624 2474/8625
f 2409/8626 2408/8627 2474/8628
f 2463/8629 2396/8630 2394/8631
f 2396/8632 2395/8633 2394/8634
f 2473/8635 2402/8636 2403/8637
f 2402/8638 2405/8639 2403/8640
f 2244/8641 2245/8642 2254/8643
f 2245/8644 2255/8645 2254/8646
f 2254/8647 2255/8648 2256/8649
f 2255/8650 2257/8651 2256/8652
f 2256/8653 2257/8654 2258/8655
f 2257/8656 2259/8657 2258/8658
f 2258/8659 2259/8660 2260/8661
f 2259/8662 2261/8663 2260/8664
f 2239/8665 2257/8666 2245/8667
f 2257/8668 2255/8669 2245/8670
f 2239/8671 2261/8672 2257/8673
f 2261/8674 2259/8675 2257/8676
f 2262/8677 2263/8678 2316/8679
f 2263/8680 2264/8681 2316/8682
f 2266/8683 2265/8684 2293/8685
f 2265/8686 2294/8687 2293/8688
f 2267/8689 2262/8690 2317/8691
f 2262/8692 2316/8693 2317/8694
f 2268/8695 2266/8696 2295/8697
f 2266/8698 2293/8699 2295/8700
f 2269/8701 2267/8702 2270/8703
f 2267/8704 2317/8705 2270/8706
f 2271/8707 2268/8708 2272/8709
f 2268/8710 2295/8711 2272/8712
f 2267/8713 2269/8714 2275/8715
f 2269/8716 2276/8717 2275/8718
f 2262/8719 2267/8720 2273/8721
f 2267/8722 2275/8723 2273/8724
f 2263/8725 2262/8726 2274/8727
f 2262/8728 2273/8729 2274/8730
f 2275/8731 2276/8732 2279/8733
f 2276/8734 2280/8735 2279/8736
f 2273/8737 2275/8738 2277/8739
f 2275/8740 2279/8741 2277/8742
f 2274/8743 2273/8744 2278/8745
f 2273/8746 2277/8747 2278/8748
f 2279/8749 2280/8750 2283/8751
f 2280/8752 2284/8753 2283/8754
f 2277/8755 2279/8756 2281/8757
f 2279/8758 2283/8759 2281/8760
f 2278/8761 2277/8762 2282/8763
f 2277/8764 2281/8765 2282/8766
f 2283/8767 2284/8768 2287/8769
f 2284/8770 2288/8771 2287/8772
f 2281/8773 2283/8774 2285/8775
f 2283/8776 2287/8777 2285/8778
f 2282/8779 2281/8780 2286/8781
f 2281/8782 2285/8783 2286/8784
f 2287/8785 2288/8786 2291/8787
f 2288/8788 2292/8789 2291/8790
f 2285/8791 2287/8792 2289/8793
f 2287/8794 2291/8795 2289/8796
f 2286/8797 2285/8798 2290/8799
f 2285/8800 2289/8801 2290/8802
f 2291/8803 2292/8804 2295/8805
f 2292/8806 2272/8807 2295/8808
f 2289/8809 2291/8810 2293/8811
f 2291/8812 2295/8813 2293/8814
f 2290/8815 2289/8816 2294/8817
f 2289/8818 2293/8819 2294/8820
f 2268/8821 2271/8822 2298/8823
f 2271/8824 2299/8825 2298/8826
f 2266/8827 2268/8828 2297/8829
f 2268/8830 2298/8831 2297/8832
f 2265/8833 2266/8834 2296/8835
f 2266/8836 2297/8837 2296/8838
f 2298/8839 2299/8840 2302/8841
f 2299/8842 2303/8843 2302/8844
f 2297/8845 2298/8846 2301/8847
f 2298/8848 2302/8849 2301/8850
f 2296/8851 2297/8852 2300/8853
f 2297/8854 2301/8855 2300/8856
f 2302/8857 2303/8858 2306/8859
f 2303/8860 2307/8861 2306/8862
f 2301/8863 2302/8864 2305/8865
f 2302/8866 2306/8867 2305/8868
f 2300/8869 2301/8870 2304/8871
f 2301/8872 2305/8873 2304/8874
f 2306/8875 2307/8876 2310/8877
f 2307/8878 2311/8879 2310/8880
f 2305/8881 2306/8882 2309/8883
f 2306/8884 2310/8885 2309/8886
f 2304/8887 2305/8888 2308/8889
f 2305/8890 2309/8891 2308/8892
f 2310/8893 2311/8894 2314/8895
f 2311/8896 2315/8897 2314/8898
f 2309/8899 2310/8900 2313/8901
f 2310/8902 2314/8903 2313/8904
f 2308/8905 2309/8906 2312/8907
f 2309/8908 2313/8909 2312/8910
f 2314/8911 2315/8912 2317/8913
f 2315/8914 2270/8915 2317/8916
f 2313/8917 2314/8918 2316/8919
f 2314/8920 2317/8921 2316/8922
f 2312/8923 2313/8924 2264/8925
f 2313/8926 2316/8927 2264/8928
f 2320/8929 2321/8930 2324/8931
f 2321/8932 2325/8933 2324/8934
f 2324/8935 2325/8936 2326/8937
f 2325/8938 2327/8939 2326/8940
f 2326/8941 2327/8942 2328/8943
f 2327/8944 2329/8945 2328/8946
f 2328/8947 2329/8948 2330/8949
f 2329/8950 2331/8951 2330/8952
f 2330/8953 2331/8954 2318/8955
f 2331/8956 2319/8957 2318/8958
f 2321/8959 2319/8960 2325/8961
f 2319/8962 2331/8963 2325/8964
f 2325/8965 2331/8966 2327/8967
f 2331/8968 2329/8969 2327/8970
f 2452/8971 2339/8972 2451/8973
f 2339/8974 2338/8975 2451/8976
f 2451/8977 2338/8978 2449/8979
f 2338/8980 2336/8981 2449/8982
f 2449/8983 2336/8984 2450/8985
f 2336/8986 2337/8987 2450/8988
f 2339/8989 2343/8990 2338/8991
f 2343/8992 2342/8993 2338/8994
f 2338/8995 2342/8996 2336/8997
f 2342/8998 2340/8999 2336/9000
f 2336/9001 2340/9002 2337/9003
f 2340/9004 2341/9005 2337/9006
f 2343/9007 2347/9008 2342/9009
f 2347/9010 2346/9011 2342/9012
f 2342/9013 2346/9014 2340/9015
f 2346/9016 2344/9017 2340/9018
f 2340/9019 2344/9020 2341/9021
f 2344/9022 2345/9023 2341/9024
f 2345/9025 2344/9026 2320/9027
f 2344/9028 2321/9029 2320/9030
f 2344/9031 2346/9032 2321/9033
f 2346/9034 2319/9035 2321/9036
f 2346/9037 2347/9038 2319/9039
f 2347/9040 2318/9041 2319/9042
f 2453/9043 2456/9044 2352/9045
f 2456/9046 2355/9047 2352/9048
f 2456/9049 2455/9050 2355/9051
f 2455/9052 2354/9053 2355/9054
f 2454/9055 2453/9056 2353/9057
f 2453/9058 2352/9059 2353/9060
f 2352/9061 2355/9062 2460/9063
f 2355/9064 2458/9065 2460/9066
f 2355/9067 2354/9068 2458/9069
f 2354/9070 2457/9071 2458/9072
f 2353/9073 2352/9074 2459/9075
f 2352/9076 2460/9077 2459/9078
f 2332/9079 2333/9080 2334/9081
f 2333/9082 2335/9083 2334/9084
f 2348/9085 2349/9086 2351/9087
f 2349/9088 2350/9089 2351/9090
f 2322/9091 2357/9092 2323/9093
f 2357/9094 2356/9095 2323/9096
f 2369/9097 2368/9098 2366/9099
f 2368/9100 2367/9101 2366/9102
f 2370/9103 2371/9104 2369/9105
f 2371/9106 2368/9107 2369/9108
f 2385/9109 2384/9110 2362/9111
f 2384/9112 2363/9113 2362/9114
f 2358/9115 2359/9116 2361/9117
f 2359/9118 2461/9119 2361/9120
f 2361/9121 2360/9122 2363/9123
f 2360/9124 2362/9125 2363/9126
f 2366/9127 2367/9128 2365/9129
f 2367/9130 2364/9131 2365/9132
f 2371/9133 2370/9134 2393/9135
f 2370/9136 2392/9137 2393/9138
f 2373/9139 2372/9140 2382/9141
f 2372/9142 2383/9143 2382/9144
f 2371/9145 2363/9146 2368/9147
f 2363/9148 2384/9149 2368/9150
f 2365/9151 2364/9152 2385/9153
f 2364/9154 2384/9155 2385/9156
f 2363/9157 2371/9158 2361/9159
f 2371/9160 2393/9161 2361/9162
f 2359/9163 2358/9164 2375/9165
f 2358/9166 2374/9167 2375/9168
f 2375/9169 2374/9170 2377/9171
f 2374/9172 2376/9173 2377/9174
f 2377/9175 2376/9176 2379/9177
f 2376/9178 2378/9179 2379/9180
f 2379/9181 2378/9182 2381/9183
f 2378/9184 2380/9185 2381/9186
f 2381/9187 2380/9188 2383/9189
f 2380/9190 2382/9191 2383/9192
f 2358/9193 2382/9194 2374/9195
f 2382/9196 2380/9197 2374/9198
f 2374/9199 2380/9200 2376/9201
f 2380/9202 2378/9203 2376/9204
f 2364/9205 2367/9206 2384/9207
f 2367/9208 2368/9209 2384/9210
f 2372/9211 2373/9212 2386/9213
f 2373/9214 2387/9215 2386/9216
f 2386/9217 2387/9218 2388/9219
f 2387/9220 2389/9221 2388/9222
f 2388/9223 2389/9224 2390/9225
f 2389/9226 2391/9227 2390/9228
f 2390/9229 2391/9230 2392/9231
f 2391/9232 2393/9233 2392/9234
f 2361/9235 2393/9236 2389/9237
f 2393/9238 2391/9239 2389/9240
f 2361/9241 2389/9242 2373/9243
f 2389/9244 2387/9245 2373/9246
f 2361/9247 2373/9248 2358/9249
f 2373/9250 2382/9251 2358/9252
f 2468/9253 2400/9254 2241/9255
f 2400/9256 2243/9257 2241/9258
f 2400/9259 2466/9260 2243/9261
f 2466/9262 2242/9263 2243/9264
f 2464/9265 2465/9266 2241/9267
f 2465/9268 2448/9269 2241/9270
f 2470/9271 2472/9272 2239/9273
f 2472/9274 2447/9275 2239/9276
f 2476/9277 2406/9278 2261/9279
f 2406/9280 2260/9281 2261/9282
f 2475/9283 2476/9284 2239/9285
f 2476/9286 2261/9287 2239/9288
f 2411/9289 2423/9290 2410/9291
f 2423/9292 2422/9293 2410/9294
f 2418/9295 2430/9296 2417/9297
f 2430/9298 2429/9299 2417/9300
f 2415/9301 2427/9302 2414/9303
f 2427/9304 2426/9305 2414/9306
f 2410/9307 2422/9308 2421/9309
f 2422/9310 2433/9311 2421/9312
f 2412/9313 2424/9314 2411/9315
f 2424/9316 2423/9317 2411/9318
f 2419/9319 2431/9320 2418/9321
f 2431/9322 2430/9323 2418/9324
f 2416/9325 2428/9326 2415/9327
f 2428/9328 2427/9329 2415/9330
f 2413/9331 2425/9332 2412/9333
f 2425/9334 2424/9335 2412/9336
f 2420/9337 2432/9338 2419/9339
f 2432/9340 2431/9341 2419/9342
f 2417/9343 2429/9344 2416/9345
f 2429/9346 2428/9347 2416/9348
f 2414/9349 2426/9350 2413/9351
f 2426/9352 2425/9353 2413/9354
f 2421/9355 2433/9356 2420/9357
f 2433/9358 2432/9359 2420/9360
f 2428/9361 2440/9362 2427/9363
f 2440/9364 2439/9365 2427/9366
f 2425/9367 2437/9368 2424/9369
f 2437/9370 2436/9371 2424/9372
f 2432/9373 2444/9374 2431/9375
f 2444/9376 2443/9377 2431/9378
f 2429/9379 2441/9380 2428/9381
f 2441/9382 2440/9383 2428/9384
f 2426/9385 2438/9386 2425/9387
f 2438/9388 2437/9389 2425/9390
f 2433/9391 2445/9392 2432/9393
f 2445/9394 2444/9395 2432/9396
f 2423/9397 2435/9398 2422/9399
f 2435/9400 2434/9401 2422/9402
f 2430/9403 2442/9404 2429/9405
f 2442/9406 2441/9407 2429/9408
f 2427/9409 2439/9410 2426/9411
f 2439/9412 2438/9413 2426/9414
f 2422/9415 2434/9416 2433/9417
f 2434/9418 2445/9419 2433/9420
f 2424/9421 2436/9422 2423/9423
f 2436/9424 2435/9425 2423/9426
f 2440/9427 2446/9428 2439/9429
f 2437/9430 2446/9431 2436/9432
f 2444/9433 2446/9434 2443/9435
f 2441/9436 2446/9437 2440/9438
f 2438/9439 2446/9440 2437/9441
f 2445/9442 2446/9443 2444/9444
f 2435/9445 2446/9446 2434/9447
f 2442/9448 2446/9449 2441/9450
f 2439/9451 2446/9452 2438/9453
f 2434/9454 2446/9455 2445/9456
f 2436/9457 2446/9458 2435/9459
f 2443/9460 2446/9461 2442/9462
f 2431/9463 2443/9464 2430/9465
f 2443/9466 2442/9467 2430/9468
o Part.4
v -15.1 34.98 -97.84
v -15.1 32.9 -97.84
v -21.44 29.091 -101.341
v -21.44 29.351 -100.951
v -21.44 29.741 -100.691
v -21.44 30.2 -100.6
v -21.44 30.659 -100.691
v -21.44 31.049 -100.951
v -21.44 31.309 -101.341
v -21.44 30.2 -98.201
v -21.44 26.724 -100.869
v -21.44 27.084 -100.001
v -21.44 27.655 -99.255
v -21.44 28.401 -98.684
v -21.44 29.269 -98.324
v -21.44 31.131 -98.324
v -21.44 31.999 -98.684
v -21.44 33.316 -100.001
v -21.44 33.676 -100.869
v -15.1 33.316 -100.001
v -21.44 32.9 -99.481
v -15.1 33.676 -100.869
v -22.2 32.9 -97.84
v -22.2 34.98 -97.84
v -22.2 30.2 -98.201
v -22.2 26.724 -100.869
v -22.2 27.084 -100.001
v -22.2 27.655 -99.255
v -22.2 28.401 -98.684
v -22.2 29.269 -98.324
v -22.2 31.131 -98.324
v -22.2 31.999 -98.684
v -21.44 29 -101.8
v -21.44 31.4 -101.8
v -15.1 34.98 -101.8
v -21.44 26.601 -101.8
v -21.44 33.799 -101.8
v -15.1 33.799 -101.8
v -22.2 32.542 -99.1
v -21.44 32.542 -99.1
v -21.44 32.9 -99.1
v -22.2 34.98 -101.8
v -22.2 26.601 -101.8
v -22.2 32.9 -99.1
v -15.1 32.9 -99.481
v -19.261 34.98 -100.739
v -19.586 34.98 -101.226
v -17 39.8 -100.833
v -20.604 34.98 -100.804
v -19.196 34.98 -99.396
v -20.604 36.8 -100.804
v -19.196 36.8 -99.396
v -17 34.98 -100.833
v -18.2 36.8 -99.396
v -20.604 34.98 -101.8
v -18.2 34.98 -99.396
v -17 39.8 -101.8
v -19.7 39.8 -101.8
v -20.604 36.8 -101.8
v -17 34.98 -101.8
v -15.796 34.98 -101.8
v -15.796 36.8 -101.8
v -19.7 34.98 -101.8
v -19.586 39.8 -101.226
v -19.261 39.8 -100.739
v -18.774 39.8 -100.414
v -18.2 39.8 -100.3
v -17.626 39.8 -100.414
v -19.829 34.98 -100.171
v -19.829 36.8 -100.171
v -15.796 34.98 -100.804
v -17.204 34.98 -99.396
v -15.796 36.8 -100.804
v -17.204 36.8 -99.396
v -16.571 34.98 -100.171
v -16.571 36.8 -100.171
v -18.774 34.98 -100.414
v -18.2 34.98 -100.3
v -17.626 34.98 -100.414
v -20.604 39.45 -100.804
v -20.237 39.8 -100.956
v -20.496 39.697 -100.849
v -19.196 39.45 -99.396
v -19.042 39.8 -99.766
v -19.151 39.697 -99.505
v -16.786 39.8 -101.8
v -20.604 39.45 -101.8
v -18.2 39.45 -99.396
v -18.2 39.8 -99.769
v -18.2 39.697 -99.505
v -19.579 39.8 -100.421
v -19.829 39.45 -100.171
v -19.756 39.697 -100.244
v -17.36 39.8 -99.773
v -17.204 39.45 -99.396
v -17.25 39.697 -99.506
v -16.779 39.8 -100.492
v -16.482 39.456 -100.278
v -16.606 39.699 -100.296
v -16.485 39.461 -101.8
v -16.61 39.701 -101.8
v -20.237 39.8 -101.8
v -20.496 39.697 -101.8
v -18.95 29.741 -100.691
v -18.95 29.091 -101.341
v -18.95 31.4 -101.8
v -18.95 31.049 -100.951
v -18.95 30.2 -100.6
v -18.95 30.659 -100.691
v -18.95 31.309 -101.341
v -18.95 29 -101.8
v -18.95 29.351 -100.951
v -18.95 30.907 -101.8
v -18.95 28.949 -101.2
v -18.5 28.949 -101.2
v -18.95 28.867 -101.479
v -18.95 28.8 -101.8
v -18.5 28.8 -101.8
v -18.5 28.867 -101.479
v -18.95 29.421 -101.2
v -18.2 29.419 -101.2
v -18.95 29.817 -100.876
v -18.95 29.493 -101.093
v -18.95 30.583 -100.876
v -18.95 30.2 -100.8
v -18.2 30.2 -100.8
v -18.2 30.907 -101.093
v -17.95 29.915 -101.112
v -18.2 29.817 -100.876
v -18.023 29.846 -100.945
v -18.2 29.493 -101.093
v -17.95 29.673 -101.273
v -18.023 29.546 -101.146
v -17.95 30.907 -101.8
v -17.95 30.907 -101.515
v -17.95 30.727 -101.273
v -18.2 30.583 -100.876
v -17.95 30.485 -101.112
v -18.023 30.554 -100.945
v -17.95 30.485 -101.515
v -17.95 30.2 -101.055
v -18.023 30.2 -100.875
v -17.95 29.512 -101.515
v -17.95 30.2 -101.515
v -18.023 29.334 -101.502
v -17.95 29.455 -101.8
v -18.023 29.275 -101.8
v -17.95 29.915 -101.8
v -17.95 29.915 -101.515
v -17.95 30.2 -101.8
v -17.95 30.485 -101.8
v -18.95 30.907 -101.093
v -18.023 30.907 -101.225
v -18.2 30.907 -101.8
v -18.023 30.854 -101.146
v -18.95 29.183 -101.2
v -18.95 30.907 -101.518
v -18.2 30.907 -101.518
v -19.2 30.659 -100.691
v -19.2 31.4 -101.8
v -19.2 29.351 -100.951
v -19.2 29.091 -101.341
v -19.2 30.2 -100.6
v -19.2 29 -101.8
v -19.2 31.309 -101.341
v -19.2 31.049 -100.951
v -19.2 29.741 -100.691
v -18.023 29.513 -101.2
v -18.23 29.231 -101.2
v -18.23 29.101 -101.49
v -18.23 29.037 -101.8
v -15.1 34.389 -101.8
v -15.1 34.328 -100.257
v -21.44 33.206 -101.8
v -21.44 33.104 -101.022
v -21.44 32.804 -100.297
v -21.44 32.326 -99.674
v -21.44 31.703 -99.196
v -21.44 30.978 -98.896
v -21.44 30.2 -98.794
v -21.44 29.422 -98.896
v -21.44 28.697 -99.196
v -21.44 28.074 -99.674
v -21.44 27.596 -100.297
v -21.44 27.296 -101.022
v -21.44 27.194 -101.8
v -21.44 30.2 -101.8
v -21.44 30.2 -100.994
v -21.44 30.2 -100.244
v -21.44 30.2 -99.599
v -21.44 31.206 -101.8
v -21.44 31.07 -99.627
v -21.44 31.17 -100.26
v -21.44 31.201 -101.002
v -21.44 29.33 -99.627
v -21.44 29.23 -100.26
v -21.44 29.199 -101.002
v -21.44 29.194 -101.8
v -29.3 34.98 -97.84
v -29.3 32.9 -97.84
v -22.96 29.091 -101.341
v -22.96 29.351 -100.951
v -22.96 29.741 -100.691
v -22.96 30.2 -100.6
v -22.96 30.659 -100.691
v -22.96 31.049 -100.951
v -22.96 31.309 -101.341
v -22.96 30.2 -98.201
v -22.96 26.724 -100.869
v -22.96 27.084 -100.001
v -22.96 27.655 -99.255
v -22.96 28.401 -98.684
v -22.96 29.269 -98.324
v -22.96 31.131 -98.324
v -22.96 31.999 -98.684
v -22.96 33.316 -100.001
v -22.96 33.676 -100.869
v -29.3 33.316 -100.001
v -22.96 32.9 -99.481
v -29.3 33.676 -100.869
v -22.96 29 -101.8
v -22.96 31.4 -101.8
v -29.3 34.98 -101.8
v -22.96 26.601 -101.8
v -22.96 33.799 -101.8
v -29.3 33.799 -101.8
v -22.96 32.542 -99.1
v -22.96 32.9 -99.1
v -29.3 32.9 -99.481
v -25.139 34.98 -100.739
v -24.814 34.98 -101.226
v -27.4 39.8 -100.833
v -23.796 34.98 -100.804
v -25.204 34.98 -99.396
v -23.796 36.8 -100.804
v -25.204 36.8 -99.396
v -27.4 34.98 -100.833
v -26.2 36.8 -99.396
v -23.796 34.98 -101.8
v -26.2 34.98 -99.396
v -27.4 39.8 -101.8
v -24.7 39.8 -101.8
v -23.796 36.8 -101.8
v -27.4 34.98 -101.8
v -28.604 34.98 -101.8
v -28.604 36.8 -101.8
v -24.7 34.98 -101.8
v -24.814 39.8 -101.226
v -25.139 39.8 -100.739
v -25.626 39.8 -100.414
v -26.2 39.8 -100.3
v -26.774 39.8 -100.414
v -24.571 34.98 -100.171
v -24.571 36.8 -100.171
v -28.604 34.98 -100.804
v -27.196 34.98 -99.396
v -28.604 36.8 -100.804
v -27.196 36.8 -99.396
v -27.829 34.98 -100.171
v -27.829 36.8 -100.171
v -25.626 34.98 -100.414
v -26.2 34.98 -100.3
v -26.774 34.98 -100.414
v -23.796 39.45 -100.804
v -24.163 39.8 -100.956
v -23.904 39.697 -100.849
v -25.204 39.45 -99.396
v -25.358 39.8 -99.766
v -25.249 39.697 -99.505
v -27.614 39.8 -101.8
v -23.796 39.45 -101.8
v -26.2 39.45 -99.396
v -26.2 39.8 -99.769
v -26.2 39.697 -99.505
v -24.821 39.8 -100.421
v -24.571 39.45 -100.171
v -24.644 39.697 -100.244
v -27.04 39.8 -99.773
v -27.196 39.45 -99.396
v -27.15 39.697 -99.506
v -27.621 39.8 -100.492
v -27.918 39.456 -100.278
v -27.794 39.699 -100.296
v -27.915 39.461 -101.8
v -27.79 39.701 -101.8
v -24.163 39.8 -101.8
v -23.904 39.697 -101.8
v -25.45 29.741 -100.691
v -25.45 29.091 -101.341
v -25.45 31.4 -101.8
v -25.45 31.049 -100.951
v -25.45 30.2 -100.6
v -25.45 30.659 -100.691
v -25.45 31.309 -101.341
v -25.45 29 -101.8
v -25.45 29.351 -100.951
v -25.45 30.907 -101.8
v -25.45 28.949 -101.2
v -25.9 28.949 -101.2
v -25.45 28.867 -101.479
v -25.45 28.8 -101.8
v -25.9 28.8 -101.8
v -25.9 28.867 -101.479
v -25.45 29.421 -101.2
v -26.2 29.419 -101.2
v -25.45 29.817 -100.876
v -25.45 29.493 -101.093
v -25.45 30.583 -100.876
v -25.45 30.2 -100.8
v -26.2 30.2 -100.8
v -26.2 30.907 -101.093
v -26.45 29.915 -101.112
v -26.2 29.817 -100.876
v -26.377 29.846 -100.945
v -26.2 29.493 -101.093
v -26.45 29.673 -101.273
v -26.377 29.546 -101.146
v -26.45 30.907 -101.8
v -26.45 30.907 -101.515
v -26.45 30.727 -101.273
v -26.2 30.583 -100.876
v -26.45 30.485 -101.112
v -26.377 30.554 -100.945
v -26.45 30.485 -101.515
v -26.45 30.2 -101.055
v -26.377 30.2 -100.875
v -26.45 29.512 -101.515
v -26.45 30.2 -101.515
v -26.377 29.334 -101.502
v -26.45 29.455 -101.8
v -26.377 29.275 -101.8
v -26.45 29.915 -101.8
v -26.45 29.915 -101.515
v -26.45 30.2 -101.8
v -26.45 30.485 -101.8
v -25.45 30.907 -101.093
v -26.377 30.907 -101.225
v -26.2 30.907 -101.8
v -26.377 30.854 -101.146
v -25.45 29.183 -101.2
v -25.45 30.907 -101.518
v -26.2 30.907 -101.518
v -25.2 30.659 -100.691
v -25.2 31.4 -101.8
v -25.2 29.351 -100.951
v -25.2 29.091 -101.341
v -25.2 30.2 -100.6
v -25.2 29 -101.8
v -25.2 31.309 -101.341
v -25.2 31.049 -100.951
v -25.2 29.741 -100.691
v -26.377 29.513 -101.2
v -26.17 29.231 -101.2
v -26.17 29.101 -101.49
v -26.17 29.037 -101.8
v -29.3 34.389 -101.8
v -29.3 34.328 -100.257
v -22.96 33.206 -101.8
v -22.96 33.104 -101.022
v -22.96 32.804 -100.297
v -22.96 32.326 -99.674
v -22.96 31.703 -99.196
v -22.96 30.978 -98.896
v -22.96 30.2 -98.794
v -22.96 29.422 -98.896
v -22.96 28.697 -99.196
v -22.96 28.074 -99.674
v -22.96 27.596 -100.297
v -22.96 27.296 -101.022
v -22.96 27.194 -101.8
v -22.96 30.2 -101.8
v -22.96 30.2 -100.994
v -22.96 30.2 -100.244
v -22.96 30.2 -99.599
v -22.96 31.206 -101.8
v -22.96 31.07 -99.627
v -22.96 31.17 -100.26
v -22.96 31.201 -101.002
v -22.96 29.33 -99.627
v -22.96 29.23 -100.26
v -22.96 29.199 -101.002
v -22.96 29.194 -101.8
v -15.1 34.98 -105.76
v -15.1 32.9 -105.76
v -21.44 29.091 -102.259
v -21.44 29.351 -102.649
v -21.44 29.741 -102.909
v -21.44 30.2 -103
v -21.44 30.659 -102.909
v -21.44 31.049 -102.649
v -21.44 31.309 -102.259
v -21.44 30.2 -105.399
v -21.44 26.724 -102.731
v -21.44 27.084 -103.599
v -21.44 27.655 -104.345
v -21.44 28.401 -104.916
v -21.44 29.269 -105.276
v -21.44 31.131 -105.276
v -21.44 31.999 -104.916
v -21.44 33.316 -103.599
v -21.44 33.676 -102.731
v -15.1 33.316 -103.599
v -21.44 32.9 -104.119
v -15.1 33.676 -102.731
v -22.2 32.9 -105.76
v -22.2 34.98 -105.76
v -22.2 30.2 -105.399
v -22.2 26.724 -102.731
v -22.2 27.084 -103.599
v -22.2 27.655 -104.345
v -22.2 28.401 -104.916
v -22.2 29.269 -105.276
v -22.2 31.131 -105.276
v -22.2 31.999 -104.916
v -22.2 32.542 -104.5
v -21.44 32.542 -104.5
v -21.44 32.9 -104.5
v -22.2 32.9 -104.5
v -15.1 32.9 -104.119
v -19.261 34.98 -102.861
v -19.586 34.98 -102.374
v -17 39.8 -102.767
v -20.604 34.98 -102.796
v -19.196 34.98 -104.204
v -20.604 36.8 -102.796
v -19.196 36.8 -104.204
v -17 34.98 -102.767
v -18.2 36.8 -104.204
v -18.2 34.98 -104.204
v -19.586 39.8 -102.374
v -19.261 39.8 -102.861
v -18.774 39.8 -103.186
v -18.2 39.8 -103.3
v -17.626 39.8 -103.186
v -19.829 34.98 -103.429
v -19.829 36.8 -103.429
v -15.796 34.98 -102.796
v -17.204 34.98 -104.204
v -15.796 36.8 -102.796
v -17.204 36.8 -104.204
v -16.571 34.98 -103.429
v -16.571 36.8 -103.429
v -18.774 34.98 -103.186
v -18.2 34.98 -103.3
v -17.626 34.98 -103.186
v -20.604 39.45 -102.796
v -20.237 39.8 -102.644
v -20.496 39.697 -102.751
v -19.196 39.45 -104.204
v -19.042 39.8 -103.834
v -19.151 39.697 -104.095
v -18.2 39.45 -104.204
v -18.2 39.8 -103.831
v -18.2 39.697 -104.095
v -19.579 39.8 -103.179
v -19.829 39.45 -103.429
v -19.756 39.697 -103.356
v -17.36 39.8 -103.827
v -17.204 39.45 -104.204
v -17.25 39.697 -104.094
v -16.779 39.8 -103.108
v -16.482 39.456 -103.322
v -16.606 39.699 -103.304
v -18.95 29.741 -102.909
v -18.95 29.091 -102.259
v -18.95 31.049 -102.649
v -18.95 30.2 -103
v -18.95 30.659 -102.909
v -18.95 31.309 -102.259
v -18.95 29.351 -102.649
v -18.95 28.949 -102.4
v -18.5 28.949 -102.4
v -18.95 28.867 -102.121
v -18.5 28.867 -102.121
v -18.95 29.421 -102.4
v -18.2 29.419 -102.4
v -18.95 29.817 -102.724
v -18.95 29.493 -102.507
v -18.95 30.583 -102.724
v -18.95 30.2 -102.8
v -18.2 30.2 -102.8
v -18.2 30.907 -102.507
v -17.95 29.915 -102.488
v -18.2 29.817 -102.724
v -18.023 29.846 -102.655
v -18.2 29.493 -102.507
v -17.95 29.673 -102.327
v -18.023 29.546 -102.454
v -17.95 30.907 -102.085
v -17.95 30.727 -102.327
v -18.2 30.583 -102.724
v -17.95 30.485 -102.488
v -18.023 30.554 -102.655
v -17.95 30.485 -102.085
v -17.95 30.2 -102.545
v -18.023 30.2 -102.725
v -17.95 29.512 -102.085
v -17.95 30.2 -102.085
v -18.023 29.334 -102.098
v -17.95 29.915 -102.085
v -18.95 30.907 -102.507
v -18.023 30.907 -102.375
v -18.023 30.854 -102.454
v -18.95 29.183 -102.4
v -18.95 30.907 -102.082
v -18.2 30.907 -102.082
v -19.2 30.659 -102.909
v -19.2 29.351 -102.649
v -19.2 29.091 -102.259
v -19.2 30.2 -103
v -19.2 31.309 -102.259
v -19.2 31.049 -102.649
v -19.2 29.741 -102.909
v -18.023 29.513 -102.4
v -18.23 29.231 -102.4
v -18.23 29.101 -102.11
v -15.1 34.328 -103.343
v -21.44 33.104 -102.578
v -21.44 32.804 -103.303
v -21.44 32.326 -103.926
v -21.44 31.703 -104.404
v -21.44 30.978 -104.704
v -21.44 30.2 -104.806
v -21.44 29.422 -104.704
v -21.44 28.697 -104.404
v -21.44 28.074 -103.926
v -21.44 27.596 -103.303
v -21.44 27.296 -102.578
v -21.44 30.2 -102.606
v -21.44 30.2 -103.356
v -21.44 30.2 -104.001
v -21.44 31.07 -103.973
v -21.44 31.17 -103.34
v -21.44 31.201 -102.598
v -21.44 29.33 -103.973
v -21.44 29.23 -103.34
v -21.44 29.199 -102.598
v -29.3 34.98 -105.76
v -29.3 32.9 -105.76
v -22.96 29.091 -102.259
v -22.96 29.351 -102.649
v -22.96 29.741 -102.909
v -22.96 30.2 -103
v -22.96 30.659 -102.909
v -22.96 31.049 -102.649
v -22.96 31.309 -102.259
v -22.96 30.2 -105.399
v -22.96 26.724 -102.731
v -22.96 27.084 -103.599
v -22.96 27.655 -104.345
v -22.96 28.401 -104.916
v -22.96 29.269 -105.276
v -22.96 31.131 -105.276
v -22.96 31.999 -104.916
v -22.96 33.316 -103.599
v -22.96 33.676 -102.731
v -29.3 33.316 -103.599
v -22.96 32.9 -104.119
v -29.3 33.676 -102.731
v -22.96 32.542 -104.5
v -22.96 32.9 -104.5
v -29.3 32.9 -104.119
v -25.139 34.98 -102.861
v -24.814 34.98 -102.374
v -27.4 39.8 -102.767
v -23.796 34.98 -102.796
v -25.204 34.98 -104.204
v -23.796 36.8 -102.796
v -25.204 36.8 -104.204
v -27.4 34.98 -102.767
v -26.2 36.8 -104.204
v -26.2 34.98 -104.204
v -24.814 39.8 -102.374
v -25.139 39.8 -102.861
v -25.626 39.8 -103.186
v -26.2 39.8 -103.3
v -26.774 39.8 -103.186
v -24.571 34.98 -103.429
v -24.571 36.8 -103.429
v -28.604 34.98 -102.796
v -27.196 34.98 -104.204
v -28.604 36.8 -102.796
v -27.196 36.8 -104.204
v -27.829 34.98 -103.429
v -27.829 36.8 -103.429
v -25.626 34.98 -103.186
v -26.2 34.98 -103.3
v -26.774 34.98 -103.186
v -23.796 39.45 -102.796
v -24.163 39.8 -102.644
v -23.904 39.697 -102.751
v -25.204 39.45 -104.204
v -25.358 39.8 -103.834
v -25.249 39.697 -104.095
v -26.2 39.45 -104.204
v -26.2 39.8 -103.831
v -26.2 39.697 -104.095
v -24.821 39.8 -103.179
v -24.571 39.45 -103.429
v -24.644 39.697 -103.356
v -27.04 39.8 -103.827
v -27.196 39.45 -104.204
v -27.15 39.697 -104.094
v -27.621 39.8 -103.108
v -27.918 39.456 -103.322
v -27.794 39.699 -103.304
v -25.45 29.741 -102.909
v -25.45 29.091 -102.259
v -25.45 31.049 -102.649
v -25.45 30.2 -103
v -25.45 30.659 -102.909
v -25.45 31.309 -102.259
v -25.45 29.351 -102.649
v -25.45 28.949 -102.4
v -25.9 28.949 -102.4
v -25.45 28.867 -102.121
v -25.9 28.867 -102.121
v -25.45 29.421 -102.4
v -26.2 29.419 -102.4
v -25.45 29.817 -102.724
v -25.45 29.493 -102.507
v -25.45 30.583 -102.724
v -25.45 30.2 -102.8
v -26.2 30.2 -102.8
v -26.2 30.907 -102.507
v -26.45 29.915 -102.488
v -26.2 29.817 -102.724
v -26.377 29.846 -102.655
v -26.2 29.493 -102.507
v -26.45 29.673 -102.327
v -26.377 29.546 -102.454
v -26.45 30.907 -102.085
v -26.45 30.727 -102.327
v -26.2 30.583 -102.724
v -26.45 30.485 -102.488
v -26.377 30.554 -102.655
v -26.45 30.485 -102.085
v -26.45 30.2 -102.545
v -26.377 30.2 -102.725
v -26.45 29.512 -102.085
v -26.45 30.2 -102.085
v -26.377 29.334 -102.098
v -26.45 29.915 -102.085
v -25.45 30.907 -102.507
v -26.377 30.907 -102.375
v -26.377 30.854 -102.454
v -25.45 29.183 -102.4
v -25.45 30.907 -102.082
v -26.2 30.907 -102.082
v -25.2 30.659 -102.909
v -25.2 29.351 -102.649
v -25.2 29.091 -102.259
v -25.2 30.2 -103
v -25.2 31.309 -102.259
v -25.2 31.049 -102.649
v -25.2 29.741 -102.909
v -26.377 29.513 -102.4
v -26.17 29.231 -102.4
v -26.17 29.101 -102.11
v -29.3 34.328 -103.343
v -22.96 33.104 -102.578
v -22.96 32.804 -103.303
v -22.96 32.326 -103.926
v -22.96 31.703 -104.404
v -22.96 30.978 -104.704
v -22.96 30.2 -104.806
v -22.96 29.422 -104.704
v -22.96 28.697 -104.404
v -22.96 28.074 -103.926
v -22.96 27.596 -103.303
v -22.96 27.296 -102.578
v -22.96 30.2 -102.606
v -22.96 30.2 -103.356
v -22.96 30.2 -104.001
v -22.96 31.07 -103.973
v -22.96 31.17 -103.34
v -22.96 31.201 -102.598
v -22.96 29.33 -103.973
v -22.96 29.23 -103.34
v -22.96 29.199 -102.598
v -15.1 34.98 -97.84
v -15.1 34.98 -97.84
v -15.1 32.9 -97.84
v -15.1 32.9 -97.84
v -21.44 27.655 -99.255
v -21.44 27.084 -100.001
v -15.1 34.98 -101.8
v -21.44 28.401 -98.684
v -22.2 32.9 -97.84
v -21.44 26.724 -100.869
v -21.44 26.601 -101.8
v -22.2 34.98 -97.84
v -21.44 29.269 -98.324
v -21.44 30.2 -98.201
v -21.44 31.131 -98.324
v -21.44 31.999 -98.684
v -21.44 33.316 -100.001
v -21.44 33.676 -100.869
v -21.44 33.799 -101.8
v -15.1 33.676 -100.869
v -15.1 33.799 -101.8
v -15.1 33.316 -100.001
v -21.44 32.9 -99.481
v -21.44 32.9 -99.481
v -21.44 32.9 -99.1
v -21.44 32.9 -99.1
v -21.44 32.542 -99.1
v -21.44 32.542 -99.1
v -22.2 32.542 -99.1
v -22.2 32.9 -99.1
v -15.1 32.9 -99.481
v -15.1 32.9 -99.481
v -17 34.98 -100.833
v -17 39.8 -100.833
v -17 39.8 -100.833
v -17.626 39.8 -100.414
v -20.604 36.8 -100.804
v -20.604 34.98 -100.804
v -19.196 36.8 -99.396
v -19.196 34.98 -99.396
v -17 39.8 -101.8
v -19.261 39.8 -100.739
v -19.586 39.8 -101.226
v -18.774 39.8 -100.414
v -18.2 39.8 -100.3
v -15.796 36.8 -100.804
v -15.796 36.8 -100.804
v -15.796 34.98 -100.804
v -17.204 36.8 -99.396
v -17.204 34.98 -99.396
v -20.604 39.45 -100.804
v -20.496 39.697 -100.849
v -19.196 39.45 -99.396
v -19.151 39.697 -99.505
v -16.606 39.699 -100.296
v -16.482 39.456 -100.278
v -17.25 39.697 -99.506
v -17.204 39.45 -99.396
v -19.7 39.8 -101.8
v -15.796 36.8 -101.8
v -18.95 30.659 -100.691
v -18.95 30.2 -100.6
v -18.95 31.309 -101.341
v -18.95 31.049 -100.951
v -18.95 29.741 -100.691
v -18.95 31.4 -101.8
v -18.95 29.091 -101.341
v -18.95 29 -101.8
v -18.95 29.351 -100.951
v -18.5 28.949 -101.2
v -18.5 28.949 -101.2
v -18.95 28.949 -101.2
v -18.95 28.949 -101.2
v -18.5 28.8 -101.8
v -18.5 28.867 -101.479
v -18.95 28.867 -101.479
v -18.95 28.8 -101.8
v -18.95 29.421 -101.2
v -18.95 29.421 -101.2
v -18.2 29.419 -101.2
v -18.95 29.493 -101.093
v -18.95 29.817 -100.876
v -18.95 30.2 -100.8
v -18.95 30.583 -100.876
v -18.95 30.907 -101.518
v -18.95 30.907 -101.8
v -18.2 30.907 -101.093
v -18.023 30.907 -101.225
v -18.95 30.907 -101.093
v -18.95 30.907 -101.093
v -17.95 30.907 -101.515
v -17.95 30.907 -101.8
v -18.023 29.513 -101.2
v -18.95 29.183 -101.2
v -18.95 29.183 -101.2
v -18.23 29.231 -101.2
v -29.3 34.98 -97.84
v -29.3 34.98 -97.84
v -29.3 32.9 -97.84
v -29.3 32.9 -97.84
v -22.96 27.655 -99.255
v -22.96 27.084 -100.001
v -29.3 34.98 -101.8
v -22.96 28.401 -98.684
v -22.96 26.724 -100.869
v -22.96 26.601 -101.8
v -22.96 29.269 -98.324
v -22.96 30.2 -98.201
v -22.96 31.131 -98.324
v -22.96 31.999 -98.684
v -22.96 33.316 -100.001
v -22.96 33.676 -100.869
v -22.96 33.799 -101.8
v -29.3 33.676 -100.869
v -29.3 33.799 -101.8
v -29.3 33.316 -100.001
v -22.96 32.9 -99.481
v -22.96 32.9 -99.481
v -22.96 32.9 -99.1
v -22.96 32.9 -99.1
v -22.96 32.542 -99.1
v -22.96 32.542 -99.1
v -29.3 32.9 -99.481
v -29.3 32.9 -99.481
v -27.4 34.98 -100.833
v -27.4 39.8 -100.833
v -27.4 39.8 -100.833
v -26.774 39.8 -100.414
v -23.796 36.8 -100.804
v -23.796 34.98 -100.804
v -25.204 36.8 -99.396
v -25.204 34.98 -99.396
v -27.4 39.8 -101.8
v -25.139 39.8 -100.739
v -24.814 39.8 -101.226
v -25.626 39.8 -100.414
v -26.2 39.8 -100.3
v -28.604 36.8 -100.804
v -28.604 36.8 -100.804
v -28.604 34.98 -100.804
v -27.196 36.8 -99.396
v -27.196 34.98 -99.396
v -23.796 39.45 -100.804
v -23.904 39.697 -100.849
v -25.204 39.45 -99.396
v -25.249 39.697 -99.505
v -27.794 39.699 -100.296
v -27.918 39.456 -100.278
v -27.15 39.697 -99.506
v -27.196 39.45 -99.396
v -24.7 39.8 -101.8
v -28.604 36.8 -101.8
v -25.45 30.659 -100.691
v -25.45 30.2 -100.6
v -25.45 31.309 -101.341
v -25.45 31.049 -100.951
v -25.45 29.741 -100.691
v -25.45 31.4 -101.8
v -25.45 29.091 -101.341
v -25.45 29 -101.8
v -25.45 29.351 -100.951
v -25.9 28.949 -101.2
v -25.9 28.949 -101.2
v -25.45 28.949 -101.2
v -25.45 28.949 -101.2
v -25.9 28.8 -101.8
v -25.9 28.867 -101.479
v -25.45 28.867 -101.479
v -25.45 28.8 -101.8
v -25.45 29.421 -101.2
v -25.45 29.421 -101.2
v -26.2 29.419 -101.2
v -25.45 29.493 -101.093
v -25.45 29.817 -100.876
v -25.45 30.2 -100.8
v -25.45 30.583 -100.876
v -25.45 30.907 -101.518
v -25.45 30.907 -101.8
v -26.2 30.907 -101.093
v -26.377 30.907 -101.225
v -25.45 30.907 -101.093
v -25.45 30.907 -101.093
v -26.45 30.907 -101.515
v -26.45 30.907 -101.8
v -26.377 29.513 -101.2
v -25.45 29.183 -101.2
v -25.45 29.183 -101.2
v -26.17 29.231 -101.2
v -15.1 34.98 -105.76
v -15.1 34.98 -105.76
v -15.1 32.9 -105.76
v -15.1 32.9 -105.76
v -21.44 27.655 -104.345
v -21.44 27.084 -103.599
v -21.44 28.401 -104.916
v -22.2 32.9 -105.76
v -21.44 26.724 -102.731
v -22.2 34.98 -105.76
v -21.44 29.269 -105.276
v -21.44 30.2 -105.399
v -21.44 31.131 -105.276
v -21.44 31.999 -104.916
v -21.44 33.316 -103.599
v -21.44 33.676 -102.731
v -15.1 33.676 -102.731
v -15.1 33.316 -103.599
v -21.44 32.9 -104.119
v -21.44 32.9 -104.119
v -21.44 32.9 -104.5
v -21.44 32.9 -104.5
v -21.44 32.542 -104.5
v -21.44 32.542 -104.5
v -22.2 32.542 -104.5
v -22.2 32.9 -104.5
v -15.1 32.9 -104.119
v -15.1 32.9 -104.119
v -17 34.98 -102.767
v -17 39.8 -102.767
v -17 39.8 -102.767
v -17.626 39.8 -103.186
v -20.604 36.8 -102.796
v -20.604 34.98 -102.796
v -19.196 36.8 -104.204
v -19.196 34.98 -104.204
v -19.261 39.8 -102.861
v -19.586 39.8 -102.374
v -18.774 39.8 -103.186
v -18.2 39.8 -103.3
v -15.796 36.8 -102.796
v -15.796 36.8 -102.796
v -15.796 34.98 -102.796
v -17.204 36.8 -104.204
v -17.204 34.98 -104.204
v -20.604 39.45 -102.796
v -20.496 39.697 -102.751
v -19.196 39.45 -104.204
v -19.151 39.697 -104.095
v -16.606 39.699 -103.304
v -16.482 39.456 -103.322
v -17.25 39.697 -104.094
v -17.204 39.45 -104.204
v -18.95 30.659 -102.909
v -18.95 30.2 -103
v -18.95 31.309 -102.259
v -18.95 31.049 -102.649
v -18.95 29.741 -102.909
v -18.95 29.091 -102.259
v -18.95 29.351 -102.649
v -18.5 28.949 -102.4
v -18.5 28.949 -102.4
v -18.95 28.949 -102.4
v -18.95 28.949 -102.4
v -18.5 28.867 -102.121
v -18.95 28.867 -102.121
v -18.95 29.421 -102.4
v -18.95 29.421 -102.4
v -18.2 29.419 -102.4
v -18.95 29.493 -102.507
v -18.95 29.817 -102.724
v -18.95 30.2 -102.8
v -18.95 30.583 -102.724
v -18.95 30.907 -102.082
v -18.2 30.907 -102.507
v -18.023 30.907 -102.375
v -18.95 30.907 -102.507
v -18.95 30.907 -102.507
v -17.95 30.907 -102.085
v -18.023 29.513 -102.4
v -18.95 29.183 -102.4
v -18.95 29.183 -102.4
v -18.23 29.231 -102.4
v -29.3 34.98 -105.76
v -29.3 34.98 -105.76
v -29.3 32.9 -105.76
v -29.3 32.9 -105.76
v -22.96 27.655 -104.345
v -22.96 27.084 -103.599
v -22.96 28.401 -104.916
v -22.96 26.724 -102.731
v -22.96 29.269 -105.276
v -22.96 30.2 -105.399
v -22.96 31.131 -105.276
v -22.96 31.999 -104.916
v -22.96 33.316 -103.599
v -22.96 33.676 -102.731
v -29.3 33.676 -102.731
v -29.3 33.316 -103.599
v -22.96 32.9 -104.119
v -22.96 32.9 -104.119
v -22.96 32.9 -104.5
v -22.96 32.9 -104.5
v -22.96 32.542 -104.5
v -22.96 32.542 -104.5
v -29.3 32.9 -104.119
v -29.3 32.9 -104.119
v -27.4 34.98 -102.767
v -27.4 39.8 -102.767
v -27.4 39.8 -102.767
v -26.774 39.8 -103.186
v -23.796 36.8 -102.796
v -23.796 34.98 -102.796
v -25.204 36.8 -104.204
v -25.204 34.98 -104.204
v -25.139 39.8 -102.861
v -24.814 39.8 -102.374
v -25.626 39.8 -103.186
v -26.2 39.8 -103.3
v -28.604 36.8 -102.796
v -28.604 36.8 -102.796
v -28.604 34.98 -102.796
v -27.196 36.8 -104.204
v -27.196 34.98 -104.204
v -23.796 39.45 -102.796
v -23.904 39.697 -102.751
v -25.204 39.45 -104.204
v -25.249 39.697 -104.095
v -27.794 39.699 -103.304
v -27.918 39.456 -103.322
v -27.15 39.697 -104.094
v -27.196 39.45 -104.204
v -25.45 30.659 -102.909
v -25.45 30.2 -103
v -25.45 31.309 -102.259
v -25.45 31.049 -102.649
v -25.45 29.741 -102.909
v -25.45 29.091 -102.259
v -25.45 29.351 -102.649
v -25.9 28.949 -102.4
v -25.9 28.949 -102.4
v -25.45 28.949 -102.4
v -25.45 28.949 -102.4
v -25.9 28.867 -102.121
v -25.45 28.867 -102.121
v -25.45 29.421 -102.4
v -25.45 29.421 -102.4
v -26.2 29.419 -102.4
v -25.45 29.493 -102.507
v -25.45 29.817 -102.724
v -25.45 30.2 -102.8
v -25.45 30.583 -102.724
v -25.45 30.907 -102.082
v -26.2 30.907 -102.507
v -26.377 30.907 -102.375
v -25.45 30.907 -102.507
v -25.45 30.907 -102.507
v -26.45 30.907 -102.085
v -26.377 29.513 -102.4
v -25.45 29.183 -102.4
v -25.45 29.183 -102.4
v -26.17 29.231 -102.4
vt 0 0
vt 0 0
vt 0 0
vt 0 0
vt 0 0
vt 0 0
vt 0 0
vt 0 0
vt 0 0
vt 0 0
vt 0 0
vt 0 0
vt 0 0
vt 0 0
vt 0 0
vt 0 0
vt 0 0
vt 0 0
vt 0 0
vt 0 0
vt 0 0
vt 0 0
vt 0 0
vt 0 0
vt 0 0
vt 0 0
vt 0 0
vt 0 0
vt 0 0
vt 0 0
vt 0 0
vt 0 0
vt 0 0
vt 0 0
vt 0 0
vt 0 0
vt 0 0
vt 0 0
vt 0 0
vt 0 0
vt 0 0
vt 0 0
vt 0 0
vt 0 0
vt 0 0
vt 0 0
vt 0 0
vt 0 0
vt 0.728 0.805
vt 0.728 0.87
vt 0.505 0.805
vt 0.728 0.87
vt 0.505 0.87
vt 0.505 0.805
vt 0.743 0.87
vt 0.743 0.805
vt 0.811 0.818
vt 0.743 0.805
vt 0.795 0.805
vt 0.811 0.818
vt 0 0
vt 0 0
vt 0 0
vt 0 0
vt 0 0
vt 0 0
vt 0 0
vt 0 0
vt 0 0
vt 0 0
vt 0 0
vt 0 0
vt 0.529 0.776
vt 0.529 0.793
vt 0.505 0.776
vt 0.529 0.793
vt 0.505 0.793
vt 0.505 0.776
vt 0.529 0.749
vt 0.529 0.776
vt 0.505 0.749
vt 0.529 0.776
vt 0.505 0.776
vt 0.505 0.749
vt 0.529 0.72
vt 0.529 0.749
vt 0.505 0.72
vt 0.529 0.749
vt 0.505 0.749
vt 0.505 0.72
vt 0.529 0.69
vt 0.529 0.72
vt 0.505 0.69
vt 0.529 0.72
vt 0.505 0.72
vt 0.505 0.69
vt 0.529 0.663
vt 0.529 0.69
vt 0.505 0.663
vt 0.529 0.69
vt 0.505 0.69
vt 0.505 0.663
vt 0.529 0.61
vt 0.529 0.621
vt 0.505 0.61
vt 0.529 0.621
vt 0.505 0.621
vt 0.505 0.61
vt 0.529 0.606
vt 0.529 0.61
vt 0.505 0.606
vt 0.529 0.61
vt 0.505 0.61
vt 0.505 0.606
vt 0.529 0.639
vt 0.529 0.663
vt 0.505 0.639
vt 0.529 0.663
vt 0.505 0.663
vt 0.505 0.639
vt 0.529 0.621
vt 0.529 0.639
vt 0.505 0.621
vt 0.529 0.639
vt 0.505 0.639
vt 0.505 0.621
vt 0 0
vt 0 0
vt 0 0
vt 0 0
vt 0 0
vt 0 0
vt 0 0
vt 0 0
vt 0 0
vt 0 0
vt 0 0
vt 0 0
vt 0 0
vt 0 0
vt 0 0
vt 0 0
vt 0 0
vt 0 0
vt 0.868 0.852
vt 0.819 0.85
vt 0.868 0.833
vt 0.819 0.85
vt 0.838 0.829
vt 0.868 0.833
vt 0.838 0.829
vt 0.819 0.85
vt 0.811 0.818
vt 0.819 0.85
vt 0.743 0.87
vt 0.811 0.818
vt 0.505 0.805
vt 0.505 0.793
vt 0.529 0.805
vt 0.505 0.793
vt 0.529 0.793
vt 0.529 0.805
vt 0 0
vt 0 0
vt 0 0
vt 0 0
vt 0 0
vt 0 0
vt 0 0
vt 0 0
vt 0 0
vt 0 0
vt 0 0
vt 0 0
vt 0 0
vt 0 0
vt 0 0
vt 0 0
vt 0 0
vt 0 0
vt 0 0
vt 0 0
vt 0 0
vt 0 0
vt 0 0
vt 0 0
vt 0 0
vt 0 0
vt 0 0
vt 0 0
vt 0 0
vt 0 0
vt 0 0
vt 0 0
vt 0 0
vt 0 0
vt 0 0
vt 0 0
vt 0 0
vt 0 0
vt 0 0
vt 0 0
vt 0 0
vt 0 0
vt 0 0
vt 0 0
vt 0 0
vt 0 0
vt 0 0
vt 0 0
vt 0 0
vt 0 0
vt 0 0
vt 0 0
vt 0 0
vt 0 0
vt 0 0
vt 0 0
vt 0 0
vt 0 0
vt 0 0
vt 0 0
vt 0 0
vt 0 0
vt 0 0
vt 0 0
vt 0 0
vt 0 0
vt 0 0
vt 0 0
vt 0 0
vt 0 0
vt 0 0
vt 0 0
vt 0 0
vt 0 0
vt 0 0
vt 0 0
vt 0 0
vt 0 0
vt 0 0
vt 0 0
vt 0 0
vt 0 0
vt 0 0
vt 0 0
vt 0 0
vt 0 0
vt 0 0
vt 0 0
vt 0 0
vt 0 0
vt 0 0
vt 0 0
vt 0 0
vt 0 0
vt 0 0
vt 0 0
vt 0 0
vt 0 0
vt 0 0
vt 0 0
vt 0 0
vt 0 0
vt 0 0
vt 0 0
vt 0 0
vt 0 0
vt 0 0
vt 0 0
vt 0 0
vt 0 0
vt 0 0
vt 0 0
vt 0 0
vt 0 0
vt 0 0
vt 0 0
vt 0 0
vt 0 0
vt 0 0
vt 0 0
vt 0 0
vt 0 0
vt 0 0
vt 0 0
vt 0 0
vt 0 0
vt 0 0
vt 0 0
vt 0 0
vt 0 0
vt 0 0
vt 0 0
vt 0 0
vt 0 0
vt 0 0
vt 0 0
vt 0 0
vt 0 0
vt 0 0
vt 0 0
vt 0 0
vt 0 0
vt 0 0
vt 0 0
vt 0 0
vt 0 0
vt 0 0
vt 0 0
vt 0 0
vt 0 0
vt 0 0
vt 0 0
vt 0 0
vt 0 0
vt 0 0
vt 0 0
vt 0 0
vt 0 0
vt 0 0
vt 0 0
vt 0 0
vt 0 0
vt 0 0
vt 0 0
vt 0 0
vt 0 0
vt 0 0
vt 0 0
vt 0 0
vt 0 0
vt 0 0
vt 0 0
vt 0 0
vt 0 0
vt 0 0
vt 0 0
vt 0 0
vt 0 0
vt 0 0
vt 0 0
vt 0 0
vt 0 0
vt 0 0
vt 0 0
vt 0 0
vt 0 0
vt 0 0
vt 0 0
vt 0 0
vt 0 0
vt 0 0
vt 0 0
vt 0 0
vt 0 0
vt 0 0
vt 0 0
vt 0 0
vt 0 0
vt 0 0
vt 0 0
vt 0 0
vt 0 0
vt 0 0
vt 0 0
vt 0 0
vt 0 0
vt 0 0
vt 0 0
vt 0 0
vt 0 0
vt 0 0
vt 0 0
vt 0 0
vt 0 0
vt 0 0
vt 0 0
vt 0 0
vt 0 0
vt 0 0
vt 0 0
vt 0 0
vt 0 0
vt 0 0
vt 0 0
vt 0 0
vt 0 0
vt 0 0
vt 0 0
vt 0 0
vt 0 0
vt 0 0
vt 0 0
vt 0 0
vt 0 0
vt 0 0
vt 0 0
vt 0 0
vt 0 0
vt 0 0
vt 0 0
vt 0 0
vt 0 0
vt 0 0
vt 0 0
vt 0 0
vt 0 0
vt 0 0
vt 0 0
vt 0 0
vt 0 0
vt 0 0
vt 0 0
vt 0 0
vt 0 0
vt 0 0
vt 0 0
vt 0 0
vt 0 0
vt 0 0
vt 0 0
vt 0 0
vt 0 0
vt 0 0
vt 0 0
vt 0 0
vt 0 0
vt 0 0
vt 0 0
vt 0 0
vt 0 0
vt 0 0
vt 0 0
vt 0 0
vt 0 0
vt 0 0
vt 0 0
vt 0 0
vt 0 0
vt 0 0
vt 0 0
vt 0 0
vt 0 0
vt 0 0
vt 0 0
vt 0 0
vt 0 0
vt 0 0
vt 0 0
vt 0 0
vt 0 0
vt 0 0
vt 0 0
vt 0 0
vt 0 0
vt 0 0
vt 0 0
vt 0 0
vt 0 0
vt 0 0
vt 0 0
vt 0 0
vt 0 0
vt 0 0
vt 0 0
vt 0 0
vt 0 0
vt 0 0
vt 0 0
vt 0 0
vt 0 0
vt 0 0
vt 0 0
vt 0 0
vt 0 0
vt 0 0
vt 0 0
vt 0 0
vt 0 0
vt 0 0
vt 0 0
vt 0 0
vt 0 0
vt 0 0
vt 0 0
vt 0 0
vt 0 0
vt 0 0
vt 0 0
vt 0 0
vt 0 0
vt 0 0
vt 0 0
vt 0 0
vt 0 0
vt 0 0
vt 0 0
vt 0 0
vt 0 0
vt 0 0
vt 0 0
vt 0 0
vt 0 0
vt 0 0
vt 0 0
vt 0 0
vt 0 0
vt 0 0
vt 0 0
vt 0 0
vt 0 0
vt 0 0
vt 0 0
vt 0 0
vt 0 0
vt 0 0
vt 0 0
vt 0 0
vt 0 0
vt 0 0
vt 0 0
vt 0 0
vt 0 0
vt 0 0
vt 0 0
vt 0 0
vt 0 0
vt 0 0
vt 0 0
vt 0 0
vt 0 0
vt 0 0
vt 0 0
vt 0 0
vt 0 0
vt 0 0
vt 0 0
vt 0 0
vt 0 0
vt 0 0
vt 0 0
vt 0 0
vt 0 0
vt 0 0
vt 0 0
vt 0 0
vt 0 0
vt 0 0
vt 0 0
vt 0 0
vt 0 0
vt 0 0
vt 0 0
vt 0 0
vt 0 0
vt 0 0
vt 0 0
vt 0 0
vt 0 0
vt 0 0
vt 0 0
vt 0 0
vt 0 0
vt 0 0
vt 0 0
vt 0 0
vt 0 0
vt 0 0
vt 0 0
vt 0 0
vt 0 0
vt 0 0
vt 0 0
vt 0 0
vt 0 0
vt 0 0
vt 0 0
vt 0 0
vt 0 0
vt 0 0
vt 0 0
vt 0 0
vt 0 0
vt 0 0
vt 0 0
vt 0 0
vt 0 0
vt 0 0
vt 0 0
vt 0 0
vt 0 0
vt 0 0
vt 0 0
vt 0 0
vt 0 0
vt 0 0
vt 0 0
vt 0 0
vt 0 0
vt 0 0
vt 0 0
vt 0 0
vt 0 0
vt 0 0
vt 0 0
vt 0 0
vt 0 0
vt 0 0
vt 0 0
vt 0 0
vt 0 0
vt 0 0
vt 0 0
vt 0 0
vt 0 0
vt 0 0
vt 0 0
vt 0 0
vt 0 0
vt 0 0
vt 0 0
vt 0 0
vt 0 0
vt 0 0
vt 0 0
vt 0 0
vt 0 0
vt 0 0
vt 0 0
vt 0 0
vt 0 0
vt 0 0
vt 0 0
vt 0 0
vt 0 0
vt 0 0
vt 0 0
vt 0 0
vt 0 0
vt 0 0
vt 0 0
vt 0 0
vt 0 0
vt 0 0
vt 0 0
vt 0 0
vt 0 0
vt 0 0
vt 0 0
vt 0 0
vt 0 0
vt 0 0
vt 0 0
vt 0 0
vt 0 0
vt 0 0
vt 0 0
vt 0 0
vt 0 0
vt 0 0
vt 0 0
vt 0 0
vt 0 0
vt 0 0
vt 0 0
vt 0 0
vt 0 0
vt 0 0
vt 0 0
vt 0 0
vt 0 0
vt 0 0
vt 0 0
vt 0 0
vt 0 0
vt 0 0
vt 0 0
vt 0 0
vt 0 0
vt 0 0
vt 0 0
vt 0 0
vt 0 0
vt 0 0
vt 0 0
vt 0 0
vt 0 0
vt 0 0
vt 0 0
vt 0 0
vt 0 0
vt 0 0
vt 0 0
vt 0 0
vt 0 0
vt 0 0
vt 0 0
vt 0 0
vt 0 0
vt 0 0
vt 0 0
vt 0 0
vt 0 0
vt 0 0
vt 0 0
vt 0 0
vt 0 0
vt 0 0
vt 0 0
vt 0 0
vt 0 0
vt 0 0
vt 0 0
vt 0 0
vt 0 0
vt 0 0
vt 0 0
vt 0 0
vt 0 0
vt 0 0
vt 0 0
vt 0 0
vt 0 0
vt 0 0
vt 0 0
vt 0 0
vt 0 0
vt 0 0
vt 0 0
vt 0 0
vt 0 0
vt 0 0
vt 0 0
vt 0 0
vt 0 0
vt 0 0
vt 0 0
vt 0 0
vt 0 0
vt 0 0
vt 0 0
vt 0 0
vt 0 0
vt 0 0
vt 0 0
vt 0 0
vt 0 0
vt 0 0
vt 0 0
vt 0 0
vt 0 0
vt 0 0
vt 0 0
vt 0 0
vt 0 0
vt 0 0
vt 0 0
vt 0 0
vt 0 0
vt 0 0
vt 0 0
vt 0.868 0.87
vt 0.743 0.87
vt 0.868 0.852
vt 0.743 0.87
vt 0.819 0.85
vt 0.868 0.852
vt 0 0
vt 0 0
vt 0 0
vt 0 0
vt 0 0
vt 0 0
vt 0 0
vt 0 0
vt 0 0
vt 0 0
vt 0 0
vt 0 0
vt 0 0
vt 0 0
vt 0 0
vt 0 0
vt 0 0
vt 0 0
vt 0 0
vt 0 0
vt 0 0
vt 0 0
vt 0 0
vt 0 0
vt 0 0
vt 0 0
vt 0 0
vt 0 0
vt 0 0
vt 0 0
vt 0 0
vt 0 0
vt 0 0
vt 0 0
vt 0 0
vt 0 0
vt 0 0
vt 0 0
vt 0 0
vt 0 0
vt 0 0
vt 0 0
vt 0 0
vt 0 0
vt 0 0
vt 0 0
vt 0 0
vt 0 0
vt 0 0
vt 0 0
vt 0 0
vt 0 0
vt 0 0
vt 0 0
vt 0 0
vt 0 0
vt 0 0
vt 0 0
vt 0 0
vt 0 0
vt 0 0
vt 0 0
vt 0 0
vt 0 0
vt 0 0
vt 0 0
vt 0 0
vt 0 0
vt 0 0
vt 0 0
vt 0 0
vt 0 0
vt 0 0
vt 0 0
vt 0 0
vt 0 0
vt 0 0
vt 0 0
vt 0 0
vt 0 0
vt 0 0
vt 0 0
vt 0 0
vt 0 0
vt 0 0
vt 0 0
vt 0 0
vt 0 0
vt 0 0
vt 0 0
vt 0 0
vt 0 0
vt 0 0
vt 0 0
vt 0 0
vt 0 0
vt 0 0
vt 0 0
vt 0 0
vt 0 0
vt 0 0
vt 0 0
vt 0 0
vt 0 0
vt 0 0
vt 0 0
vt 0 0
vt 0 0
vt 0 0
vt 0 0
vt 0 0
vt 0 0
vt 0 0
vt 0 0
vt 0 0
vt 0 0
vt 0 0
vt 0 0
vt 0 0
vt 0 0
vt 0 0
vt 0 0
vt 0 0
vt 0 0
vt 0 0
vt 0 0
vt 0 0
vt 0 0
vt 0 0
vt 0 0
vt 0 0
vt 0 0
vt 0 0
vt 0 0
vt 0 0
vt 0 0
vt 0 0
vt 0 0
vt 0 0
vt 0 0
vt 0 0
vt 0 0
vt 0 0
vt 0 0
vt 0 0
vt 0 0
vt 0 0
vt 0 0
vt 0 0
vt 0 0
vt 0 0
vt 0 0
vt 0 0
vt 0 0
vt 0 0
vt 0 0
vt 0 0
vt 0 0
vt 0 0
vt 0 0
vt 0 0
vt 0 0
vt 0 0
vt 0 0
vt 0 0
vt 0 0
vt 0 0
vt 0 0
vt 0 0
vt 0 0
vt 0 0
vt 0 0
vt 0 0
vt 0 0
vt 0 0
vt 0 0
vt 0 0
vt 0 0
vt 0 0
vt 0 0
vt 0 0
vt 0 0
vt 0 0
vt 0 0
vt 0 0
vt 0 0
vt 0 0
vt 0 0
vt 0 0
vt 0 0
vt 0 0
vt 0 0
vt 0 0
vt 0 0
vt 0 0
vt 0 0
vt 0 0
vt 0 0
vt 0 0
vt 0 0
vt 0 0
vt 0 0
vt 0 0
vt 0 0
vt 0 0
vt 0 0
vt 0 0
vt 0 0
vt 0 0
vt 0 0
vt 0 0
vt 0 0
vt 0 0
vt 0 0
vt 0 0
vt 0 0
vt 0 0
vt 0 0
vt 0 0
vt 0 0
vt 0 0
vt 0 0
vt 0.281 0.805
vt 0.505 0.805
vt 0.281 0.87
vt 0.505 0.805
vt 0.505 0.87
vt 0.281 0.87
vt 0.262 0.87
vt 0.193 0.818
vt 0.262 0.805
vt 0.193 0.818
vt 0.21 0.805
vt 0.262 0.805
vt 0 0
vt 0 0
vt 0 0
vt 0 0
vt 0 0
vt 0 0
vt 0 0
vt 0 0
vt 0 0
vt 0 0
vt 0 0
vt 0 0
vt 0.481 0.776
vt 0.505 0.776
vt 0.481 0.793
vt 0.505 0.776
vt 0.505 0.793
vt 0.481 0.793
vt 0.481 0.749
vt 0.505 0.749
vt 0.481 0.776
vt 0.505 0.749
vt 0.505 0.776
vt 0.481 0.776
vt 0.481 0.72
vt 0.505 0.72
vt 0.481 0.749
vt 0.505 0.72
vt 0.505 0.749
vt 0.481 0.749
vt 0.481 0.69
vt 0.505 0.69
vt 0.481 0.72
vt 0.505 0.69
vt 0.505 0.72
vt 0.481 0.72
vt 0.481 0.663
vt 0.505 0.663
vt 0.481 0.69
vt 0.505 0.663
vt 0.505 0.69
vt 0.481 0.69
vt 0.481 0.61
vt 0.505 0.61
vt 0.481 0.621
vt 0.505 0.61
vt 0.505 0.621
vt 0.481 0.621
vt 0.481 0.606
vt 0.505 0.606
vt 0.481 0.61
vt 0.505 0.606
vt 0.505 0.61
vt 0.481 0.61
vt 0.481 0.639
vt 0.505 0.639
vt 0.481 0.663
vt 0.505 0.639
vt 0.505 0.663
vt 0.481 0.663
vt 0.481 0.621
vt 0.505 0.621
vt 0.481 0.639
vt 0.505 0.621
vt 0.505 0.639
vt 0.481 0.639
vt 0 0
vt 0 0
vt 0 0
vt 0 0
vt 0 0
vt 0 0
vt 0 0
vt 0 0
vt 0 0
vt 0 0
vt 0 0
vt 0 0
vt 0 0
vt 0 0
vt 0 0
vt 0 0
vt 0 0
vt 0 0
vt 0.137 0.852
vt 0.137 0.833
vt 0.185 0.85
vt 0.137 0.833
vt 0.166 0.829
vt 0.185 0.85
vt 0.166 0.829
vt 0.193 0.818
vt 0.185 0.85
vt 0.193 0.818
vt 0.262 0.87
vt 0.185 0.85
vt 0.505 0.805
vt 0.481 0.805
vt 0.505 0.793
vt 0.481 0.805
vt 0.481 0.793
vt 0.505 0.793
vt 0 0
vt 0 0
vt 0 0
vt 0 0
vt 0 0
vt 0 0
vt 0 0
vt 0 0
vt 0 0
vt 0 0
vt 0 0
vt 0 0
vt 0 0
vt 0 0
vt 0 0
vt 0 0
vt 0 0
vt 0 0
vt 0 0
vt 0 0
vt 0 0
vt 0 0
vt 0 0
vt 0 0
vt 0 0
vt 0 0
vt 0 0
vt 0 0
vt 0 0
vt 0 0
vt 0 0
vt 0 0
vt 0 0
vt 0 0
vt 0 0
vt 0 0
vt 0 0
vt 0 0
vt 0 0
vt 0 0
vt 0 0
vt 0 0
vt 0 0
vt 0 0
vt 0 0
vt 0 0
vt 0 0
vt 0 0
vt 0 0
vt 0 0
vt 0 0
vt 0 0
vt 0 0
vt 0 0
vt 0 0
vt 0 0
vt 0 0
vt 0 0
vt 0 0
vt 0 0
vt 0 0
vt 0 0
vt 0 0
vt 0 0
vt 0 0
vt 0 0
vt 0 0
vt 0 0
vt 0 0
vt 0 0
vt 0 0
vt 0 0
vt 0 0
vt 0 0
vt 0 0
vt 0 0
vt 0 0
vt 0 0
vt 0 0
vt 0 0
vt 0 0
vt 0 0
vt 0 0
vt 0 0
vt 0 0
vt 0 0
vt 0 0
vt 0 0
vt 0 0
vt 0 0
vt 0 0
vt 0 0
vt 0 0
vt 0 0
vt 0 0
vt 0 0
vt 0 0
vt 0 0
vt 0 0
vt 0 0
vt 0 0
vt 0 0
vt 0 0
vt 0 0
vt 0 0
vt 0 0
vt 0 0
vt 0 0
vt 0 0
vt 0 0
vt 0 0
vt 0 0
vt 0 0
vt 0 0
vt 0 0
vt 0 0
vt 0 0
vt 0 0
vt 0 0
vt 0 0
vt 0 0
vt 0 0
vt 0 0
vt 0 0
vt 0 0
vt 0 0
vt 0 0
vt 0 0
vt 0 0
vt 0 0
vt 0 0
vt 0 0
vt 0 0
vt 0 0
vt 0 0
vt 0 0
vt 0 0
vt 0 0
vt 0 0
vt 0 0
vt 0 0
vt 0 0
vt 0 0
vt 0 0
vt 0 0
vt 0 0
vt 0 0
vt 0 0
vt 0 0
vt 0 0
vt 0 0
vt 0 0
vt 0 0
vt 0 0
vt 0 0
vt 0 0
vt 0 0
vt 0 0
vt 0 0
vt 0 0
vt 0 0
vt 0 0
vt 0 0
vt 0 0
vt 0 0
vt 0 0
vt 0 0
vt 0 0
vt 0 0
vt 0 0
vt 0 0
vt 0 0
vt 0 0
vt 0 0
vt 0 0
vt 0 0
vt 0 0
vt 0 0
vt 0 0
vt 0 0
vt 0 0
vt 0 0
vt 0 0
vt 0 0
vt 0 0
vt 0 0
vt 0 0
vt 0 0
vt 0 0
vt 0 0
vt 0 0
vt 0 0
vt 0 0
vt 0 0
vt 0 0
vt 0 0
vt 0 0
vt 0 0
vt 0 0
vt 0 0
vt 0 0
vt 0 0
vt 0 0
vt 0 0
vt 0 0
vt 0 0
vt 0 0
vt 0 0
vt 0 0
vt 0 0
vt 0 0
vt 0 0
vt 0 0
vt 0 0
vt 0 0
vt 0 0
vt 0 0
vt 0 0
vt 0 0
vt 0 0
vt 0 0
vt 0 0
vt 0 0
vt 0 0
vt 0 0
vt 0 0
vt 0 0
vt 0 0
vt 0 0
vt 0 0
vt 0 0
vt 0 0
vt 0 0
vt 0 0
vt 0 0
vt 0 0
vt 0 0
vt 0 0
vt 0 0
vt 0 0
vt 0 0
vt 0 0
vt 0 0
vt 0 0
vt 0 0
vt 0 0
vt 0 0
vt 0 0
vt 0 0
vt 0 0
vt 0 0
vt 0 0
vt 0 0
vt 0 0
vt 0 0
vt 0 0
vt 0 0
vt 0 0
vt 0 0
vt 0 0
vt 0 0
vt 0 0
vt 0 0
vt 0 0
vt 0 0
vt 0 0
vt 0 0
vt 0 0
vt 0 0
vt 0 0
vt 0 0
vt 0 0
vt 0 0
vt 0 0
vt 0 0
vt 0 0
vt 0 0
vt 0 0
vt 0 0
vt 0 0
vt 0 0
vt 0 0
vt 0 0
vt 0 0
vt 0 0
vt 0 0
vt 0 0
vt 0 0
vt 0 0
vt 0 0
vt 0 0
vt 0 0
vt 0 0
vt 0 0
vt 0 0
vt 0 0
vt 0 0
vt 0 0
vt 0 0
vt 0 0
vt 0 0
vt 0 0
vt 0 0
vt 0 0
vt 0 0
vt 0 0
vt 0 0
vt 0 0
vt 0 0
vt 0 0
vt 0 0
vt 0 0
vt 0 0
vt 0 0
vt 0 0
vt 0 0
vt 0 0
vt 0 0
vt 0 0
vt 0 0
vt 0 0
vt 0 0
vt 0 0
vt 0 0
vt 0 0
vt 0 0
vt 0 0
vt 0 0
vt 0 0
vt 0 0
vt 0 0
vt 0 0
vt 0 0
vt 0 0
vt 0 0
vt 0 0
vt 0 0
vt 0 0
vt 0 0
vt 0 0
vt 0 0
vt 0 0
vt 0 0
vt 0 0
vt 0 0
vt 0 0
vt 0 0
vt 0 0
vt 0 0
vt 0 0
vt 0 0
vt 0 0
vt 0 0
vt 0 0
vt 0 0
vt 0 0
vt 0 0
vt 0 0
vt 0 0
vt 0 0
vt 0 0
vt 0 0
vt 0 0
vt 0 0
vt 0 0
vt 0 0
vt 0 0
vt 0 0
vt 0 0
vt 0 0
vt 0 0
vt 0 0
vt 0 0
vt 0 0
vt 0 0
vt 0 0
vt 0 0
vt 0 0
vt 0 0
vt 0 0
vt 0 0
vt 0 0
vt 0 0
vt 0 0
vt 0 0
vt 0 0
vt 0 0
vt 0 0
vt 0 0
vt 0 0
vt 0 0
vt 0 0
vt 0 0
vt 0 0
vt 0 0
vt 0 0
vt 0 0
vt 0 0
vt 0 0
vt 0 0
vt 0 0
vt 0 0
vt 0 0
vt 0 0
vt 0 0
vt 0 0
vt 0 0
vt 0 0
vt 0 0
vt 0 0
vt 0 0
vt 0 0
vt 0 0
vt 0 0
vt 0 0
vt 0 0
vt 0 0
vt 0 0
vt 0 0
vt 0 0
vt 0 0
vt 0 0
vt 0 0
vt 0 0
vt 0 0
vt 0 0
vt 0 0
vt 0 0
vt 0 0
vt 0 0
vt 0 0
vt 0 0
vt 0 0
vt 0 0
vt 0 0
vt 0 0
vt 0 0
vt 0 0
vt 0 0
vt 0 0
vt 0 0
vt 0 0
vt 0 0
vt 0 0
vt 0 0
vt 0 0
vt 0 0
vt 0 0
vt 0 0
vt 0 0
vt 0 0
vt 0 0
vt 0 0
vt 0 0
vt 0 0
vt 0 0
vt 0 0
vt 0 0
vt 0 0
vt 0 0
vt 0 0
vt 0 0
vt 0 0
vt 0 0
vt 0 0
vt 0 0
vt 0 0
vt 0 0
vt 0 0
vt 0 0
vt 0 0
vt 0 0
vt 0 0
vt 0 0
vt 0 0
vt 0 0
vt 0 0
vt 0 0
vt 0 0
vt 0 0
vt 0 0
vt 0 0
vt 0 0
vt 0 0
vt 0 0
vt 0 0
vt 0 0
vt 0 0
vt 0 0
vt 0 0
vt 0 0
vt 0 0
vt 0 0
vt 0 0
vt 0 0
vt 0 0
vt 0 0
vt 0 0
vt 0 0
vt 0 0
vt 0 0
vt 0 0
vt 0 0
vt 0 0
vt 0 0
vt 0 0
vt 0 0
vt 0 0
vt 0 0
vt 0 0
vt 0 0
vt 0 0
vt 0 0
vt 0 0
vt 0 0
vt 0 0
vt 0 0
vt 0 0
vt 0 0
vt 0 0
vt 0 0
vt 0 0
vt 0 0
vt 0 0
vt 0 0
vt 0 0
vt 0 0
vt 0 0
vt 0 0
vt 0 0
vt 0 0
vt 0 0
vt 0 0
vt 0 0
vt 0 0
vt 0 0
vt 0 0
vt 0 0
vt 0 0
vt 0 0
vt 0 0
vt 0 0
vt 0 0
vt 0 0
vt 0 0
vt 0 0
vt 0 0
vt 0 0
vt 0 0
vt 0 0
vt 0 0
vt 0 0
vt 0 0
vt 0 0
vt 0 0
vt 0 0
vt 0 0
vt 0 0
vt 0 0
vt 0 0
vt 0 0
vt 0 0
vt 0 0
vt 0 0
vt 0 0
vt 0 0
vt 0 0
vt 0 0
vt 0 0
vt 0 0
vt 0 0
vt 0 0
vt 0 0
vt 0 0
vt 0 0
vt 0 0
vt 0 0
vt 0 0
vt 0 0
vt 0 0
vt 0 0
vt 0 0
vt 0 0
vt 0 0
vt 0 0
vt 0 0
vt 0 0
vt 0 0
vt 0 0
vt 0 0
vt 0 0
vt 0 0
vt 0 0
vt 0 0
vt 0 0
vt 0 0
vt 0 0
vt 0 0
vt 0 0
vt 0 0
vt 0.137 0.87
vt 0.137 0.852
vt 0.262 0.87
vt 0.137 0.852
vt 0.185 0.85
vt 0.262 0.87
vt 0 0
vt 0 0
vt 0 0
vt 0 0
vt 0 0
vt 0 0
vt 0 0
vt 0 0
vt 0 0
vt 0 0
vt 0 0
vt 0 0
vt 0 0
vt 0 0
vt 0 0
vt 0 0
vt 0 0
vt 0 0
vt 0 0
vt 0 0
vt 0 0
vt 0 0
vt 0 0
vt 0 0
vt 0 0
vt 0 0
vt 0 0
vt 0 0
vt 0 0
vt 0 0
vt 0 0
vt 0 0
vt 0 0
vt 0 0
vt 0 0
vt 0 0
vt 0 0
vt 0 0
vt 0 0
vt 0 0
vt 0 0
vt 0 0
vt 0 0
vt 0 0
vt 0 0
vt 0 0
vt 0 0
vt 0 0
vt 0 0
vt 0 0
vt 0 0
vt 0 0
vt 0 0
vt 0 0
vt 0 0
vt 0 0
vt 0 0
vt 0 0
vt 0 0
vt 0 0
vt 0 0
vt 0 0
vt 0 0
vt 0 0
vt 0 0
vt 0 0
vt 0 0
vt 0 0
vt 0 0
vt 0 0
vt 0 0
vt 0 0
vt 0 0
vt 0 0
vt 0 0
vt 0 0
vt 0 0
vt 0 0
vt 0 0
vt 0 0
vt 0 0
vt 0 0
vt 0 0
vt 0 0
vt 0 0
vt 0 0
vt 0 0
vt 0 0
vt 0 0
vt 0 0
vt 0 0
vt 0 0
vt 0 0
vt 0 0
vt 0 0
vt 0 0
vt 0 0
vt 0 0
vt 0 0
vt 0 0
vt 0 0
vt 0 0
vt 0 0
vt 0 0
vt 0 0
vt 0 0
vt 0 0
vt 0 0
vt 0 0
vt 0 0
vt 0 0
vt 0 0
vt 0 0
vt 0 0
vt 0 0
vt 0 0
vt 0 0
vt 0 0
vt 0 0
vt 0 0
vt 0 0
vt 0 0
vt 0 0
vt 0 0
vt 0 0
vt 0 0
vt 0 0
vt 0 0
vt 0 0
vt 0 0
vt 0 0
vt 0 0
vt 0 0
vt 0 0
vt 0 0
vt 0 0
vt 0 0
vt 0 0
vt 0 0
vt 0 0
vt 0 0
vt 0 0
vt 0 0
vt 0 0
vt 0 0
vt 0 0
vt 0 0
vt 0 0
vt 0 0
vt 0 0
vt 0 0
vt 0 0
vt 0 0
vt 0 0
vt 0 0
vt 0 0
vt 0 0
vt 0 0
vt 0 0
vt 0 0
vt 0 0
vt 0 0
vt 0 0
vt 0 0
vt 0 0
vt 0 0
vt 0 0
vt 0 0
vt 0 0
vt 0 0
vt 0 0
vt 0 0
vt 0 0
vt 0 0
vt 0 0
vt 0 0
vt 0 0
vt 0 0
vt 0 0
vt 0 0
vt 0 0
vt 0 0
vt 0 0
vt 0 0
vt 0 0
vt 0 0
vt 0 0
vt 0 0
vt 0 0
vt 0 0
vt 0 0
vt 0 0
vt 0 0
vt 0 0
vt 0 0
vt 0 0
vt 0 0
vt 0 0
vt 0 0
vt 0 0
vt 0 0
vt 0 0
vt 0 0
vt 0 0
vt 0 0
vt 0 0
vt 0 0
vt 0 0
vt 0 0
vt 0 0
vt 0 0
vt 0 0
vt 0 0
vt 0 0
vt 0 0
vt 0 0
vt 0 0
vt 0 0
vt 0 0
vt 0 0
vt 0 0
vt 0 0
vt 0.281 0.504
vt 0.505 0.504
vt 0.281 0.57
vt 0.505 0.504
vt 0.505 0.57
vt 0.281 0.57
vt 0.993 0.87
vt 0.924 0.818
vt 0.993 0.805
vt 0.924 0.818
vt 0.941 0.805
vt 0.993 0.805
vt 0 0
vt 0 0
vt 0 0
vt 0 0
vt 0 0
vt 0 0
vt 0 0
vt 0 0
vt 0 0
vt 0 0
vt 0 0
vt 0 0
vt 0.481 0.476
vt 0.505 0.476
vt 0.481 0.493
vt 0.505 0.476
vt 0.505 0.493
vt 0.481 0.493
vt 0.481 0.449
vt 0.505 0.449
vt 0.481 0.476
vt 0.505 0.449
vt 0.505 0.476
vt 0.481 0.476
vt 0.481 0.419
vt 0.505 0.419
vt 0.481 0.449
vt 0.505 0.419
vt 0.505 0.449
vt 0.481 0.449
vt 0.481 0.39
vt 0.505 0.39
vt 0.481 0.419
vt 0.505 0.39
vt 0.505 0.419
vt 0.481 0.419
vt 0.481 0.363
vt 0.505 0.363
vt 0.481 0.39
vt 0.505 0.363
vt 0.505 0.39
vt 0.481 0.39
vt 0.481 0.31
vt 0.505 0.31
vt 0.481 0.321
vt 0.505 0.31
vt 0.505 0.321
vt 0.481 0.321
vt 0.481 0.306
vt 0.505 0.306
vt 0.481 0.31
vt 0.505 0.306
vt 0.505 0.31
vt 0.481 0.31
vt 0.481 0.339
vt 0.505 0.339
vt 0.481 0.363
vt 0.505 0.339
vt 0.505 0.363
vt 0.481 0.363
vt 0.481 0.321
vt 0.505 0.321
vt 0.481 0.339
vt 0.505 0.321
vt 0.505 0.339
vt 0.481 0.339
vt 0 0
vt 0 0
vt 0 0
vt 0 0
vt 0 0
vt 0 0
vt 0 0
vt 0 0
vt 0 0
vt 0 0
vt 0 0
vt 0 0
vt 0 0
vt 0 0
vt 0 0
vt 0 0
vt 0 0
vt 0 0
vt 0.868 0.852
vt 0.868 0.833
vt 0.916 0.85
vt 0.868 0.833
vt 0.897 0.829
vt 0.916 0.85
vt 0.897 0.829
vt 0.924 0.818
vt 0.916 0.85
vt 0.924 0.818
vt 0.993 0.87
vt 0.916 0.85
vt 0.505 0.504
vt 0.481 0.504
vt 0.505 0.493
vt 0.481 0.504
vt 0.481 0.493
vt 0.505 0.493
vt 0 0
vt 0 0
vt 0 0
vt 0 0
vt 0 0
vt 0 0
vt 0 0
vt 0 0
vt 0 0
vt 0 0
vt 0 0
vt 0 0
vt 0 0
vt 0 0
vt 0 0
vt 0 0
vt 0 0
vt 0 0
vt 0 0
vt 0 0
vt 0 0
vt 0 0
vt 0 0
vt 0 0
vt 0 0
vt 0 0
vt 0 0
vt 0 0
vt 0 0
vt 0 0
vt 0 0
vt 0 0
vt 0 0
vt 0 0
vt 0 0
vt 0 0
vt 0 0
vt 0 0
vt 0 0
vt 0 0
vt 0 0
vt 0 0
vt 0 0
vt 0 0
vt 0 0
vt 0 0
vt 0 0
vt 0 0
vt 0 0
vt 0 0
vt 0 0
vt 0 0
vt 0 0
vt 0 0
vt 0 0
vt 0 0
vt 0 0
vt 0 0
vt 0 0
vt 0 0
vt 0 0
vt 0 0
vt 0 0
vt 0 0
vt 0 0
vt 0 0
vt 0 0
vt 0 0
vt 0 0
vt 0 0
vt 0 0
vt 0 0
vt 0 0
vt 0 0
vt 0 0
vt 0 0
vt 0 0
vt 0 0
vt 0 0
vt 0 0
vt 0 0
vt 0 0
vt 0 0
vt 0 0
vt 0 0
vt 0 0
vt 0 0
vt 0 0
vt 0 0
vt 0 0
vt 0 0
vt 0 0
vt 0 0
vt 0 0
vt 0 0
vt 0 0
vt 0 0
vt 0 0
vt 0 0
vt 0 0
vt 0 0
vt 0 0
vt 0 0
vt 0 0
vt 0 0
vt 0 0
vt 0 0
vt 0 0
vt 0 0
vt 0 0
vt 0 0
vt 0 0
vt 0 0
vt 0 0
vt 0 0
vt 0 0
vt 0 0
vt 0 0
vt 0 0
vt 0 0
vt 0 0
vt 0 0
vt 0 0
vt 0 0
vt 0 0
vt 0 0
vt 0 0
vt 0 0
vt 0 0
vt 0 0
vt 0 0
vt 0 0
vt 0 0
vt 0 0
vt 0 0
vt 0 0
vt 0 0
vt 0 0
vt 0 0
vt 0 0
vt 0 0
vt 0 0
vt 0 0
vt 0 0
vt 0 0
vt 0 0
vt 0 0
vt 0 0
vt 0 0
vt 0 0
vt 0 0
vt 0 0
vt 0 0
vt 0 0
vt 0 0
vt 0 0
vt 0 0
vt 0 0
vt 0 0
vt 0 0
vt 0 0
vt 0 0
vt 0 0
vt 0 0
vt 0 0
vt 0 0
vt 0 0
vt 0 0
vt 0 0
vt 0 0
vt 0 0
vt 0 0
vt 0 0
vt 0 0
vt 0 0
vt 0 0
vt 0 0
vt 0 0
vt 0 0
vt 0 0
vt 0 0
vt 0 0
vt 0 0
vt 0 0
vt 0 0
vt 0 0
vt 0 0
vt 0 0
vt 0 0
vt 0 0
vt 0 0
vt 0 0
vt 0 0
vt 0 0
vt 0 0
vt 0 0
vt 0 0
vt 0 0
vt 0 0
vt 0 0
vt 0 0
vt 0 0
vt 0 0
vt 0 0
vt 0 0
vt 0 0
vt 0 0
vt 0 0
vt 0 0
vt 0 0
vt 0 0
vt 0 0
vt 0 0
vt 0 0
vt 0 0
vt 0 0
vt 0 0
vt 0 0
vt 0 0
vt 0 0
vt 0 0
vt 0 0
vt 0 0
vt 0 0
vt 0 0
vt 0 0
vt 0 0
vt 0 0
vt 0 0
vt 0 0
vt 0 0
vt 0 0
vt 0 0
vt 0 0
vt 0 0
vt 0 0
vt 0 0
vt 0 0
vt 0 0
vt 0 0
vt 0 0
vt 0 0
vt 0 0
vt 0 0
vt 0 0
vt 0 0
vt 0 0
vt 0 0
vt 0 0
vt 0 0
vt 0 0
vt 0 0
vt 0 0
vt 0 0
vt 0 0
vt 0 0
vt 0 0
vt 0 0
vt 0 0
vt 0 0
vt 0 0
vt 0 0
vt 0 0
vt 0 0
vt 0 0
vt 0 0
vt 0 0
vt 0 0
vt 0 0
vt 0 0
vt 0 0
vt 0 0
vt 0 0
vt 0 0
vt 0 0
vt 0 0
vt 0 0
vt 0 0
vt 0 0
vt 0 0
vt 0 0
vt 0 0
vt 0 0
vt 0 0
vt 0 0
vt 0 0
vt 0 0
vt 0 0
vt 0 0
vt 0 0
vt 0 0
vt 0 0
vt 0 0
vt 0 0
vt 0 0
vt 0 0
vt 0 0
vt 0 0
vt 0 0
vt 0 0
vt 0 0
vt 0 0
vt 0 0
vt 0 0
vt 0 0
vt 0 0
vt 0 0
vt 0 0
vt 0 0
vt 0 0
vt 0 0
vt 0 0
vt 0 0
vt 0 0
vt 0 0
vt 0 0
vt 0 0
vt 0 0
vt 0 0
vt 0 0
vt 0 0
vt 0 0
vt 0 0
vt 0 0
vt 0 0
vt 0 0
vt 0 0
vt 0 0
vt 0 0
vt 0 0
vt 0 0
vt 0 0
vt 0 0
vt 0 0
vt 0 0
vt 0 0
vt 0 0
vt 0 0
vt 0 0
vt 0 0
vt 0 0
vt 0 0
vt 0 0
vt 0 0
vt 0 0
vt 0 0
vt 0 0
vt 0 0
vt 0 0
vt 0 0
vt 0 0
vt 0 0
vt 0 0
vt 0 0
vt 0 0
vt 0 0
vt 0 0
vt 0 0
vt 0 0
vt 0 0
vt 0 0
vt 0 0
vt 0 0
vt 0 0
vt 0 0
vt 0 0
vt 0 0
vt 0 0
vt 0 0
vt 0 0
vt 0 0
vt 0 0
vt 0 0
vt 0 0
vt 0 0
vt 0 0
vt 0 0
vt 0 0
vt 0 0
vt 0 0
vt 0 0
vt 0 0
vt 0 0
vt 0 0
vt 0 0
vt 0 0
vt 0 0
vt 0 0
vt 0 0
vt 0 0
vt 0 0
vt 0 0
vt 0 0
vt 0 0
vt 0 0
vt 0 0
vt 0 0
vt 0 0
vt 0 0
vt 0 0
vt 0 0
vt 0 0
vt 0 0
vt 0 0
vt 0 0
vt 0 0
vt 0 0
vt 0 0
vt 0 0
vt 0 0
vt 0 0
vt 0 0
vt 0 0
vt 0 0
vt 0 0
vt 0 0
vt 0 0
vt 0 0
vt 0 0
vt 0 0
vt 0 0
vt 0 0
vt 0 0
vt 0 0
vt 0 0
vt 0 0
vt 0 0
vt 0 0
vt 0 0
vt 0 0
vt 0 0
vt 0 0
vt 0 0
vt 0 0
vt 0 0
vt 0 0
vt 0 0
vt 0 0
vt 0 0
vt 0 0
vt 0 0
vt 0 0
vt 0 0
vt 0 0
vt 0 0
vt 0 0
vt 0 0
vt 0 0
vt 0 0
vt 0 0
vt 0 0
vt 0 0
vt 0 0
vt 0 0
vt 0 0
vt 0 0
vt 0 0
vt 0 0
vt 0 0
vt 0 0
vt 0 0
vt 0 0
vt 0 0
vt 0 0
vt 0 0
vt 0 0
vt 0 0
vt 0 0
vt 0 0
vt 0 0
vt 0 0
vt 0 0
vt 0 0
vt 0 0
vt 0 0
vt 0 0
vt 0 0
vt 0 0
vt 0 0
vt 0 0
vt 0 0
vt 0 0
vt 0 0
vt 0 0
vt 0 0
vt 0 0
vt 0 0
vt 0 0
vt 0 0
vt 0 0
vt 0 0
vt 0 0
vt 0 0
vt 0 0
vt 0 0
vt 0 0
vt 0 0
vt 0 0
vt 0 0
vt 0 0
vt 0 0
vt 0 0
vt 0 0
vt 0 0
vt 0 0
vt 0 0
vt 0 0
vt 0 0
vt 0 0
vt 0 0
vt 0 0
vt 0 0
vt 0 0
vt 0 0
vt 0 0
vt 0 0
vt 0 0
vt 0 0
vt 0 0
vt 0 0
vt 0 0
vt 0 0
vt 0 0
vt 0 0
vt 0 0
vt 0 0
vt 0 0
vt 0 0
vt 0 0
vt 0 0
vt 0 0
vt 0 0
vt 0 0
vt 0 0
vt 0 0
vt 0 0
vt 0 0
vt 0 0
vt 0 0
vt 0 0
vt 0 0
vt 0 0
vt 0 0
vt 0 0
vt 0 0
vt 0 0
vt 0 0
vt 0 0
vt 0 0
vt 0 0
vt 0 0
vt 0 0
vt 0 0
vt 0 0
vt 0 0
vt 0 0
vt 0 0
vt 0 0
vt 0 0
vt 0 0
vt 0 0
vt 0 0
vt 0 0
vt 0 0
vt 0 0
vt 0 0
vt 0 0
vt 0 0
vt 0 0
vt 0 0
vt 0 0
vt 0 0
vt 0 0
vt 0 0
vt 0 0
vt 0 0
vt 0 0
vt 0 0
vt 0 0
vt 0 0
vt 0 0
vt 0 0
vt 0 0
vt 0 0
vt 0 0
vt 0 0
vt 0 0
vt 0 0
vt 0 0
vt 0 0
vt 0 0
vt 0 0
vt 0 0
vt 0 0
vt 0 0
vt 0 0
vt 0 0
vt 0 0
vt 0 0
vt 0 0
vt 0.868 0.87
vt 0.868 0.852
vt 0.993 0.87
vt 0.868 0.852
vt 0.916 0.85
vt 0.993 0.87
vt 0 0
vt 0 0
vt 0 0
vt 0 0
vt 0 0
vt 0 0
vt 0 0
vt 0 0
vt 0 0
vt 0 0
vt 0 0
vt 0 0
vt 0 0
vt 0 0
vt 0 0
vt 0 0
vt 0 0
vt 0 0
vt 0 0
vt 0 0
vt 0 0
vt 0 0
vt 0 0
vt 0 0
vt 0 0
vt 0 0
vt 0 0
vt 0 0
vt 0 0
vt 0 0
vt 0 0
vt 0 0
vt 0 0
vt 0 0
vt 0 0
vt 0 0
vt 0 0
vt 0 0
vt 0 0
vt 0 0
vt 0 0
vt 0 0
vt 0 0
vt 0 0
vt 0 0
vt 0 0
vt 0 0
vt 0 0
vt 0 0
vt 0 0
vt 0 0
vt 0 0
vt 0 0
vt 0 0
vt 0 0
vt 0 0
vt 0 0
vt 0 0
vt 0 0
vt 0 0
vt 0 0
vt 0 0
vt 0 0
vt 0 0
vt 0 0
vt 0 0
vt 0 0
vt 0 0
vt 0 0
vt 0 0
vt 0 0
vt 0 0
vt 0 0
vt 0 0
vt 0 0
vt 0 0
vt 0 0
vt 0 0
vt 0 0
vt 0 0
vt 0 0
vt 0 0
vt 0 0
vt 0 0
vt 0 0
vt 0 0
vt 0 0
vt 0 0
vt 0 0
vt 0 0
vt 0 0
vt 0 0
vt 0 0
vt 0 0
vt 0 0
vt 0 0
vt 0 0
vt 0 0
vt 0 0
vt 0 0
vt 0 0
vt 0 0
vt 0 0
vt 0 0
vt 0 0
vt 0 0
vt 0 0
vt 0 0
vt 0 0
vt 0 0
vt 0 0
vt 0 0
vt 0 0
vt 0 0
vt 0 0
vt 0 0
vt 0 0
vt 0 0
vt 0 0
vt 0 0
vt 0 0
vt 0 0
vt 0 0
vt 0 0
vt 0 0
vt 0 0
vt 0 0
vt 0 0
vt 0 0
vt 0 0
vt 0 0
vt 0 0
vt 0 0
vt 0 0
vt 0 0
vt 0 0
vt 0 0
vt 0 0
vt 0 0
vt 0 0
vt 0 0
vt 0 0
vt 0 0
vt 0 0
vt 0 0
vt 0 0
vt 0 0
vt 0 0
vt 0 0
vt 0 0
vt 0 0
vt 0 0
vt 0 0
vt 0 0
vt 0 0
vt 0 0
vt 0 0
vt 0 0
vt 0 0
vt 0 0
vt 0 0
vt 0 0
vt 0 0
vt 0 0
vt 0 0
vt 0 0
vt 0 0
vt 0 0
vt 0 0
vt 0 0
vt 0 0
vt 0 0
vt 0 0
vt 0 0
vt 0 0
vt 0 0
vt 0 0
vt 0 0
vt 0 0
vt 0 0
vt 0 0
vt 0 0
vt 0 0
vt 0 0
vt 0 0
vt 0 0
vt 0 0
vt 0 0
vt 0 0
vt 0 0
vt 0 0
vt 0 0
vt 0 0
vt 0 0
vt 0 0
vt 0 0
vt 0 0
vt 0 0
vt 0 0
vt 0 0
vt 0 0
vt 0 0
vt 0 0
vt 0 0
vt 0 0
vt 0 0
vt 0 0
vt 0 0
vt 0 0
vt 0 0
vt 0 0
vt 0 0
vt 0 0
vt 0 0
vt 0 0
vt 0 0
vt 0 0
vt 0 0
vt 0 0
vt 0 0
vt 0 0
vt 0 0
vt 0.728 0.504
vt 0.728 0.57
vt 0.505 0.504
vt 0.728 0.57
vt 0.505 0.57
vt 0.505 0.504
vt 0.012 0.87
vt 0.012 0.805
vt 0.08 0.818
vt 0.012 0.805
vt 0.064 0.805
vt 0.08 0.818
vt 0 0
vt 0 0
vt 0 0
vt 0 0
vt 0 0
vt 0 0
vt 0 0
vt 0 0
vt 0 0
vt 0 0
vt 0 0
vt 0 0
vt 0.529 0.476
vt 0.529 0.493
vt 0.505 0.476
vt 0.529 0.493
vt 0.505 0.493
vt 0.505 0.476
vt 0.529 0.449
vt 0.529 0.476
vt 0.505 0.449
vt 0.529 0.476
vt 0.505 0.476
vt 0.505 0.449
vt 0.529 0.419
vt 0.529 0.449
vt 0.505 0.419
vt 0.529 0.449
vt 0.505 0.449
vt 0.505 0.419
vt 0.529 0.39
vt 0.529 0.419
vt 0.505 0.39
vt 0.529 0.419
vt 0.505 0.419
vt 0.505 0.39
vt 0.529 0.363
vt 0.529 0.39
vt 0.505 0.363
vt 0.529 0.39
vt 0.505 0.39
vt 0.505 0.363
vt 0.529 0.31
vt 0.529 0.321
vt 0.505 0.31
vt 0.529 0.321
vt 0.505 0.321
vt 0.505 0.31
vt 0.529 0.306
vt 0.529 0.31
vt 0.505 0.306
vt 0.529 0.31
vt 0.505 0.31
vt 0.505 0.306
vt 0.529 0.339
vt 0.529 0.363
vt 0.505 0.339
vt 0.529 0.363
vt 0.505 0.363
vt 0.505 0.339
vt 0.529 0.321
vt 0.529 0.339
vt 0.505 0.321
vt 0.529 0.339
vt 0.505 0.339
vt 0.505 0.321
vt 0 0
vt 0 0
vt 0 0
vt 0 0
vt 0 0
vt 0 0
vt 0 0
vt 0 0
vt 0 0
vt 0 0
vt 0 0
vt 0 0
vt 0 0
vt 0 0
vt 0 0
vt 0 0
vt 0 0
vt 0 0
vt 0.137 0.852
vt 0.088 0.85
vt 0.137 0.833
vt 0.088 0.85
vt 0.107 0.829
vt 0.137 0.833
vt 0.107 0.829
vt 0.088 0.85
vt 0.08 0.818
vt 0.088 0.85
vt 0.012 0.87
vt 0.08 0.818
vt 0.505 0.504
vt 0.505 0.493
vt 0.529 0.504
vt 0.505 0.493
vt 0.529 0.493
vt 0.529 0.504
vt 0 0
vt 0 0
vt 0 0
vt 0 0
vt 0 0
vt 0 0
vt 0 0
vt 0 0
vt 0 0
vt 0 0
vt 0 0
vt 0 0
vt 0 0
vt 0 0
vt 0 0
vt 0 0
vt 0 0
vt 0 0
vt 0 0
vt 0 0
vt 0 0
vt 0 0
vt 0 0
vt 0 0
vt 0 0
vt 0 0
vt 0 0
vt 0 0
vt 0 0
vt 0 0
vt 0 0
vt 0 0
vt 0 0
vt 0 0
vt 0 0
vt 0 0
vt 0 0
vt 0 0
vt 0 0
vt 0 0
vt 0 0
vt 0 0
vt 0 0
vt 0 0
vt 0 0
vt 0 0
vt 0 0
vt 0 0
vt 0 0
vt 0 0
vt 0 0
vt 0 0
vt 0 0
vt 0 0
vt 0 0
vt 0 0
vt 0 0
vt 0 0
vt 0 0
vt 0 0
vt 0 0
vt 0 0
vt 0 0
vt 0 0
vt 0 0
vt 0 0
vt 0 0
vt 0 0
vt 0 0
vt 0 0
vt 0 0
vt 0 0
vt 0 0
vt 0 0
vt 0 0
vt 0 0
vt 0 0
vt 0 0
vt 0 0
vt 0 0
vt 0 0
vt 0 0
vt 0 0
vt 0 0
vt 0 0
vt 0 0
vt 0 0
vt 0 0
vt 0 0
vt 0 0
vt 0 0
vt 0 0
vt 0 0
vt 0 0
vt 0 0
vt 0 0
vt 0 0
vt 0 0
vt 0 0
vt 0 0
vt 0 0
vt 0 0
vt 0 0
vt 0 0
vt 0 0
vt 0 0
vt 0 0
vt 0 0
vt 0 0
vt 0 0
vt 0 0
vt 0 0
vt 0 0
vt 0 0
vt 0 0
vt 0 0
vt 0 0
vt 0 0
vt 0 0
vt 0 0
vt 0 0
vt 0 0
vt 0 0
vt 0 0
vt 0 0
vt 0 0
vt 0 0
vt 0 0
vt 0 0
vt 0 0
vt 0 0
vt 0 0
vt 0 0
vt 0 0
vt 0 0
vt 0 0
vt 0 0
vt 0 0
vt 0 0
vt 0 0
vt 0 0
vt 0 0
vt 0 0
vt 0 0
vt 0 0
vt 0 0
vt 0 0
vt 0 0
vt 0 0
vt 0 0
vt 0 0
vt 0 0
vt 0 0
vt 0 0
vt 0 0
vt 0 0
vt 0 0
vt 0 0
vt 0 0
vt 0 0
vt 0 0
vt 0 0
vt 0 0
vt 0 0
vt 0 0
vt 0 0
vt 0 0
vt 0 0
vt 0 0
vt 0 0
vt 0 0
vt 0 0
vt 0 0
vt 0 0
vt 0 0
vt 0 0
vt 0 0
vt 0 0
vt 0 0
vt 0 0
vt 0 0
vt 0 0
vt 0 0
vt 0 0
vt 0 0
vt 0 0
vt 0 0
vt 0 0
vt 0 0
vt 0 0
vt 0 0
vt 0 0
vt 0 0
vt 0 0
vt 0 0
vt 0 0
vt 0 0
vt 0 0
vt 0 0
vt 0 0
vt 0 0
vt 0 0
vt 0 0
vt 0 0
vt 0 0
vt 0 0
vt 0 0
vt 0 0
vt 0 0
vt 0 0
vt 0 0
vt 0 0
vt 0 0
vt 0 0
vt 0 0
vt 0 0
vt 0 0
vt 0 0
vt 0 0
vt 0 0
vt 0 0
vt 0 0
vt 0 0
vt 0 0
vt 0 0
vt 0 0
vt 0 0
vt 0 0
vt 0 0
vt 0 0
vt 0 0
vt 0 0
vt 0 0
vt 0 0
vt 0 0
vt 0 0
vt 0 0
vt 0 0
vt 0 0
vt 0 0
vt 0 0
vt 0 0
vt 0 0
vt 0 0
vt 0 0
vt 0 0
vt 0 0
vt 0 0
vt 0 0
vt 0 0
vt 0 0
vt 0 0
vt 0 0
vt 0 0
vt 0 0
vt 0 0
vt 0 0
vt 0 0
vt 0 0
vt 0 0
vt 0 0
vt 0 0
vt 0 0
vt 0 0
vt 0 0
vt 0 0
vt 0 0
vt 0 0
vt 0 0
vt 0 0
vt 0 0
vt 0 0
vt 0 0
vt 0 0
vt 0 0
vt 0 0
vt 0 0
vt 0 0
vt 0 0
vt 0 0
vt 0 0
vt 0 0
vt 0 0
vt 0 0
vt 0 0
vt 0 0
vt 0 0
vt 0 0
vt 0 0
vt 0 0
vt 0 0
vt 0 0
vt 0 0
vt 0 0
vt 0 0
vt 0 0
vt 0 0
vt 0 0
vt 0 0
vt 0 0
vt 0 0
vt 0 0
vt 0 0
vt 0 0
vt 0 0
vt 0 0
vt 0 0
vt 0 0
vt 0 0
vt 0 0
vt 0 0
vt 0 0
vt 0 0
vt 0 0
vt 0 0
vt 0 0
vt 0 0
vt 0 0
vt 0 0
vt 0 0
vt 0 0
vt 0 0
vt 0 0
vt 0 0
vt 0 0
vt 0 0
vt 0 0
vt 0 0
vt 0 0
vt 0 0
vt 0 0
vt 0 0
vt 0 0
vt 0 0
vt 0 0
vt 0 0
vt 0 0
vt 0 0
vt 0 0
vt 0 0
vt 0 0
vt 0 0
vt 0 0
vt 0 0
vt 0 0
vt 0 0
vt 0 0
vt 0 0
vt 0 0
vt 0 0
vt 0 0
vt 0 0
vt 0 0
vt 0 0
vt 0 0
vt 0 0
vt 0 0
vt 0 0
vt 0 0
vt 0 0
vt 0 0
vt 0 0
vt 0 0
vt 0 0
vt 0 0
vt 0 0
vt 0 0
vt 0 0
vt 0 0
vt 0 0
vt 0 0
vt 0 0
vt 0 0
vt 0 0
vt 0 0
vt 0 0
vt 0 0
vt 0 0
vt 0 0
vt 0 0
vt 0 0
vt 0 0
vt 0 0
vt 0 0
vt 0 0
vt 0 0
vt 0 0
vt 0 0
vt 0 0
vt 0 0
vt 0 0
vt 0 0
vt 0 0
vt 0 0
vt 0 0
vt 0 0
vt 0 0
vt 0 0
vt 0 0
vt 0 0
vt 0 0
vt 0 0
vt 0 0
vt 0 0
vt 0 0
vt 0 0
vt 0 0
vt 0 0
vt 0 0
vt 0 0
vt 0 0
vt 0 0
vt 0 0
vt 0 0
vt 0 0
vt 0 0
vt 0 0
vt 0 0
vt 0 0
vt 0 0
vt 0 0
vt 0 0
vt 0 0
vt 0 0
vt 0 0
vt 0 0
vt 0 0
vt 0 0
vt 0 0
vt 0 0
vt 0 0
vt 0 0
vt 0 0
vt 0 0
vt 0 0
vt 0 0
vt 0 0
vt 0 0
vt 0 0
vt 0 0
vt 0 0
vt 0 0
vt 0 0
vt 0 0
vt 0 0
vt 0 0
vt 0 0
vt 0 0
vt 0 0
vt 0 0
vt 0 0
vt 0 0
vt 0 0
vt 0 0
vt 0 0
vt 0 0
vt 0 0
vt 0 0
vt 0 0
vt 0 0
vt 0 0
vt 0 0
vt 0 0
vt 0 0
vt 0 0
vt 0 0
vt 0 0
vt 0 0
vt 0 0
vt 0 0
vt 0 0
vt 0 0
vt 0 0
vt 0 0
vt 0 0
vt 0 0
vt 0 0
vt 0 0
vt 0 0
vt 0 0
vt 0 0
vt 0 0
vt 0 0
vt 0 0
vt 0 0
vt 0 0
vt 0 0
vt 0 0
vt 0 0
vt 0 0
vt 0 0
vt 0 0
vt 0 0
vt 0 0
vt 0 0
vt 0 0
vt 0 0
vt 0 0
vt 0 0
vt 0 0
vt 0 0
vt 0 0
vt 0 0
vt 0 0
vt 0 0
vt 0 0
vt 0 0
vt 0 0
vt 0 0
vt 0 0
vt 0 0
vt 0 0
vt 0 0
vt 0 0
vt 0 0
vt 0 0
vt 0 0
vt 0 0
vt 0 0
vt 0 0
vt 0 0
vt 0 0
vt 0 0
vt 0 0
vt 0 0
vt 0 0
vt 0 0
vt 0 0
vt 0 0
vt 0 0
vt 0 0
vt 0 0
vt 0 0
vt 0 0
vt 0 0
vt 0 0
vt 0 0
vt 0 0
vt 0 0
vt 0 0
vt 0 0
vt 0 0
vt 0 0
vt 0 0
vt 0 0
vt 0 0
vt 0 0
vt 0 0
vt 0 0
vt 0 0
vt 0 0
vt 0 0
vt 0 0
vt 0 0
vt 0 0
vt 0 0
vt 0 0
vt 0 0
vt 0 0
vt 0 0
vt 0 0
vt 0 0
vt 0 0
vt 0 0
vt 0 0
vt 0 0
vt 0 0
vt 0 0
vt 0 0
vt 0 0
vt 0 0
vt 0 0
vt 0 0
vt 0 0
vt 0 0
vt 0 0
vt 0 0
vt 0 0
vt 0 0
vt 0 0
vt 0 0
vt 0 0
vt 0 0
vt 0 0
vt 0 0
vt 0 0
vt 0 0
vt 0 0
vt 0 0
vt 0 0
vt 0 0
vt 0 0
vt 0 0
vt 0 0
vt 0 0
vt 0 0
vt 0 0
vt 0 0
vt 0 0
vt 0 0
vt 0.137 0.87
vt 0.012 0.87
vt 0.137 0.852
vt 0.012 0.87
vt 0.088 0.85
vt 0.137 0.852
vt 0 0
vt 0 0
vt 0 0
vt 0 0
vt 0 0
vt 0 0
vt 0 0
vt 0 0
vt 0 0
vt 0 0
vt 0 0
vt 0 0
vt 0 0
vt 0 0
vt 0 0
vt 0 0
vt 0 0
vt 0 0
vt 0 0
vt 0 0
vt 0 0
vt 0 0
vt 0 0
vt 0 0
vt 0 0
vt 0 0
vt 0 0
vt 0 0
vt 0 0
vt 0 0
vt 0 0
vt 0 0
vt 0 0
vt 0 0
vt 0 0
vt 0 0
vt 0 0
vt 0 0
vt 0 0
vt 0 0
vt 0 0
vt 0 0
vt 0 0
vt 0 0
vt 0 0
vt 0 0
vt 0 0
vt 0 0
vt 0 0
vt 0 0
vt 0 0
vt 0 0
vt 0 0
vt 0 0
vt 0 0
vt 0 0
vt 0 0
vt 0 0
vt 0 0
vt 0 0
vt 0 0
vt 0 0
vt 0 0
vt 0 0
vt 0 0
vt 0 0
vt 0 0
vt 0 0
vt 0 0
vt 0 0
vt 0 0
vt 0 0
vt 0 0
vt 0 0
vt 0 0
vt 0 0
vt 0 0
vt 0 0
vt 0 0
vt 0 0
vt 0 0
vt 0 0
vt 0 0
vt 0 0
vt 0 0
vt 0 0
vt 0 0
vt 0 0
vt 0 0
vt 0 0
vt 0 0
vt 0 0
vt 0 0
vt 0 0
vt 0 0
vt 0 0
vt 0 0
vt 0 0
vt 0 0
vt 0 0
vt 0 0
vt 0 0
vt 0 0
vt 0 0
vt 0 0
vt 0 0
vt 0 0
vt 0 0
vt 0 0
vt 0 0
vt 0 0
vt 0 0
vt 0 0
vt 0 0
vt 0 0
vt 0 0
vt 0 0
vt 0 0
vt 0 0
vt 0 0
vt 0 0
vt 0 0
vt 0 0
vt 0 0
vt 0 0
vt 0 0
vt 0 0
vt 0 0
vt 0 0
vt 0 0
vt 0 0
vt 0 0
vt 0 0
vt 0 0
vt 0 0
vt 0 0
vt 0 0
vt 0 0
vt 0 0
vt 0 0
vt 0 0
vt 0 0
vt 0 0
vt 0 0
vt 0 0
vt 0 0
vt 0 0
vt 0 0
vt 0 0
vt 0 0
vt 0 0
vt 0 0
vt 0 0
vt 0 0
vt 0 0
vt 0 0
vt 0 0
vt 0 0
vt 0 0
vt 0 0
vt 0 0
vt 0 0
vt 0 0
vt 0 0
vt 0 0
vt 0 0
vt 0 0
vt 0 0
vt 0 0
vt 0 0
vt 0 0
vt 0 0
vt 0 0
vt 0 0
usemtl MB_5_official_8761
s off
f 3226/9469 3222/9470 2638/9471
f 3222/9472 2644/9473 2638/9474
f 3225/9475 3224/9476 2641/9477
f 3224/9478 2639/9479 2641/9480
f 3220/9481 3223/9482 2642/9483
f 3223/9484 2637/9485 2642/9486
f 3218/9487 3221/9488 2636/9489
f 3221/9490 2643/9491 2636/9492
f 3222/9493 3219/9494 2644/9495
f 3219/9496 2640/9497 2644/9498
f 2639/9499 3251/9500 2638/9501
f 3251/9502 3226/9503 2638/9504
f 3221/9505 3220/9506 2643/9507
f 3220/9508 2642/9509 2643/9510
f 3219/9511 3218/9512 2640/9513
f 3218/9514 2636/9515 2640/9516
f 3160/9517 3158/9518 3166/9519
f 3158/9520 3169/9521 3166/9522
f 2478/9523 2479/9524 2497/9525
f 2479/9526 3188/9527 2497/9528
f 3164/9529 2519/9530 3159/9531
f 2519/9532 2501/9533 3159/9534
f 3161/9535 2500/9536 3182/9537
f 2500/9538 3187/9539 3182/9540
f 3173/9541 3184/9542 2509/9543
f 3184/9544 3186/9545 2509/9546
f 3172/9547 3173/9548 2508/9549
f 3173/9550 2509/9551 2508/9552
f 3171/9553 3172/9554 2502/9555
f 3172/9556 2508/9557 2502/9558
f 3170/9559 3171/9560 2507/9561
f 3171/9562 2502/9563 2507/9564
f 3165/9565 3170/9566 2506/9567
f 3170/9568 2507/9569 2506/9570
f 3167/9571 3163/9572 2503/9573
f 3163/9574 2504/9575 2503/9576
f 3168/9577 3167/9578 2520/9579
f 3167/9580 2503/9581 2520/9582
f 3162/9583 3165/9584 2505/9585
f 3165/9586 2506/9587 2505/9588
f 3163/9589 3162/9590 2504/9591
f 3162/9592 2505/9593 2504/9594
f 3175/9595 3176/9596 3177/9597
f 3176/9598 3178/9599 3177/9600
f 3174/9601 3175/9602 3179/9603
f 3175/9604 3177/9605 3179/9606
f 3180/9607 3189/9608 3182/9609
f 3189/9610 3161/9611 3182/9612
f 2649/9613 2650/9614 2515/9615
f 2650/9616 2499/9617 2515/9618
f 2499/9619 2650/9620 2497/9621
f 2650/9622 2478/9623 2497/9624
f 2521/9625 2516/9626 3183/9627
f 2516/9628 3185/9629 3183/9630
f 3174/9631 3179/9632 3181/9633
f 3179/9634 2522/9635 3181/9636
f 3195/9637 3194/9638 2532/9639
f 3194/9640 2536/9641 2532/9642
f 2547/9643 2569/9644 2528/9645
f 2569/9646 2557/9647 2528/9648
f 2558/9649 2568/9650 3200/9651
f 2568/9652 3199/9653 3200/9654
f 2538/9655 3217/9656 3205/9657
f 3217/9658 3203/9659 3205/9660
f 3192/9661 2574/9662 3198/9663
f 2574/9664 2563/9665 3198/9666
f 3197/9667 2533/9668 3196/9669
f 2533/9670 2531/9671 3196/9672
f 2533/9673 3207/9674 2531/9675
f 3207/9676 3206/9677 2531/9678
f 2561/9679 2566/9680 3201/9681
f 2566/9682 3202/9683 3201/9684
f 2566/9685 2571/9686 3202/9687
f 2571/9688 3193/9689 3202/9690
f 2546/9691 2547/9692 2526/9693
f 2547/9694 2528/9695 2526/9696
f 2527/9697 2529/9698 2546/9699
f 2529/9700 2547/9701 2546/9702
f 3196/9703 2531/9704 2560/9705
f 2531/9706 2565/9707 2560/9708
f 3194/9709 3208/9710 2536/9711
f 3208/9712 2564/9713 2536/9714
f 2568/9715 2561/9716 3199/9717
f 2561/9718 3201/9719 3199/9720
f 2529/9721 3210/9722 2547/9723
f 3210/9724 2569/9725 2547/9726
f 2577/9727 3213/9728 2539/9729
f 3213/9730 2550/9731 2539/9732
f 3193/9733 2571/9734 3192/9735
f 2571/9736 2574/9737 3192/9738
f 2552/9739 2548/9740 2553/9741
f 2548/9742 3204/9743 2553/9744
f 2549/9745 2552/9746 2551/9747
f 2552/9748 2553/9749 2551/9750
f 3204/9751 2575/9752 2553/9753
f 2551/9754 2553/9755 3215/9756
f 2553/9757 2575/9758 3215/9759
f 2531/9760 3206/9761 2565/9762
f 3206/9763 2572/9764 2565/9765
f 3191/9766 2534/9767 3190/9768
f 2534/9769 2537/9770 3190/9771
f 2543/9772 2544/9773 2554/9774
f 2544/9775 2555/9776 2554/9777
f 2541/9778 2542/9779 2524/9780
f 2542/9781 2523/9782 2524/9783
f 2545/9784 2525/9785 2556/9786
f 2525/9787 2530/9788 2556/9789
f 2544/9790 2545/9791 2555/9792
f 2545/9793 2556/9794 2555/9795
f 2542/9796 2543/9797 2523/9798
f 2543/9799 2554/9800 2523/9801
f 3216/9802 2541/9803 2540/9804
f 2541/9805 2524/9806 2540/9807
f 2564/9808 3208/9809 2580/9810
f 3208/9811 3209/9812 2580/9813
f 2580/9814 3209/9815 2579/9816
f 3209/9817 2558/9818 2579/9819
f 2569/9820 3210/9821 2570/9822
f 3210/9823 3211/9824 2570/9825
f 2570/9826 3211/9827 2568/9828
f 3211/9829 2561/9830 2568/9831
f 2557/9832 2569/9833 2559/9834
f 2569/9835 2570/9836 2559/9837
f 2559/9838 2570/9839 2558/9840
f 2570/9841 2568/9842 2558/9843
f 2563/9844 2574/9845 2578/9846
f 2574/9847 3212/9848 2578/9849
f 2578/9850 3212/9851 2577/9852
f 3212/9853 3213/9854 2577/9855
f 2560/9856 2565/9857 2562/9858
f 2565/9859 2567/9860 2562/9861
f 2562/9862 2567/9863 2561/9864
f 2567/9865 2566/9866 2561/9867
f 2574/9868 2571/9869 2576/9870
f 2571/9871 3214/9872 2576/9873
f 2576/9874 3214/9875 2575/9876
f 3214/9877 3215/9878 2575/9879
f 2565/9880 2572/9881 2567/9882
f 2572/9883 2573/9884 2567/9885
f 2567/9886 2573/9887 2566/9888
f 2573/9889 2571/9890 2566/9891
f 2535/9892 2579/9893 3200/9894
f 2579/9895 2558/9896 3200/9897
f 3237/9898 2608/9899 3235/9900
f 2608/9901 2600/9902 3235/9903
f 2603/9904 2614/9905 2602/9906
f 2614/9907 2601/9908 2602/9909
f 2606/9910 2603/9911 2599/9912
f 2603/9913 2602/9914 2599/9915
f 2614/9916 3244/9917 2601/9918
f 3244/9919 3247/9920 2601/9921
f 3233/9922 3234/9923 3232/9924
f 3234/9925 3231/9926 3232/9927
f 3229/9928 3233/9929 3227/9930
f 3233/9931 3232/9932 3227/9933
f 2597/9934 3230/9935 2598/9936
f 3230/9937 3228/9938 2598/9939
f 2584/9940 2586/9941 3246/9942
f 2586/9943 3241/9944 3246/9945
f 2586/9946 2585/9947 3241/9948
f 2585/9949 3240/9950 3241/9951
f 2585/9952 2581/9953 3240/9954
f 2581/9955 3239/9956 3240/9957
f 2581/9958 2589/9959 3239/9960
f 2589/9961 3238/9962 3239/9963
f 3252/9964 3236/9965 2589/9966
f 3236/9967 3238/9968 2589/9969
f 2622/9970 2620/9971 3250/9972
f 2620/9973 2609/9974 3250/9975
f 2608/9976 2606/9977 2600/9978
f 2606/9979 2599/9980 2600/9981
f 2598/9982 3228/9983 2645/9984
f 3228/9985 3253/9986 2645/9987
f 3237/9988 3250/9989 2608/9990
f 3250/9991 2610/9992 2608/9993
f 2615/9994 2617/9995 2613/9996
f 2617/9997 3248/9998 2613/9999
f 2618/10000 2621/10001 2615/10002
f 2621/10003 2617/10004 2615/10005
f 2605/10006 2609/10007 2626/10008
f 2609/10009 2620/10010 2626/10011
f 2618/10012 2605/10013 2621/10014
f 2605/10015 2626/10016 2621/10017
f 2617/10018 2621/10019 2628/10020
f 2621/10021 2627/10022 2628/10023
f 2606/10024 2608/10025 2607/10026
f 2608/10027 2610/10028 2607/10029
f 2607/10030 2610/10031 2605/10032
f 2610/10033 2609/10034 2605/10035
f 3242/10036 2629/10037 2635/10038
f 2629/10039 2604/10040 2635/10041
f 2632/10042 2613/10043 3245/10044
f 2613/10045 3248/10046 3245/10047
f 3245/10048 3244/10049 2632/10050
f 3244/10051 2614/10052 2632/10053
f 2614/10054 2616/10055 2632/10056
f 2632/10057 2616/10058 2613/10059
f 2616/10060 2615/10061 2613/10062
f 2614/10063 2603/10064 2616/10065
f 2603/10066 2619/10067 2616/10068
f 2616/10069 2619/10070 2615/10071
f 2619/10072 2618/10073 2615/10074
f 2622/10075 2624/10076 2620/10077
f 2624/10078 2623/10079 2620/10080
f 3248/10081 2617/10082 3249/10083
f 2617/10084 2628/10085 3249/10086
f 2623/10087 2625/10088 2620/10089
f 2625/10090 2626/10091 2620/10092
f 2621/10093 2626/10094 2627/10095
f 2626/10096 2625/10097 2627/10098
f 2603/10099 2606/10100 2619/10101
f 2606/10102 2607/10103 2619/10104
f 2619/10105 2607/10106 2618/10107
f 2607/10108 2605/10109 2618/10110
f 2609/10111 2610/10112 3250/10113
f 2591/10114 2633/10115 2593/10116
f 2633/10117 2582/10118 2593/10119
f 2588/10120 2594/10121 2582/10122
f 2594/10123 2593/10124 2582/10125
f 3243/10126 3242/10127 2631/10128
f 3242/10129 2635/10130 2631/10131
f 2587/10132 2584/10133 2634/10134
f 2584/10135 3246/10136 2634/10137
f 2583/10138 2587/10139 2590/10140
f 2587/10141 2634/10142 2590/10143
f 2611/10144 2631/10145 2612/10146
f 2631/10147 2635/10148 2612/10149
f 2604/10150 2630/10151 2635/10152
f 2630/10153 2612/10154 2635/10155
f 2636/10156 2643/10157 2484/10158
f 2643/10159 2485/10160 2484/10161
f 2638/10162 2644/10163 2481/10164
f 2644/10165 2482/10166 2481/10167
f 2640/10168 2636/10169 2483/10170
f 2636/10171 2484/10172 2483/10173
f 2644/10174 2640/10175 2482/10176
f 2640/10177 2483/10178 2482/10179
f 2641/10180 2639/10181 2510/10182
f 2639/10183 2480/10184 2510/10185
f 2639/10186 2638/10187 2480/10188
f 2638/10189 2481/10190 2480/10191
f 2642/10192 2637/10193 2486/10194
f 2637/10195 2511/10196 2486/10197
f 2643/10198 2642/10199 2485/10200
f 2642/10201 2486/10202 2485/10203
f 2639/10204 3224/10205 3251/10206
f 2647/10207 2622/10208 2646/10209
f 2622/10210 3250/10211 2646/10212
f 2648/10213 2647/10214 2595/10215
f 2647/10216 2596/10217 2595/10218
f 2624/10219 2622/10220 2648/10221
f 2622/10222 2647/10223 2648/10224
f 2596/10225 2647/10226 2592/10227
f 2647/10228 2646/10229 2592/10230
f 2512/10231 2478/10232 2649/10233
f 2478/10234 2650/10235 2649/10236
f 2518/10237 2517/10238 2498/10239
f 2517/10240 2654/10241 2498/10242
f 2517/10243 2494/10244 2654/10245
f 2494/10246 2655/10247 2654/10248
f 2488/10249 2513/10250 2662/10251
f 2513/10252 2663/10253 2662/10254
f 2489/10255 2488/10256 2661/10257
f 2488/10258 2662/10259 2661/10260
f 2490/10261 2489/10262 2660/10263
f 2489/10264 2661/10265 2660/10266
f 2491/10267 2490/10268 2659/10269
f 2490/10270 2660/10271 2659/10272
f 2492/10273 2491/10274 2658/10275
f 2491/10276 2659/10277 2658/10278
f 2487/10279 2492/10280 2657/10281
f 2492/10282 2658/10283 2657/10284
f 2493/10285 2487/10286 2656/10287
f 2487/10288 2657/10289 2656/10290
f 2494/10291 2493/10292 2655/10293
f 2493/10294 2656/10295 2655/10296
f 2495/10297 2498/10298 2653/10299
f 2498/10300 2654/10301 2653/10302
f 2496/10303 2495/10304 2652/10305
f 2495/10306 2653/10307 2652/10308
f 2514/10309 2496/10310 2651/10311
f 2496/10312 2652/10313 2651/10314
f 2652/10315 2671/10316 2651/10317
f 2671/10318 2668/10319 2651/10320
f 2665/10321 2674/10322 2664/10323
f 2674/10324 2675/10325 2664/10326
f 2653/10327 2670/10328 2652/10329
f 2670/10330 2671/10331 2652/10332
f 2666/10333 2673/10334 2665/10335
f 2673/10336 2674/10337 2665/10338
f 2654/10339 2669/10340 2653/10341
f 2669/10342 2670/10343 2653/10344
f 2667/10345 2672/10346 2666/10347
f 2672/10348 2673/10349 2666/10350
f 2656/10351 2657/10352 2669/10353
f 2657/10354 2667/10355 2669/10356
f 2657/10357 2658/10358 2667/10359
f 2658/10360 2672/10361 2667/10362
f 2672/10363 2658/10364 2660/10365
f 2658/10366 2659/10367 2660/10368
f 2668/10369 2671/10370 2664/10371
f 2671/10372 2665/10373 2664/10374
f 2671/10375 2670/10376 2665/10377
f 2670/10378 2666/10379 2665/10380
f 2670/10381 2669/10382 2666/10383
f 2669/10384 2667/10385 2666/10386
f 2655/10387 2656/10388 2654/10389
f 2656/10390 2669/10391 2654/10392
f 2674/10393 2673/10394 2662/10395
f 2673/10396 2661/10397 2662/10398
f 2675/10399 2674/10400 2663/10401
f 2674/10402 2662/10403 2663/10404
f 2673/10405 2672/10406 2661/10407
f 2672/10408 2660/10409 2661/10410
f 3318/10411 2822/10412 3314/10413
f 2822/10414 2828/10415 3314/10416
f 3317/10417 2825/10418 3316/10419
f 2825/10420 2823/10421 3316/10422
f 3312/10423 2826/10424 3315/10425
f 2826/10426 2821/10427 3315/10428
f 3310/10429 2820/10430 3313/10431
f 2820/10432 2827/10433 3313/10434
f 3314/10435 2828/10436 3311/10437
f 2828/10438 2824/10439 3311/10440
f 2823/10441 2822/10442 3343/10443
f 2822/10444 3318/10445 3343/10446
f 3313/10447 2827/10448 3312/10449
f 2827/10450 2826/10451 3312/10452
f 3311/10453 2824/10454 3310/10455
f 2824/10456 2820/10457 3310/10458
f 3256/10459 3166/10460 3254/10461
f 3166/10462 3169/10463 3254/10464
f 2676/10465 2695/10466 2677/10467
f 2695/10468 3280/10469 2677/10470
f 3260/10471 3255/10472 2519/10473
f 3255/10474 2501/10475 2519/10476
f 3257/10477 3276/10478 2500/10479
f 3276/10480 3187/10481 2500/10482
f 3267/10483 2509/10484 3278/10485
f 2509/10486 3186/10487 3278/10488
f 3266/10489 2508/10490 3267/10491
f 2508/10492 2509/10493 3267/10494
f 3265/10495 2502/10496 3266/10497
f 2502/10498 2508/10499 3266/10500
f 3264/10501 2507/10502 3265/10503
f 2507/10504 2502/10505 3265/10506
f 3261/10507 2506/10508 3264/10509
f 2506/10510 2507/10511 3264/10512
f 3262/10513 2503/10514 3259/10515
f 2503/10516 2504/10517 3259/10518
f 3263/10519 2520/10520 3262/10521
f 2520/10522 2503/10523 3262/10524
f 3258/10525 2505/10526 3261/10527
f 2505/10528 2506/10529 3261/10530
f 3259/10531 2504/10532 3258/10533
f 2504/10534 2505/10535 3258/10536
f 3269/10537 3271/10538 3270/10539
f 3271/10540 3272/10541 3270/10542
f 3268/10543 3273/10544 3269/10545
f 3273/10546 3271/10547 3269/10548
f 3274/10549 3276/10550 3281/10551
f 3276/10552 3257/10553 3281/10554
f 2833/10555 2703/10556 2834/10557
f 2703/10558 2697/10559 2834/10560
f 2697/10561 2695/10562 2834/10563
f 2695/10564 2676/10565 2834/10566
f 2521/10567 3277/10568 2516/10569
f 3277/10570 3279/10571 2516/10572
f 3268/10573 3275/10574 3273/10575
f 3275/10576 2706/10577 3273/10578
f 3287/10579 2716/10580 3286/10581
f 2716/10582 2720/10583 3286/10584
f 2731/10585 2712/10586 2753/10587
f 2712/10588 2741/10589 2753/10590
f 2742/10591 3292/10592 2752/10593
f 3292/10594 3291/10595 2752/10596
f 2722/10597 3297/10598 3309/10599
f 3297/10600 3295/10601 3309/10602
f 3284/10603 3290/10604 2758/10605
f 3290/10606 2747/10607 2758/10608
f 3289/10609 3288/10610 2717/10611
f 3288/10612 2715/10613 2717/10614
f 2717/10615 2715/10616 3299/10617
f 2715/10618 3298/10619 3299/10620
f 2745/10621 3293/10622 2750/10623
f 3293/10624 3294/10625 2750/10626
f 2750/10627 3294/10628 2755/10629
f 3294/10630 3285/10631 2755/10632
f 2730/10633 2710/10634 2731/10635
f 2710/10636 2712/10637 2731/10638
f 2711/10639 2730/10640 2713/10641
f 2730/10642 2731/10643 2713/10644
f 3288/10645 2744/10646 2715/10647
f 2744/10648 2749/10649 2715/10650
f 3286/10651 2720/10652 3300/10653
f 2720/10654 2748/10655 3300/10656
f 2752/10657 3291/10658 2745/10659
f 3291/10660 3293/10661 2745/10662
f 2713/10663 2731/10664 3302/10665
f 2731/10666 2753/10667 3302/10668
f 2761/10669 2723/10670 3305/10671
f 2723/10672 2734/10673 3305/10674
f 3285/10675 3284/10676 2755/10677
f 3284/10678 2758/10679 2755/10680
f 2736/10681 2737/10682 2732/10683
f 2737/10684 3296/10685 2732/10686
f 2733/10687 2735/10688 2736/10689
f 2735/10690 2737/10691 2736/10692
f 3296/10693 2737/10694 2759/10695
f 2735/10696 3307/10697 2737/10698
f 3307/10699 2759/10700 2737/10701
f 2715/10702 2749/10703 3298/10704
f 2749/10705 2756/10706 3298/10707
f 3283/10708 3282/10709 2718/10710
f 3282/10711 2721/10712 2718/10713
f 2727/10714 2738/10715 2728/10716
f 2738/10717 2739/10718 2728/10719
f 2725/10720 2708/10721 2726/10722
f 2708/10723 2707/10724 2726/10725
f 2729/10726 2740/10727 2709/10728
f 2740/10729 2714/10730 2709/10731
f 2728/10732 2739/10733 2729/10734
f 2739/10735 2740/10736 2729/10737
f 2726/10738 2707/10739 2727/10740
f 2707/10741 2738/10742 2727/10743
f 3308/10744 2724/10745 2725/10746
f 2724/10747 2708/10748 2725/10749
f 2748/10750 2764/10751 3300/10752
f 2764/10753 3301/10754 3300/10755
f 2764/10756 2763/10757 3301/10758
f 2763/10759 2742/10760 3301/10761
f 2753/10762 2754/10763 3302/10764
f 2754/10765 3303/10766 3302/10767
f 2754/10768 2752/10769 3303/10770
f 2752/10771 2745/10772 3303/10773
f 2741/10774 2743/10775 2753/10776
f 2743/10777 2754/10778 2753/10779
f 2743/10780 2742/10781 2754/10782
f 2742/10783 2752/10784 2754/10785
f 2747/10786 2762/10787 2758/10788
f 2762/10789 3304/10790 2758/10791
f 2762/10792 2761/10793 3304/10794
f 2761/10795 3305/10796 3304/10797
f 2744/10798 2746/10799 2749/10800
f 2746/10801 2751/10802 2749/10803
f 2746/10804 2745/10805 2751/10806
f 2745/10807 2750/10808 2751/10809
f 2758/10810 2760/10811 2755/10812
f 2760/10813 3306/10814 2755/10815
f 2760/10816 2759/10817 3306/10818
f 2759/10819 3307/10820 3306/10821
f 2749/10822 2751/10823 2756/10824
f 2751/10825 2757/10826 2756/10827
f 2751/10828 2750/10829 2757/10830
f 2750/10831 2755/10832 2757/10833
f 2719/10834 3292/10835 2763/10836
f 3292/10837 2742/10838 2763/10839
f 3329/10840 3327/10841 2792/10842
f 3327/10843 2784/10844 2792/10845
f 2787/10846 2786/10847 2798/10848
f 2786/10849 2785/10850 2798/10851
f 2790/10852 2783/10853 2787/10854
f 2783/10855 2786/10856 2787/10857
f 2798/10858 2785/10859 3336/10860
f 2785/10861 3339/10862 3336/10863
f 3325/10864 3324/10865 3326/10866
f 3324/10867 3323/10868 3326/10869
f 3321/10870 3319/10871 3325/10872
f 3319/10873 3324/10874 3325/10875
f 2781/10876 2782/10877 3322/10878
f 2782/10879 3320/10880 3322/10881
f 2768/10882 3338/10883 2770/10884
f 3338/10885 3333/10886 2770/10887
f 2770/10888 3333/10889 2769/10890
f 3333/10891 3332/10892 2769/10893
f 2769/10894 3332/10895 2765/10896
f 3332/10897 3331/10898 2765/10899
f 2765/10900 3331/10901 2773/10902
f 3331/10903 3330/10904 2773/10905
f 3344/10906 2773/10907 3328/10908
f 2773/10909 3330/10910 3328/10911
f 2806/10912 3342/10913 2804/10914
f 3342/10915 2793/10916 2804/10917
f 2792/10918 2784/10919 2790/10920
f 2784/10921 2783/10922 2790/10923
f 2782/10924 2829/10925 3320/10926
f 2829/10927 3345/10928 3320/10929
f 3329/10930 2792/10931 3342/10932
f 2792/10933 2794/10934 3342/10935
f 2799/10936 2797/10937 2801/10938
f 2797/10939 3340/10940 2801/10941
f 2802/10942 2799/10943 2805/10944
f 2799/10945 2801/10946 2805/10947
f 2789/10948 2810/10949 2793/10950
f 2810/10951 2804/10952 2793/10953
f 2802/10954 2805/10955 2789/10956
f 2805/10957 2810/10958 2789/10959
f 2801/10960 2812/10961 2805/10962
f 2812/10963 2811/10964 2805/10965
f 2790/10966 2791/10967 2792/10968
f 2791/10969 2794/10970 2792/10971
f 2791/10972 2789/10973 2794/10974
f 2789/10975 2793/10976 2794/10977
f 3334/10978 2819/10979 2813/10980
f 2819/10981 2788/10982 2813/10983
f 2816/10984 3337/10985 2797/10986
f 3337/10987 3340/10988 2797/10989
f 3337/10990 2816/10991 3336/10992
f 3336/10993 2816/10994 2798/10995
f 2816/10996 2800/10997 2798/10998
f 2816/10999 2797/11000 2800/11001
f 2797/11002 2799/11003 2800/11004
f 2798/11005 2800/11006 2787/11007
f 2800/11008 2803/11009 2787/11010
f 2800/11011 2799/11012 2803/11013
f 2799/11014 2802/11015 2803/11016
f 2806/11017 2804/11018 2808/11019
f 2804/11020 2807/11021 2808/11022
f 3340/11023 3341/11024 2801/11025
f 3341/11026 2812/11027 2801/11028
f 2807/11029 2804/11030 2809/11031
f 2804/11032 2810/11033 2809/11034
f 2805/11035 2811/11036 2810/11037
f 2811/11038 2809/11039 2810/11040
f 2787/11041 2803/11042 2790/11043
f 2803/11044 2791/11045 2790/11046
f 2803/11047 2802/11048 2791/11049
f 2802/11050 2789/11051 2791/11052
f 2793/11053 3342/11054 2794/11055
f 2775/11056 2777/11057 2817/11058
f 2777/11059 2766/11060 2817/11061
f 2772/11062 2766/11063 2778/11064
f 2766/11065 2777/11066 2778/11067
f 3335/11068 2815/11069 3334/11070
f 2815/11071 2819/11072 3334/11073
f 2771/11074 2818/11075 2768/11076
f 2818/11077 3338/11078 2768/11079
f 2767/11080 2774/11081 2771/11082
f 2774/11083 2818/11084 2771/11085
f 2795/11086 2796/11087 2815/11088
f 2796/11089 2819/11090 2815/11091
f 2788/11092 2819/11093 2814/11094
f 2819/11095 2796/11096 2814/11097
f 2820/11098 2682/11099 2827/11100
f 2682/11101 2683/11102 2827/11103
f 2822/11104 2679/11105 2828/11106
f 2679/11107 2680/11108 2828/11109
f 2824/11110 2681/11111 2820/11112
f 2681/11113 2682/11114 2820/11115
f 2828/11116 2680/11117 2824/11118
f 2680/11119 2681/11120 2824/11121
f 2825/11122 2698/11123 2823/11124
f 2698/11125 2678/11126 2823/11127
f 2823/11128 2678/11129 2822/11130
f 2678/11131 2679/11132 2822/11133
f 2826/11134 2684/11135 2821/11136
f 2684/11137 2699/11138 2821/11139
f 2827/11140 2683/11141 2826/11142
f 2683/11143 2684/11144 2826/11145
f 2823/11146 3343/11147 3316/11148
f 2831/11149 2830/11150 2806/11151
f 2830/11152 3342/11153 2806/11154
f 2832/11155 2779/11156 2831/11157
f 2779/11158 2780/11159 2831/11160
f 2808/11161 2832/11162 2806/11163
f 2832/11164 2831/11165 2806/11166
f 2780/11167 2776/11168 2831/11169
f 2776/11170 2830/11171 2831/11172
f 2700/11173 2833/11174 2676/11175
f 2833/11176 2834/11177 2676/11178
f 2705/11179 2696/11180 2704/11181
f 2696/11182 2838/11183 2704/11184
f 2704/11185 2838/11186 2692/11187
f 2838/11188 2839/11189 2692/11190
f 2686/11191 2846/11192 2701/11193
f 2846/11194 2847/11195 2701/11196
f 2687/11197 2845/11198 2686/11199
f 2845/11200 2846/11201 2686/11202
f 2688/11203 2844/11204 2687/11205
f 2844/11206 2845/11207 2687/11208
f 2689/11209 2843/11210 2688/11211
f 2843/11212 2844/11213 2688/11214
f 2690/11215 2842/11216 2689/11217
f 2842/11218 2843/11219 2689/11220
f 2685/11221 2841/11222 2690/11223
f 2841/11224 2842/11225 2690/11226
f 2691/11227 2840/11228 2685/11229
f 2840/11230 2841/11231 2685/11232
f 2692/11233 2839/11234 2691/11235
f 2839/11236 2840/11237 2691/11238
f 2693/11239 2837/11240 2696/11241
f 2837/11242 2838/11243 2696/11244
f 2694/11245 2836/11246 2693/11247
f 2836/11248 2837/11249 2693/11250
f 2702/11251 2835/11252 2694/11253
f 2835/11254 2836/11255 2694/11256
f 2836/11257 2835/11258 2855/11259
f 2835/11260 2852/11261 2855/11262
f 2849/11263 2848/11264 2858/11265
f 2848/11266 2859/11267 2858/11268
f 2837/11269 2836/11270 2854/11271
f 2836/11272 2855/11273 2854/11274
f 2850/11275 2849/11276 2857/11277
f 2849/11278 2858/11279 2857/11280
f 2838/11281 2837/11282 2853/11283
f 2837/11284 2854/11285 2853/11286
f 2851/11287 2850/11288 2856/11289
f 2850/11290 2857/11291 2856/11292
f 2840/11293 2853/11294 2841/11295
f 2853/11296 2851/11297 2841/11298
f 2841/11299 2851/11300 2842/11301
f 2851/11302 2856/11303 2842/11304
f 2856/11305 2844/11306 2842/11307
f 2844/11308 2843/11309 2842/11310
f 2852/11311 2848/11312 2855/11313
f 2848/11314 2849/11315 2855/11316
f 2855/11317 2849/11318 2854/11319
f 2849/11320 2850/11321 2854/11322
f 2854/11323 2850/11324 2853/11325
f 2850/11326 2851/11327 2853/11328
f 2839/11329 2838/11330 2840/11331
f 2838/11332 2853/11333 2840/11334
f 2858/11335 2846/11336 2857/11337
f 2846/11338 2845/11339 2857/11340
f 2859/11341 2847/11342 2858/11343
f 2847/11344 2846/11345 2858/11346
f 2857/11347 2845/11348 2856/11349
f 2845/11350 2844/11351 2856/11352
f 3405/11353 2985/11354 3403/11355
f 2985/11356 2990/11357 3403/11358
f 3225/11359 2641/11360 3404/11361
f 2641/11362 2986/11363 3404/11364
f 3401/11365 2988/11366 3223/11367
f 2988/11368 2637/11369 3223/11370
f 3399/11371 2984/11372 3402/11373
f 2984/11374 2989/11375 3402/11376
f 3403/11377 2990/11378 3400/11379
f 2990/11380 2987/11381 3400/11382
f 2986/11383 2985/11384 3426/11385
f 2985/11386 3405/11387 3426/11388
f 3402/11389 2989/11390 3401/11391
f 2989/11392 2988/11393 3401/11394
f 3400/11395 2987/11396 3399/11397
f 2987/11398 2984/11399 3399/11400
f 3348/11401 3353/11402 3346/11403
f 3353/11404 3355/11405 3346/11406
f 2860/11407 2879/11408 2861/11409
f 2879/11410 3372/11411 2861/11412
f 3164/11413 3347/11414 2519/11415
f 3347/11416 2883/11417 2519/11418
f 3349/11419 3366/11420 2882/11421
f 3366/11422 3371/11423 2882/11424
f 3359/11425 2891/11426 3368/11427
f 2891/11428 3370/11429 3368/11430
f 3358/11431 2890/11432 3359/11433
f 2890/11434 2891/11435 3359/11436
f 3357/11437 2884/11438 3358/11439
f 2884/11440 2890/11441 3358/11442
f 3356/11443 2889/11444 3357/11445
f 2889/11446 2884/11447 3357/11448
f 3352/11449 2888/11450 3356/11451
f 2888/11452 2889/11453 3356/11454
f 3354/11455 2885/11456 3351/11457
f 2885/11458 2886/11459 3351/11460
f 3168/11461 2520/11462 3354/11463
f 2520/11464 2885/11465 3354/11466
f 3350/11467 2887/11468 3352/11469
f 2887/11470 2888/11471 3352/11472
f 3351/11473 2886/11474 3350/11475
f 2886/11476 2887/11477 3350/11478
f 3361/11479 3362/11480 3176/11481
f 3362/11482 3178/11483 3176/11484
f 3360/11485 3363/11486 3361/11487
f 3363/11488 3362/11489 3361/11490
f 3364/11491 3366/11492 3373/11493
f 3366/11494 3349/11495 3373/11496
f 2649/11497 2515/11498 2994/11499
f 2515/11500 2881/11501 2994/11502
f 2881/11503 2879/11504 2994/11505
f 2879/11506 2860/11507 2994/11508
f 2895/11509 3367/11510 2892/11511
f 3367/11512 3369/11513 2892/11514
f 3360/11515 3365/11516 3363/11517
f 3365/11518 2896/11519 3363/11520
f 3379/11521 2532/11522 3378/11523
f 2532/11524 2536/11525 3378/11526
f 2913/11527 2902/11528 2933/11529
f 2902/11530 2923/11531 2933/11532
f 2924/11533 3383/11534 2932/11535
f 3383/11536 3382/11537 2932/11538
f 2538/11539 3388/11540 3217/11541
f 3388/11542 3386/11543 3217/11544
f 3376/11545 3198/11546 2938/11547
f 3198/11548 2563/11549 2938/11550
f 3381/11551 3380/11552 2906/11553
f 3380/11554 2905/11555 2906/11556
f 2906/11557 2905/11558 3390/11559
f 2905/11560 3389/11561 3390/11562
f 2927/11563 3384/11564 2930/11565
f 3384/11566 3385/11567 2930/11568
f 2930/11569 3385/11570 2935/11571
f 3385/11572 3377/11573 2935/11574
f 2912/11575 2900/11576 2913/11577
f 2900/11578 2902/11579 2913/11580
f 2901/11581 2912/11582 2903/11583
f 2912/11584 2913/11585 2903/11586
f 3380/11587 2926/11588 2905/11589
f 2926/11590 2929/11591 2905/11592
f 3378/11593 2536/11594 3391/11595
f 2536/11596 2564/11597 3391/11598
f 2932/11599 3382/11600 2927/11601
f 3382/11602 3384/11603 2927/11604
f 2903/11605 2913/11606 3393/11607
f 2913/11608 2933/11609 3393/11610
f 2577/11611 2539/11612 3396/11613
f 2539/11614 2916/11615 3396/11616
f 3377/11617 3376/11618 2935/11619
f 3376/11620 2938/11621 2935/11622
f 2918/11623 2919/11624 2914/11625
f 2919/11626 3387/11627 2914/11628
f 2915/11629 2917/11630 2918/11631
f 2917/11632 2919/11633 2918/11634
f 3387/11635 2919/11636 2939/11637
f 2917/11638 3398/11639 2919/11640
f 3398/11641 2939/11642 2919/11643
f 2905/11644 2929/11645 3389/11646
f 2929/11647 2936/11648 3389/11649
f 3375/11650 3374/11651 2534/11652
f 3374/11653 2537/11654 2534/11655
f 2909/11656 2920/11657 2910/11658
f 2920/11659 2921/11660 2910/11661
f 2907/11662 2898/11663 2908/11664
f 2898/11665 2897/11666 2908/11667
f 2911/11668 2922/11669 2899/11670
f 2922/11671 2904/11672 2899/11673
f 2910/11674 2921/11675 2911/11676
f 2921/11677 2922/11678 2911/11679
f 2908/11680 2897/11681 2909/11682
f 2897/11683 2920/11684 2909/11685
f 3216/11686 2540/11687 2907/11688
f 2540/11689 2898/11690 2907/11691
f 2564/11692 2580/11693 3391/11694
f 2580/11695 3392/11696 3391/11697
f 2580/11698 2579/11699 3392/11700
f 2579/11701 2924/11702 3392/11703
f 2933/11704 2934/11705 3393/11706
f 2934/11707 3394/11708 3393/11709
f 2934/11710 2932/11711 3394/11712
f 2932/11713 2927/11714 3394/11715
f 2923/11716 2925/11717 2933/11718
f 2925/11719 2934/11720 2933/11721
f 2925/11722 2924/11723 2934/11724
f 2924/11725 2932/11726 2934/11727
f 2563/11728 2578/11729 2938/11730
f 2578/11731 3395/11732 2938/11733
f 2578/11734 2577/11735 3395/11736
f 2577/11737 3396/11738 3395/11739
f 2926/11740 2928/11741 2929/11742
f 2928/11743 2931/11744 2929/11745
f 2928/11746 2927/11747 2931/11748
f 2927/11749 2930/11750 2931/11751
f 2938/11752 2940/11753 2935/11754
f 2940/11755 3397/11756 2935/11757
f 2940/11758 2939/11759 3397/11760
f 2939/11761 3398/11762 3397/11763
f 2929/11764 2931/11765 2936/11766
f 2931/11767 2937/11768 2936/11769
f 2931/11770 2930/11771 2937/11772
f 2930/11773 2935/11774 2937/11775
f 2535/11776 3383/11777 2579/11778
f 3383/11779 2924/11780 2579/11781
f 3414/11782 3412/11783 2963/11784
f 3412/11785 2955/11786 2963/11787
f 2958/11788 2957/11789 2968/11790
f 2957/11791 2956/11792 2968/11793
f 2961/11794 2954/11795 2958/11796
f 2954/11797 2957/11798 2958/11799
f 2968/11800 2956/11801 3420/11802
f 2956/11803 3423/11804 3420/11805
f 3411/11806 3410/11807 3234/11808
f 3410/11809 3231/11810 3234/11811
f 3408/11812 3406/11813 3411/11814
f 3406/11815 3410/11816 3411/11817
f 2952/11818 2953/11819 3409/11820
f 2953/11821 3407/11822 3409/11823
f 2943/11824 3422/11825 2945/11826
f 3422/11827 3418/11828 2945/11829
f 2945/11830 3418/11831 2944/11832
f 3418/11833 3417/11834 2944/11835
f 2944/11836 3417/11837 2941/11838
f 3417/11839 3416/11840 2941/11841
f 2941/11842 3416/11843 2947/11844
f 3416/11845 3415/11846 2947/11847
f 3427/11848 2947/11849 3413/11850
f 2947/11851 3415/11852 3413/11853
f 2976/11854 3425/11855 2974/11856
f 3425/11857 2964/11858 2974/11859
f 2963/11860 2955/11861 2961/11862
f 2955/11863 2954/11864 2961/11865
f 2953/11866 2991/11867 3407/11868
f 2991/11869 3428/11870 3407/11871
f 3414/11872 2963/11873 3425/11874
f 2963/11875 2965/11876 3425/11877
f 2969/11878 2967/11879 2971/11880
f 2967/11881 3424/11882 2971/11883
f 2972/11884 2969/11885 2975/11886
f 2969/11887 2971/11888 2975/11889
f 2960/11890 2977/11891 2964/11892
f 2977/11893 2974/11894 2964/11895
f 2972/11896 2975/11897 2960/11898
f 2975/11899 2977/11900 2960/11901
f 2971/11902 2628/11903 2975/11904
f 2628/11905 2627/11906 2975/11907
f 2961/11908 2962/11909 2963/11910
f 2962/11911 2965/11912 2963/11913
f 2962/11914 2960/11915 2965/11916
f 2960/11917 2964/11918 2965/11919
f 3419/11920 2983/11921 2978/11922
f 2983/11923 2959/11924 2978/11925
f 2980/11926 3421/11927 2967/11928
f 3421/11929 3424/11930 2967/11931
f 3421/11932 2980/11933 3420/11934
f 3420/11935 2980/11936 2968/11937
f 2980/11938 2970/11939 2968/11940
f 2980/11941 2967/11942 2970/11943
f 2967/11944 2969/11945 2970/11946
f 2968/11947 2970/11948 2958/11949
f 2970/11950 2973/11951 2958/11952
f 2970/11953 2969/11954 2973/11955
f 2969/11956 2972/11957 2973/11958
f 2976/11959 2974/11960 2624/11961
f 2974/11962 2623/11963 2624/11964
f 3424/11965 3249/11966 2971/11967
f 3249/11968 2628/11969 2971/11970
f 2623/11971 2974/11972 2625/11973
f 2974/11974 2977/11975 2625/11976
f 2975/11977 2627/11978 2977/11979
f 2627/11980 2625/11981 2977/11982
f 2958/11983 2973/11984 2961/11985
f 2973/11986 2962/11987 2961/11988
f 2973/11989 2972/11990 2962/11991
f 2972/11992 2960/11993 2962/11994
f 2964/11995 3425/11996 2965/11997
f 2948/11998 2950/11999 2981/12000
f 2950/12001 2942/12002 2981/12003
f 2588/12004 2942/12005 2594/12006
f 2942/12007 2950/12008 2594/12009
f 3243/12010 2631/12011 3419/12012
f 2631/12013 2983/12014 3419/12015
f 2946/12016 2982/12017 2943/12018
f 2982/12019 3422/12020 2943/12021
f 2583/12022 2590/12023 2946/12024
f 2590/12025 2982/12026 2946/12027
f 2611/12028 2966/12029 2631/12030
f 2966/12031 2983/12032 2631/12033
f 2959/12034 2983/12035 2979/12036
f 2983/12037 2966/12038 2979/12039
f 2984/12040 2866/12041 2989/12042
f 2866/12043 2867/12044 2989/12045
f 2985/12046 2863/12047 2990/12048
f 2863/12049 2864/12050 2990/12051
f 2987/12052 2865/12053 2984/12054
f 2865/12055 2866/12056 2984/12057
f 2990/12058 2864/12059 2987/12060
f 2864/12061 2865/12062 2987/12063
f 2641/12064 2510/12065 2986/12066
f 2510/12067 2862/12068 2986/12069
f 2986/12070 2862/12071 2985/12072
f 2862/12073 2863/12074 2985/12075
f 2988/12076 2868/12077 2637/12078
f 2868/12079 2511/12080 2637/12081
f 2989/12082 2867/12083 2988/12084
f 2867/12085 2868/12086 2988/12087
f 2986/12088 3426/12089 3404/12090
f 2993/12091 2992/12092 2976/12093
f 2992/12094 3425/12095 2976/12096
f 2648/12097 2595/12098 2993/12099
f 2595/12100 2951/12101 2993/12102
f 2624/12103 2648/12104 2976/12105
f 2648/12106 2993/12107 2976/12108
f 2951/12109 2949/12110 2993/12111
f 2949/12112 2992/12113 2993/12114
f 2512/12115 2649/12116 2860/12117
f 2649/12118 2994/12119 2860/12120
f 2894/12121 2880/12122 2893/12123
f 2880/12124 2997/12125 2893/12126
f 2893/12127 2997/12128 2876/12129
f 2997/12130 2998/12131 2876/12132
f 2870/12133 3005/12134 2513/12135
f 3005/12136 2663/12137 2513/12138
f 2871/12139 3004/12140 2870/12141
f 3004/12142 3005/12143 2870/12144
f 2872/12145 3003/12146 2871/12147
f 3003/12148 3004/12149 2871/12150
f 2873/12151 3002/12152 2872/12153
f 3002/12154 3003/12155 2872/12156
f 2874/12157 3001/12158 2873/12159
f 3001/12160 3002/12161 2873/12162
f 2869/12163 3000/12164 2874/12165
f 3000/12166 3001/12167 2874/12168
f 2875/12169 2999/12170 2869/12171
f 2999/12172 3000/12173 2869/12174
f 2876/12175 2998/12176 2875/12177
f 2998/12178 2999/12179 2875/12180
f 2877/12181 2996/12182 2880/12183
f 2996/12184 2997/12185 2880/12186
f 2878/12187 2995/12188 2877/12189
f 2995/12190 2996/12191 2877/12192
f 2514/12193 2651/12194 2878/12195
f 2651/12196 2995/12197 2878/12198
f 2995/12199 2651/12200 3011/12201
f 2651/12202 2668/12203 3011/12204
f 3006/12205 2664/12206 3014/12207
f 2664/12208 2675/12209 3014/12210
f 2996/12211 2995/12212 3010/12213
f 2995/12214 3011/12215 3010/12216
f 3007/12217 3006/12218 3013/12219
f 3006/12220 3014/12221 3013/12222
f 2997/12223 2996/12224 3009/12225
f 2996/12226 3010/12227 3009/12228
f 3008/12229 3007/12230 3012/12231
f 3007/12232 3013/12233 3012/12234
f 2999/12235 3009/12236 3000/12237
f 3009/12238 3008/12239 3000/12240
f 3000/12241 3008/12242 3001/12243
f 3008/12244 3012/12245 3001/12246
f 3012/12247 3003/12248 3001/12249
f 3003/12250 3002/12251 3001/12252
f 2668/12253 2664/12254 3011/12255
f 2664/12256 3006/12257 3011/12258
f 3011/12259 3006/12260 3010/12261
f 3006/12262 3007/12263 3010/12264
f 3010/12265 3007/12266 3009/12267
f 3007/12268 3008/12269 3009/12270
f 2998/12271 2997/12272 2999/12273
f 2997/12274 3009/12275 2999/12276
f 3014/12277 3005/12278 3013/12279
f 3005/12280 3004/12281 3013/12282
f 2675/12283 2663/12284 3014/12285
f 2663/12286 3005/12287 3014/12288
f 3013/12289 3004/12290 3012/12291
f 3004/12292 3003/12293 3012/12294
f 3484/12295 3482/12296 3128/12297
f 3482/12298 3133/12299 3128/12300
f 3317/12301 3483/12302 2825/12303
f 3483/12304 3129/12305 2825/12306
f 3480/12307 3315/12308 3131/12309
f 3315/12310 2821/12311 3131/12312
f 3478/12313 3481/12314 3127/12315
f 3481/12316 3132/12317 3127/12318
f 3482/12319 3479/12320 3133/12321
f 3479/12322 3130/12323 3133/12324
f 3129/12325 3505/12326 3128/12327
f 3505/12328 3484/12329 3128/12330
f 3481/12331 3480/12332 3132/12333
f 3480/12334 3131/12335 3132/12336
f 3479/12337 3478/12338 3130/12339
f 3478/12340 3127/12341 3130/12342
f 3431/12343 3429/12344 3353/12345
f 3429/12346 3355/12347 3353/12348
f 3015/12349 3016/12350 3034/12351
f 3016/12352 3451/12353 3034/12354
f 3260/12355 2519/12356 3430/12357
f 2519/12358 2883/12359 3430/12360
f 3432/12361 2882/12362 3447/12363
f 2882/12364 3371/12365 3447/12366
f 3440/12367 3449/12368 2891/12369
f 3449/12370 3370/12371 2891/12372
f 3439/12373 3440/12374 2890/12375
f 3440/12376 2891/12377 2890/12378
f 3438/12379 3439/12380 2884/12381
f 3439/12382 2890/12383 2884/12384
f 3437/12385 3438/12386 2889/12387
f 3438/12388 2884/12389 2889/12390
f 3435/12391 3437/12392 2888/12393
f 3437/12394 2889/12395 2888/12396
f 3436/12397 3434/12398 2885/12399
f 3434/12400 2886/12401 2885/12402
f 3263/12403 3436/12404 2520/12405
f 3436/12406 2885/12407 2520/12408
f 3433/12409 3435/12410 2887/12411
f 3435/12412 2888/12413 2887/12414
f 3434/12415 3433/12416 2886/12417
f 3433/12418 2887/12419 2886/12420
f 3442/12421 3270/12422 3443/12423
f 3270/12424 3272/12425 3443/12426
f 3441/12427 3442/12428 3444/12429
f 3442/12430 3443/12431 3444/12432
f 3445/12433 3452/12434 3447/12435
f 3452/12436 3432/12437 3447/12438
f 2833/12439 3137/12440 2703/12441
f 3137/12442 3036/12443 2703/12444
f 3036/12445 3137/12446 3034/12447
f 3137/12448 3015/12449 3034/12450
f 2895/12451 2892/12452 3448/12453
f 2892/12454 3450/12455 3448/12456
f 3441/12457 3444/12458 3446/12459
f 3444/12460 3039/12461 3446/12462
f 3458/12463 3457/12464 2716/12465
f 3457/12466 2720/12467 2716/12468
f 3056/12469 3076/12470 3045/12471
f 3076/12472 3066/12473 3045/12474
f 3067/12475 3075/12476 3462/12477
f 3075/12478 3461/12479 3462/12480
f 2722/12481 3309/12482 3467/12483
f 3309/12484 3465/12485 3467/12486
f 3455/12487 3081/12488 3290/12489
f 3081/12490 2747/12491 3290/12492
f 3460/12493 3049/12494 3459/12495
f 3049/12496 3048/12497 3459/12498
f 3049/12499 3469/12500 3048/12501
f 3469/12502 3468/12503 3048/12504
f 3070/12505 3073/12506 3463/12507
f 3073/12508 3464/12509 3463/12510
f 3073/12511 3078/12512 3464/12513
f 3078/12514 3456/12515 3464/12516
f 3055/12517 3056/12518 3043/12519
f 3056/12520 3045/12521 3043/12522
f 3044/12523 3046/12524 3055/12525
f 3046/12526 3056/12527 3055/12528
f 3459/12529 3048/12530 3069/12531
f 3048/12532 3072/12533 3069/12534
f 3457/12535 3470/12536 2720/12537
f 3470/12538 2748/12539 2720/12540
f 3075/12541 3070/12542 3461/12543
f 3070/12544 3463/12545 3461/12546
f 3046/12547 3472/12548 3056/12549
f 3472/12550 3076/12551 3056/12552
f 2761/12553 3475/12554 2723/12555
f 3475/12556 3059/12557 2723/12558
f 3456/12559 3078/12560 3455/12561
f 3078/12562 3081/12563 3455/12564
f 3061/12565 3057/12566 3062/12567
f 3057/12568 3466/12569 3062/12570
f 3058/12571 3061/12572 3060/12573
f 3061/12574 3062/12575 3060/12576
f 3466/12577 3082/12578 3062/12579
f 3060/12580 3062/12581 3477/12582
f 3062/12583 3082/12584 3477/12585
f 3048/12586 3468/12587 3072/12588
f 3468/12589 3079/12590 3072/12591
f 3454/12592 2718/12593 3453/12594
f 2718/12595 2721/12596 3453/12597
f 3052/12598 3053/12599 3063/12600
f 3053/12601 3064/12602 3063/12603
f 3050/12604 3051/12605 3041/12606
f 3051/12607 3040/12608 3041/12609
f 3054/12610 3042/12611 3065/12612
f 3042/12613 3047/12614 3065/12615
f 3053/12616 3054/12617 3064/12618
f 3054/12619 3065/12620 3064/12621
f 3051/12622 3052/12623 3040/12624
f 3052/12625 3063/12626 3040/12627
f 3308/12628 3050/12629 2724/12630
f 3050/12631 3041/12632 2724/12633
f 2748/12634 3470/12635 2764/12636
f 3470/12637 3471/12638 2764/12639
f 2764/12640 3471/12641 2763/12642
f 3471/12643 3067/12644 2763/12645
f 3076/12646 3472/12647 3077/12648
f 3472/12649 3473/12650 3077/12651
f 3077/12652 3473/12653 3075/12654
f 3473/12655 3070/12656 3075/12657
f 3066/12658 3076/12659 3068/12660
f 3076/12661 3077/12662 3068/12663
f 3068/12664 3077/12665 3067/12666
f 3077/12667 3075/12668 3067/12669
f 2747/12670 3081/12671 2762/12672
f 3081/12673 3474/12674 2762/12675
f 2762/12676 3474/12677 2761/12678
f 3474/12679 3475/12680 2761/12681
f 3069/12682 3072/12683 3071/12684
f 3072/12685 3074/12686 3071/12687
f 3071/12688 3074/12689 3070/12690
f 3074/12691 3073/12692 3070/12693
f 3081/12694 3078/12695 3083/12696
f 3078/12697 3476/12698 3083/12699
f 3083/12700 3476/12701 3082/12702
f 3476/12703 3477/12704 3082/12705
f 3072/12706 3079/12707 3074/12708
f 3079/12709 3080/12710 3074/12711
f 3074/12712 3080/12713 3073/12714
f 3080/12715 3078/12716 3073/12717
f 2719/12718 2763/12719 3462/12720
f 2763/12721 3067/12722 3462/12723
f 3493/12724 3106/12725 3491/12726
f 3106/12727 3098/12728 3491/12729
f 3101/12730 3111/12731 3100/12732
f 3111/12733 3099/12734 3100/12735
f 3104/12736 3101/12737 3097/12738
f 3101/12739 3100/12740 3097/12741
f 3111/12742 3499/12743 3099/12744
f 3499/12745 3502/12746 3099/12747
f 3490/12748 3326/12749 3489/12750
f 3326/12751 3323/12752 3489/12753
f 3487/12754 3490/12755 3485/12756
f 3490/12757 3489/12758 3485/12759
f 3095/12760 3488/12761 3096/12762
f 3488/12763 3486/12764 3096/12765
f 3086/12766 3088/12767 3501/12768
f 3088/12769 3497/12770 3501/12771
f 3088/12772 3087/12773 3497/12774
f 3087/12775 3496/12776 3497/12777
f 3087/12778 3084/12779 3496/12780
f 3084/12781 3495/12782 3496/12783
f 3084/12784 3090/12785 3495/12786
f 3090/12787 3494/12788 3495/12789
f 3506/12790 3492/12791 3090/12792
f 3492/12793 3494/12794 3090/12795
f 3119/12796 3117/12797 3504/12798
f 3117/12799 3107/12800 3504/12801
f 3106/12802 3104/12803 3098/12804
f 3104/12805 3097/12806 3098/12807
f 3096/12808 3486/12809 3134/12810
f 3486/12811 3507/12812 3134/12813
f 3493/12814 3504/12815 3106/12816
f 3504/12817 3108/12818 3106/12819
f 3112/12820 3114/12821 3110/12822
f 3114/12823 3503/12824 3110/12825
f 3115/12826 3118/12827 3112/12828
f 3118/12829 3114/12830 3112/12831
f 3103/12832 3107/12833 3120/12834
f 3107/12835 3117/12836 3120/12837
f 3115/12838 3103/12839 3118/12840
f 3103/12841 3120/12842 3118/12843
f 3114/12844 3118/12845 2812/12846
f 3118/12847 2811/12848 2812/12849
f 3104/12850 3106/12851 3105/12852
f 3106/12853 3108/12854 3105/12855
f 3105/12856 3108/12857 3103/12858
f 3108/12859 3107/12860 3103/12861
f 3498/12862 3121/12863 3126/12864
f 3121/12865 3102/12866 3126/12867
f 3123/12868 3110/12869 3500/12870
f 3110/12871 3503/12872 3500/12873
f 3500/12874 3499/12875 3123/12876
f 3499/12877 3111/12878 3123/12879
f 3111/12880 3113/12881 3123/12882
f 3123/12883 3113/12884 3110/12885
f 3113/12886 3112/12887 3110/12888
f 3111/12889 3101/12890 3113/12891
f 3101/12892 3116/12893 3113/12894
f 3113/12895 3116/12896 3112/12897
f 3116/12898 3115/12899 3112/12900
f 3119/12901 2808/12902 3117/12903
f 2808/12904 2807/12905 3117/12906
f 3503/12907 3114/12908 3341/12909
f 3114/12910 2812/12911 3341/12912
f 2807/12913 2809/12914 3117/12915
f 2809/12916 3120/12917 3117/12918
f 3118/12919 3120/12920 2811/12921
f 3120/12922 2809/12923 2811/12924
f 3101/12925 3104/12926 3116/12927
f 3104/12928 3105/12929 3116/12930
f 3116/12931 3105/12932 3115/12933
f 3105/12934 3103/12935 3115/12936
f 3107/12937 3108/12938 3504/12939
f 3091/12940 3124/12941 3093/12942
f 3124/12943 3085/12944 3093/12945
f 2772/12946 2778/12947 3085/12948
f 2778/12949 3093/12950 3085/12951
f 3335/12952 3498/12953 2815/12954
f 3498/12955 3126/12956 2815/12957
f 3089/12958 3086/12959 3125/12960
f 3086/12961 3501/12962 3125/12963
f 2767/12964 3089/12965 2774/12966
f 3089/12967 3125/12968 2774/12969
f 2795/12970 2815/12971 3109/12972
f 2815/12973 3126/12974 3109/12975
f 3102/12976 3122/12977 3126/12978
f 3122/12979 3109/12980 3126/12981
f 3127/12982 3132/12983 3021/12984
f 3132/12985 3022/12986 3021/12987
f 3128/12988 3133/12989 3018/12990
f 3133/12991 3019/12992 3018/12993
f 3130/12994 3127/12995 3020/12996
f 3127/12997 3021/12998 3020/12999
f 3133/13000 3130/13001 3019/13002
f 3130/13003 3020/13004 3019/13005
f 2825/13006 3129/13007 2698/13008
f 3129/13009 3017/13010 2698/13011
f 3129/13012 3128/13013 3017/13014
f 3128/13015 3018/13016 3017/13017
f 3131/13018 2821/13019 3023/13020
f 2821/13021 2699/13022 3023/13023
f 3132/13024 3131/13025 3022/13026
f 3131/13027 3023/13028 3022/13029
f 3129/13030 3483/13031 3505/13032
f 3136/13033 3119/13034 3135/13035
f 3119/13036 3504/13037 3135/13038
f 2832/13039 3136/13040 2779/13041
f 3136/13042 3094/13043 2779/13044
f 2808/13045 3119/13046 2832/13047
f 3119/13048 3136/13049 2832/13050
f 3094/13051 3136/13052 3092/13053
f 3136/13054 3135/13055 3092/13056
f 2700/13057 3015/13058 2833/13059
f 3015/13060 3137/13061 2833/13062
f 3038/13063 3037/13064 3035/13065
f 3037/13066 3140/13067 3035/13068
f 3037/13069 3031/13070 3140/13071
f 3031/13072 3141/13073 3140/13074
f 3025/13075 2701/13076 3148/13077
f 2701/13078 2847/13079 3148/13080
f 3026/13081 3025/13082 3147/13083
f 3025/13084 3148/13085 3147/13086
f 3027/13087 3026/13088 3146/13089
f 3026/13090 3147/13091 3146/13092
f 3028/13093 3027/13094 3145/13095
f 3027/13096 3146/13097 3145/13098
f 3029/13099 3028/13100 3144/13101
f 3028/13102 3145/13103 3144/13104
f 3024/13105 3029/13106 3143/13107
f 3029/13108 3144/13109 3143/13110
f 3030/13111 3024/13112 3142/13113
f 3024/13114 3143/13115 3142/13116
f 3031/13117 3030/13118 3141/13119
f 3030/13120 3142/13121 3141/13122
f 3032/13123 3035/13124 3139/13125
f 3035/13126 3140/13127 3139/13128
f 3033/13129 3032/13130 3138/13131
f 3032/13132 3139/13133 3138/13134
f 2702/13135 3033/13136 2835/13137
f 3033/13138 3138/13139 2835/13140
f 3138/13141 3154/13142 2835/13143
f 3154/13144 2852/13145 2835/13146
f 3149/13147 3157/13148 2848/13149
f 3157/13150 2859/13151 2848/13152
f 3139/13153 3153/13154 3138/13155
f 3153/13156 3154/13157 3138/13158
f 3150/13159 3156/13160 3149/13161
f 3156/13162 3157/13163 3149/13164
f 3140/13165 3152/13166 3139/13167
f 3152/13168 3153/13169 3139/13170
f 3151/13171 3155/13172 3150/13173
f 3155/13174 3156/13175 3150/13176
f 3142/13177 3143/13178 3152/13179
f 3143/13180 3151/13181 3152/13182
f 3143/13183 3144/13184 3151/13185
f 3144/13186 3155/13187 3151/13188
f 3155/13189 3144/13190 3146/13191
f 3144/13192 3145/13193 3146/13194
f 2852/13195 3154/13196 2848/13197
f 3154/13198 3149/13199 2848/13200
f 3154/13201 3153/13202 3149/13203
f 3153/13204 3150/13205 3149/13206
f 3153/13207 3152/13208 3150/13209
f 3152/13210 3151/13211 3150/13212
f 3141/13213 3142/13214 3140/13215
f 3142/13216 3152/13217 3140/13218
f 3157/13219 3156/13220 3148/13221
f 3156/13222 3147/13223 3148/13224
f 2859/13225 3157/13226 2847/13227
f 3157/13228 3148/13229 2847/13230
f 3156/13231 3155/13232 3147/13233
f 3155/13234 3146/13235 3147/13236
o Part.5
v -28 29.452 -103.5
v -28 32.3 -103.5
v -25.2 32.3 -103.5
v -26.2 28.6 -103.5
v -27.118 28.783 -103.5
v -27.903 29.301 -103.5
v -26.2 33.486 -103.5
v -28.412 30.074 -103.5
v -25.719 33.357 -103.5
v -28.6 31.131 -103.5
v -26.681 33.357 -103.5
v -26.2 25.4 -103.8
v -27.118 25.217 -103.8
v -27.897 24.697 -103.8
v -28.417 23.918 -103.8
v -28.6 23 -103.8
v -28.417 22.082 -103.8
v -27.897 21.303 -103.8
v -27.118 20.783 -103.8
v -26.2 20.6 -103.8
v -25.282 20.783 -103.8
v -24.503 21.303 -103.8
v -23.983 22.082 -103.8
v -23.8 23 -103.8
v -23.983 23.918 -103.8
v -24.503 24.697 -103.8
v -25.282 25.217 -103.8
v -26.2 25.4 -105.4
v -27.118 25.217 -105.4
v -27.897 24.697 -105.4
v -28.417 23.918 -105.4
v -28.6 23 -105.4
v -28.417 22.082 -105.4
v -27.897 21.303 -105.4
v -27.118 20.783 -105.4
v -26.2 20.6 -105.4
v -25.282 20.783 -105.4
v -24.503 21.303 -105.4
v -23.983 22.082 -105.4
v -23.8 23 -105.4
v -23.983 23.918 -105.4
v -24.503 24.697 -105.4
v -25.282 25.217 -105.4
v -27.897 29.303 -99.919
v -27.118 28.783 -100.259
v -26.2 28.6 -100.489
v -25.282 28.783 -100.259
v -26.2 33.486 -103.193
v -26.834 33.316 -103.597
v -27.902 32.743 -104.345
v -28.4 31.998 -104.917
v -28.6 31.131 -105.276
v -28.412 30.074 -105.4
v -27.903 29.301 -105.4
v -27.118 28.783 -105.4
v -26.2 28.6 -105.4
v -25.282 28.783 -105.4
v -24.5 29.301 -105.4
v -23.981 30.08 -105.4
v -23.8 31.131 -105.276
v -23.992 31.998 -104.917
v -24.498 32.743 -104.345
v -25.566 33.316 -103.597
v -23.04 30.2 -105.4
v -23.04 27.237 -99.8
v -23.04 27.656 -99.257
v -23.04 28.401 -98.685
v -23.04 29.268 -98.326
v -23.04 30.2 -98.203
v -23.04 31.131 -98.326
v -23.04 31.998 -98.685
v -23.04 32.743 -99.257
v -23.04 33.315 -100.002
v -23.04 33.675 -100.87
v -23.04 33.8 -101.8
v -23.04 33.675 -102.732
v -23.04 33.315 -103.598
v -23.04 32.743 -104.345
v -23.04 31.998 -104.917
v -23.04 31.131 -105.276
v -29.519 30.2 -105.399
v -29.606 27.656 -99.257
v -29.581 28.401 -98.685
v -29.519 30.2 -98.203
v -29.487 31.131 -98.326
v -29.433 32.743 -99.257
v -29.4 33.675 -100.87
v -29.4 33.675 -102.732
v -29.408 33.315 -103.598
v -29.433 32.743 -104.345
v -29.458 31.998 -104.917
v -29.487 31.131 -105.276
v -23.04 26.935 -99.8
v -23.04 26.42 -100.994
v -23.04 26.301 -101.8
v -23.04 26.427 -102.732
v -23.04 26.74 -103.65
v -23.04 27.224 -104.345
v -23.04 27.808 -104.917
v -23.04 28.264 -105.281
v -23.04 28.482 -105.4
v -22.7 28.482 -105.4
v -22.7 28.264 -105.281
v -22.7 27.808 -104.917
v -22.7 27.224 -104.345
v -22.7 26.74 -103.65
v -22.7 26.427 -102.732
v -22.7 26.301 -101.8
v -22.7 26.42 -100.994
v -22.7 26.935 -99.8
v -22.7 19.02 -105.4
v -29.9 19.02 -105.4
v -29.9 19.02 -97.44
v -23.8 19.02 -99
v -22.7 22.2 -99.8
v -29.792 22.2 -99.8
v -22.7 22.2 -97.44
v -22.7 19.02 -97.44
v -23.8 19.02 -103.8
v -25.2 29.741 -102.909
v -25.2 29.351 -102.649
v -25.2 29.091 -102.259
v -25.2 29 -101.8
v -25.2 29.091 -101.341
v -25.2 29.351 -100.951
v -25.2 29.741 -100.691
v -25.2 30.2 -100.6
v -25.2 30.659 -100.691
v -25.2 31.049 -100.951
v -25.2 31.309 -101.341
v -25.2 31.4 -101.8
v -25.2 31.309 -102.259
v -25.2 31.049 -102.649
v -25.2 30.659 -102.909
v -25.2 30.2 -103
v -29.62 27.237 -99.8
v -29.551 29.268 -98.326
v -29.458 31.998 -98.685
v -29.413 33.315 -100.002
v -29.397 33.8 -101.8
v -29.792 22.2 -97.44
v -28.6 19.02 -103.8
v -28.6 19.02 -99
v -28.6 21 -100.6
v -28.6 21 -99
v -23.8 21 -100.6
v -23.8 21 -99
v -23.8 28 -103.8
v -23.8 28 -100.6
v -28.6 28 -103.8
v -28.6 28 -100.6
v -28 31.758 -100.407
v -28 29.452 -99.879
v -28 31 -99.864
v -24.498 32.743 -103.5
v -23.981 30.08 -103.5
v -23.8 31.096 -103.5
v -23.991 31.955 -103.5
v -25.282 28.783 -103.5
v -28.4 31.998 -103.5
v -23.04 30.2 -103
v -23.04 30.659 -102.909
v -23.04 31.049 -102.649
v -23.04 31.309 -102.259
v -23.04 31.4 -101.8
v -23.04 31.309 -101.341
v -23.04 31.049 -100.951
v -23.04 30.659 -100.691
v -23.04 30.2 -100.6
v -23.04 29.741 -100.691
v -23.04 29.351 -100.951
v -23.04 29.091 -101.341
v -23.04 29 -101.8
v -23.04 29.091 -102.259
v -23.04 29.351 -102.649
v -23.04 29.741 -102.909
v -24.22 32.3 -103.5
v -24.5 29.301 -103.5
v -25.2 28.838 -103.5
v -27.902 32.743 -103.5
v -26.834 33.316 -103.5
v -25.566 33.316 -103.5
v -28 32.3 -101.101
v -25.2 32.3 -101.101
v -28 30.082 -99.726
v -25.2 28.835 -100.226
v -25.2 29.303 -99.919
v -25.2 30.082 -99.726
v -25.2 31 -99.864
v -25.2 31.758 -100.407
v -28 29.452 -103.5
v -28 29.452 -103.5
v -28 32.3 -103.5
v -28 32.3 -103.5
v -26.2 33.486 -103.5
v -25.719 33.357 -103.5
v -25.719 33.357 -103.5
v -25.719 33.357 -103.5
v -26.681 33.357 -103.5
v -26.681 33.357 -103.5
v -26.681 33.357 -103.5
v -26.2 33.486 -103.193
v -28.4 31.998 -103.5
v -27.902 32.743 -103.5
v -25.2 32.3 -103.5
v -25.2 32.3 -103.5
v -25.2 28.838 -103.5
v -25.2 28.838 -103.5
v -26.2 25.4 -103.8
v -27.118 25.217 -103.8
v -27.897 24.697 -103.8
v -28.417 23.918 -103.8
v -28.6 23 -103.8
v -28.6 23 -103.8
v -28.6 23 -103.8
v -28.417 22.082 -103.8
v -27.897 21.303 -103.8
v -27.118 20.783 -103.8
v -26.2 20.6 -103.8
v -25.282 20.783 -103.8
v -24.503 21.303 -103.8
v -23.983 22.082 -103.8
v -23.8 23 -103.8
v -23.8 23 -103.8
v -23.8 23 -103.8
v -23.983 23.918 -103.8
v -24.503 24.697 -103.8
v -25.282 25.217 -103.8
v -26.2 25.4 -105.4
v -27.118 25.217 -105.4
v -27.897 24.697 -105.4
v -28.417 23.918 -105.4
v -28.6 23 -105.4
v -28.417 22.082 -105.4
v -27.897 21.303 -105.4
v -27.118 20.783 -105.4
v -26.2 20.6 -105.4
v -25.282 20.783 -105.4
v -24.503 21.303 -105.4
v -23.983 22.082 -105.4
v -23.8 23 -105.4
v -23.983 23.918 -105.4
v -24.503 24.697 -105.4
v -25.282 25.217 -105.4
v -27.897 29.303 -99.919
v -27.118 28.783 -100.259
v -26.2 28.6 -100.489
v -25.282 28.783 -100.259
v -26.834 33.316 -103.597
v -27.902 32.743 -104.345
v -28.4 31.998 -104.917
v -28.6 31.131 -105.276
v -28.412 30.074 -105.4
v -27.903 29.301 -105.4
v -27.118 28.783 -105.4
v -26.2 28.6 -105.4
v -25.282 28.783 -105.4
v -24.5 29.301 -105.4
v -23.981 30.08 -105.4
v -23.8 31.131 -105.276
v -23.992 31.998 -104.917
v -24.498 32.743 -104.345
v -25.566 33.316 -103.597
v -29.397 33.8 -101.8
v -29.4 33.675 -102.732
v -29.413 33.315 -100.002
v -29.4 33.675 -100.87
v -29.458 31.998 -98.685
v -29.433 32.743 -99.257
v -29.551 29.268 -98.326
v -29.519 30.2 -98.203
v -29.62 27.237 -99.8
v -29.62 27.237 -99.8
v -29.606 27.656 -99.257
v -23.04 27.237 -99.8
v -23.04 27.237 -99.8
v -23.04 27.656 -99.257
v -23.04 28.401 -98.685
v -29.581 28.401 -98.685
v -23.04 29.268 -98.326
v -23.04 30.2 -98.203
v -23.04 31.131 -98.326
v -29.487 31.131 -98.326
v -23.04 31.998 -98.685
v -23.04 32.743 -99.257
v -23.04 33.315 -100.002
v -23.04 33.675 -100.87
v -23.04 33.8 -101.8
v -23.04 33.675 -102.732
v -23.04 33.315 -103.598
v -29.408 33.315 -103.598
v -23.04 32.743 -104.345
v -29.433 32.743 -104.345
v -23.04 31.998 -104.917
v -29.458 31.998 -104.917
v -23.04 31.131 -105.276
v -29.487 31.131 -105.276
v -23.04 30.2 -105.4
v -29.519 30.2 -105.399
v -23.04 26.935 -99.8
v -23.04 26.935 -99.8
v -23.04 26.42 -100.994
v -23.04 26.301 -101.8
v -23.04 26.427 -102.732
v -23.04 26.74 -103.65
v -23.04 27.224 -104.345
v -29.9 19.02 -105.4
v -29.9 19.02 -105.4
v -23.04 27.808 -104.917
v -23.04 28.264 -105.281
v -23.04 28.482 -105.4
v -23.04 28.482 -105.4
v -22.7 28.482 -105.4
v -22.7 28.482 -105.4
v -22.7 28.264 -105.281
v -22.7 27.808 -104.917
v -22.7 27.224 -104.345
v -22.7 26.74 -103.65
v -22.7 26.427 -102.732
v -22.7 26.301 -101.8
v -22.7 26.42 -100.994
v -22.7 26.935 -99.8
v -22.7 26.935 -99.8
v -23.8 19.02 -99
v -23.8 19.02 -99
v -23.8 19.02 -103.8
v -23.8 19.02 -103.8
v -22.7 22.2 -99.8
v -22.7 22.2 -99.8
v -22.7 22.2 -97.44
v -22.7 22.2 -97.44
v -22.7 19.02 -97.44
v -22.7 19.02 -97.44
v -22.7 19.02 -105.4
v -22.7 19.02 -105.4
v -25.2 30.2 -103
v -25.2 29.741 -102.909
v -25.2 29.351 -102.649
v -25.2 29.091 -102.259
v -25.2 29 -101.8
v -25.2 29.091 -101.341
v -25.2 29.351 -100.951
v -25.2 29.741 -100.691
v -25.2 30.2 -100.6
v -25.2 30.659 -100.691
v -25.2 31.049 -100.951
v -25.2 31.309 -101.341
v -25.2 31.4 -101.8
v -25.2 31.309 -102.259
v -25.2 31.049 -102.649
v -25.2 30.659 -102.909
v -28.6 19.02 -103.8
v -28.6 19.02 -103.8
v -29.792 22.2 -97.44
v -29.792 22.2 -97.44
v -29.792 22.2 -99.8
v -29.792 22.2 -99.8
v -28.6 21 -100.6
v -28.6 21 -100.6
v -28.6 21 -99
v -28.6 21 -99
v -23.8 21 -99
v -23.8 21 -99
v -23.8 21 -100.6
v -23.8 21 -100.6
v -23.8 28 -100.6
v -23.8 28 -100.6
v -28.6 28 -100.6
v -28.6 28 -100.6
v -23.8 28 -103.8
v -23.8 28 -103.8
v -28.6 28 -103.8
v -28.6 28 -103.8
v -28.6 19.02 -99
v -28.6 19.02 -99
v -29.9 19.02 -97.44
v -29.9 19.02 -97.44
v -28 29.452 -99.879
v -28 29.452 -99.879
v -28 30.082 -99.726
v -28 31 -99.864
v -28 31.758 -100.407
v -25.2 28.835 -100.226
v -25.2 28.835 -100.226
v -24.498 32.743 -103.5
v -24.22 32.3 -103.5
v -23.991 31.955 -103.5
v -23.981 30.08 -103.5
v -24.5 29.301 -103.5
v -23.8 31.096 -103.5
v -25.566 33.316 -103.5
v -28.6 31.131 -103.5
v -28.412 30.074 -103.5
v -26.834 33.316 -103.5
v -23.04 30.659 -102.909
v -23.04 30.2 -103
v -23.04 31.049 -102.649
v -23.04 31.309 -102.259
v -23.04 31.4 -101.8
v -23.04 31.309 -101.341
v -23.04 31.049 -100.951
v -23.04 30.659 -100.691
v -23.04 30.2 -100.6
v -23.04 29.741 -100.691
v -23.04 29.351 -100.951
v -23.04 29.091 -101.341
v -23.04 29 -101.8
v -23.04 29.091 -102.259
v -23.04 29.351 -102.649
v -23.04 29.741 -102.909
v -28 32.3 -101.101
v -28 32.3 -101.101
v -25.2 32.3 -101.101
v -25.2 32.3 -101.101
v -25.2 31.758 -100.407
v -25.2 31 -99.864
v -25.2 30.082 -99.726
v -25.2 29.303 -99.919
vt 0 0
vt 0 0
vt 0 0
vt 0 0
vt 0 0
vt 0 0
vt 0 0
vt 0 0
vt 0 0
vt 0 0
vt 0 0
vt 0 0
vt 0 0
vt 0 0
vt 0 0
vt 0 0
vt 0 0
vt 0 0
vt 0 0
vt 0 0
vt 0 0
vt 0 0
vt 0 0
vt 0 0
vt 0 0
vt 0 0
vt 0 0
vt 0 0
vt 0 0
vt 0 0
vt 0 0
vt 0 0
vt 0 0
vt 0 0
vt 0 0
vt 0 0
vt 0 0
vt 0 0
vt 0 0
vt 0 0
vt 0 0
vt 0 0
vt 0 0
vt 0 0
vt 0 0
vt 0 0
vt 0 0
vt 0 0
vt 0 0
vt 0 0
vt 0 0
vt 0 0
vt 0 0
vt 0 0
vt 0 0
vt 0 0
vt 0 0
vt 0 0
vt 0 0
vt 0 0
vt 0 0
vt 0 0
vt 0 0
vt 0 0
vt 0 0
vt 0 0
vt 0 0
vt 0 0
vt 0 0
vt 0 0
vt 0 0
vt 0 0
vt 0 0
vt 0 0
vt 0 0
vt 0 0
vt 0 0
vt 0 0
vt 0 0
vt 0 0
vt 0 0
vt 0 0
vt 0 0
vt 0 0
vt 0 0
vt 0 0
vt 0 0
vt 0 0
vt 0 0
vt 0 0
vt 0 0
vt 0 0
vt 0 0
vt 0 0
vt 0 0
vt 0 0
vt 0 0
vt 0 0
vt 0 0
vt 0 0
vt 0 0
vt 0 0
vt 0 0
vt 0 0
vt 0 0
vt 0 0
vt 0 0
vt 0 0
vt 0 0
vt 0 0
vt 0 0
vt 0 0
vt 0 0
vt 0 0
vt 0 0
vt 0 0
vt 0 0
vt 0 0
vt 0 0
vt 0 0
vt 0 0
vt 0 0
vt 0 0
vt 0 0
vt 0 0
vt 0 0
vt 0 0
vt 0 0
vt 0 0
vt 0 0
vt 0 0
vt 0 0
vt 0.508 0.096
vt 0.508 0.276
vt 0.057 0.096
vt 0.508 0.276
vt 0.374 0.276
vt 0.057 0.096
vt 0.925 0.543
vt 0.552 0.561
vt 0.944 0.275
vt 0.552 0.561
vt 0.542 0.275
vt 0.944 0.275
vt 0.553 0.584
vt 0.552 0.561
vt 0.925 0.584
vt 0.552 0.561
vt 0.925 0.561
vt 0.925 0.584
vt 0.556 0.676
vt 0.554 0.626
vt 0.925 0.675
vt 0.554 0.626
vt 0.925 0.626
vt 0.925 0.675
vt 0.56 0.781
vt 0.558 0.728
vt 0.925 0.781
vt 0.558 0.728
vt 0.925 0.728
vt 0.925 0.781
vt 0 0
vt 0 0
vt 0 0
vt 0 0
vt 0 0
vt 0 0
vt 0 0
vt 0 0
vt 0 0
vt 0 0
vt 0 0
vt 0 0
vt 0 0
vt 0 0
vt 0 0
vt 0 0
vt 0 0
vt 0 0
vt 0 0
vt 0 0
vt 0 0
vt 0 0
vt 0 0
vt 0 0
vt 0 0
vt 0 0
vt 0 0
vt 0 0
vt 0 0
vt 0 0
vt 0 0
vt 0 0
vt 0 0
vt 0 0
vt 0 0
vt 0 0
vt 0 0
vt 0 0
vt 0 0
vt 0 0
vt 0 0
vt 0 0
vt 0 0
vt 0 0
vt 0 0
vt 0 0
vt 0 0
vt 0 0
vt 0 0
vt 0 0
vt 0 0
vt 0 0
vt 0 0
vt 0 0
vt 0 0
vt 0 0
vt 0 0
vt 0 0
vt 0 0
vt 0 0
vt 0.554 0.626
vt 0.553 0.584
vt 0.925 0.626
vt 0.553 0.584
vt 0.925 0.584
vt 0.925 0.626
vt 0.558 0.728
vt 0.556 0.676
vt 0.925 0.728
vt 0.556 0.676
vt 0.925 0.675
vt 0.925 0.728
vt 0.561 0.83
vt 0.56 0.781
vt 0.925 0.83
vt 0.56 0.781
vt 0.925 0.781
vt 0.925 0.83
vt 0.944 0.543
vt 0.925 0.543
vt 0.944 0.275
vt 0.925 0.543
vt 0.925 0.561
vt 0.552 0.561
vt 0 0
vt 0 0
vt 0 0
vt 0 0
vt 0 0
vt 0 0
vt 0 0
vt 0 0
vt 0 0
vt 0 0
vt 0 0
vt 0 0
vt 0 0
vt 0 0
vt 0 0
vt 0 0
vt 0 0
vt 0 0
vt 0.944 0.275
vt 0.542 0.275
vt 0.944 0.096
vt 0.542 0.275
vt 0.536 0.096
vt 0.944 0.096
vt 0 0
vt 0 0
vt 0 0
vt 0 0
vt 0 0
vt 0 0
vt 0 0
vt 0 0
vt 0 0
vt 0 0
vt 0 0
vt 0 0
vt 0 0
vt 0 0
vt 0 0
vt 0 0
vt 0 0
vt 0 0
vt 0.564 0.905
vt 0.563 0.872
vt 0.925 0.905
vt 0.563 0.872
vt 0.925 0.872
vt 0.925 0.905
vt 0.542 0.275
vt 0.944 0.275
vt 0.542 0.275
vt 0.944 0.275
vt 0.944 0.275
vt 0.542 0.275
vt 0 0
vt 0 0
vt 0 0
vt 0 0
vt 0 0
vt 0 0
vt 0 0
vt 0 0
vt 0 0
vt 0 0
vt 0 0
vt 0 0
vt 0 0
vt 0 0
vt 0 0
vt 0 0
vt 0 0
vt 0 0
vt 0 0
vt 0 0
vt 0 0
vt 0 0
vt 0 0
vt 0 0
vt 0 0
vt 0 0
vt 0 0
vt 0.563 0.872
vt 0.561 0.83
vt 0.925 0.872
vt 0.561 0.83
vt 0.925 0.83
vt 0.925 0.872
vt 0 0
vt 0 0
vt 0 0
vt 0 0
vt 0 0
vt 0 0
vt 0 0
vt 0 0
vt 0 0
vt 0 0
vt 0 0
vt 0 0
vt 0 0
vt 0 0
vt 0 0
vt 0 0
vt 0 0
vt 0 0
vt 0 0
vt 0 0
vt 0 0
vt 0 0
vt 0 0
vt 0 0
vt 0 0
vt 0 0
vt 0 0
vt 0 0
vt 0 0
vt 0 0
vt 0 0
vt 0 0
vt 0 0
vt 0 0
vt 0 0
vt 0 0
vt 0 0
vt 0 0
vt 0 0
vt 0 0
vt 0 0
vt 0 0
vt 0 0
vt 0 0
vt 0 0
vt 0 0
vt 0 0
vt 0 0
vt 0 0
vt 0 0
vt 0 0
vt 0 0
vt 0 0
vt 0 0
vt 0 0
vt 0 0
vt 0 0
vt 0 0
vt 0 0
vt 0 0
vt 0 0
vt 0 0
vt 0 0
vt 0 0
vt 0 0
vt 0 0
vt 0 0
vt 0 0
vt 0 0
vt 0 0
vt 0 0
vt 0 0
vt 0 0
vt 0 0
vt 0 0
vt 0 0
vt 0 0
vt 0 0
vt 0 0
vt 0 0
vt 0 0
vt 0 0
vt 0 0
vt 0 0
vt 0 0
vt 0 0
vt 0 0
vt 0 0
vt 0 0
vt 0 0
vt 0 0
vt 0 0
vt 0 0
vt 0 0
vt 0 0
vt 0 0
vt 0 0
vt 0 0
vt 0 0
vt 0 0
vt 0 0
vt 0 0
vt 0 0
vt 0 0
vt 0 0
vt 0 0
vt 0 0
vt 0 0
vt 0 0
vt 0 0
vt 0 0
vt 0 0
vt 0 0
vt 0 0
vt 0 0
vt 0 0
vt 0 0
vt 0 0
vt 0 0
vt 0 0
vt 0 0
vt 0 0
vt 0 0
vt 0 0
vt 0 0
vt 0 0
vt 0 0
vt 0 0
vt 0 0
vt 0 0
vt 0 0
vt 0 0
vt 0 0
vt 0 0
vt 0 0
vt 0 0
vt 0 0
vt 0 0
vt 0 0
vt 0 0
vt 0 0
vt 0 0
vt 0 0
vt 0 0
vt 0 0
vt 0 0
vt 0 0
vt 0 0
vt 0 0
vt 0 0
vt 0 0
vt 0 0
vt 0 0
vt 0 0
vt 0 0
vt 0 0
vt 0 0
vt 0 0
vt 0 0
vt 0 0
vt 0 0
vt 0 0
vt 0.261 0.932
vt 0.208 0.925
vt 0.314 0.925
vt 0.363 0.905
vt 0.314 0.925
vt 0.159 0.905
vt 0.314 0.925
vt 0.208 0.925
vt 0.159 0.905
vt 0.159 0.905
vt 0.117 0.872
vt 0.363 0.905
vt 0.117 0.872
vt 0.405 0.872
vt 0.363 0.905
vt 0.437 0.83
vt 0.405 0.872
vt 0.085 0.83
vt 0.405 0.872
vt 0.117 0.872
vt 0.085 0.83
vt 0.085 0.83
vt 0.064 0.781
vt 0.437 0.83
vt 0.064 0.781
vt 0.458 0.781
vt 0.437 0.83
vt 0.458 0.781
vt 0.064 0.781
vt 0.465 0.728
vt 0.064 0.781
vt 0.057 0.728
vt 0.465 0.728
vt 0.458 0.676
vt 0.465 0.728
vt 0.405 0.584
vt 0.465 0.728
vt 0.374 0.561
vt 0.405 0.584
vt 0.405 0.584
vt 0.437 0.627
vt 0.458 0.676
vt 0.057 0.728
vt 0.374 0.561
vt 0.465 0.728
vt 0.057 0.728
vt 0.057 0.096
vt 0.374 0.561
vt 0.057 0.096
vt 0.374 0.276
vt 0.374 0.561
vt 0 0
vt 0 0
vt 0 0
vt 0 0
vt 0 0
vt 0 0
vt 0 0
vt 0 0
vt 0 0
vt 0 0
vt 0 0
vt 0 0
vt 0 0
vt 0 0
vt 0 0
vt 0 0
vt 0 0
vt 0 0
vt 0 0
vt 0 0
vt 0 0
vt 0 0
vt 0 0
vt 0 0
vt 0 0
vt 0 0
vt 0 0
vt 0 0
vt 0 0
vt 0 0
vt 0 0
vt 0 0
vt 0 0
vt 0 0
vt 0 0
vt 0 0
vt 0 0
vt 0 0
vt 0 0
vt 0 0
vt 0 0
vt 0 0
vt 0 0
vt 0 0
vt 0 0
vt 0 0
vt 0 0
vt 0 0
vt 0 0
vt 0 0
vt 0 0
vt 0 0
vt 0 0
vt 0 0
vt 0 0
vt 0 0
vt 0 0
vt 0 0
vt 0 0
vt 0 0
vt 0 0
vt 0 0
vt 0 0
vt 0 0
vt 0 0
vt 0 0
vt 0 0
vt 0 0
vt 0 0
vt 0 0
vt 0 0
vt 0 0
vt 0 0
vt 0 0
vt 0 0
vt 0 0
vt 0 0
vt 0 0
vt 0 0
vt 0 0
vt 0 0
vt 0 0
vt 0 0
vt 0 0
vt 0 0
vt 0 0
vt 0 0
vt 0 0
vt 0 0
vt 0 0
vt 0 0
vt 0 0
vt 0 0
vt 0 0
vt 0 0
vt 0 0
vt 0 0
vt 0 0
vt 0 0
vt 0 0
vt 0 0
vt 0 0
vt 0 0
vt 0 0
vt 0 0
vt 0 0
vt 0 0
vt 0 0
vt 0 0
vt 0 0
vt 0 0
vt 0 0
vt 0 0
vt 0 0
vt 0 0
vt 0 0
vt 0 0
vt 0 0
vt 0 0
vt 0 0
vt 0 0
vt 0 0
vt 0 0
vt 0 0
vt 0 0
vt 0 0
vt 0 0
vt 0 0
vt 0 0
vt 0 0
vt 0 0
vt 0 0
vt 0 0
vt 0 0
vt 0 0
vt 0 0
vt 0 0
vt 0 0
vt 0 0
vt 0 0
vt 0 0
vt 0 0
vt 0 0
vt 0 0
vt 0 0
vt 0 0
vt 0 0
vt 0 0
vt 0 0
vt 0 0
vt 0 0
vt 0 0
vt 0 0
vt 0 0
vt 0 0
vt 0 0
vt 0 0
vt 0 0
vt 0 0
vt 0 0
vt 0 0
vt 0 0
vt 0 0
vt 0 0
vt 0 0
vt 0 0
vt 0 0
vt 0 0
vt 0 0
vt 0 0
vt 0 0
vt 0 0
vt 0 0
vt 0 0
vt 0 0
vt 0 0
vt 0 0
vt 0 0
vt 0 0
vt 0 0
vt 0 0
vt 0 0
vt 0 0
vt 0 0
vt 0 0
vt 0 0
vt 0 0
vt 0 0
vt 0 0
vt 0 0
vt 0 0
vt 0 0
vt 0 0
vt 0 0
vt 0 0
vt 0 0
vt 0 0
vt 0 0
vt 0 0
vt 0 0
vt 0 0
vt 0 0
vt 0 0
vt 0 0
vt 0 0
vt 0 0
vt 0 0
vt 0 0
vt 0 0
vt 0 0
vt 0 0
vt 0 0
vt 0 0
vt 0 0
vt 0 0
vt 0 0
vt 0 0
vt 0 0
vt 0 0
vt 0 0
vt 0 0
vt 0 0
vt 0 0
vt 0 0
vt 0 0
vt 0 0
vt 0 0
vt 0 0
vt 0 0
vt 0 0
vt 0 0
vt 0 0
vt 0 0
vt 0 0
vt 0 0
vt 0 0
vt 0 0
vt 0 0
vt 0 0
vt 0 0
vt 0 0
vt 0 0
vt 0 0
vt 0 0
vt 0 0
vt 0 0
vt 0 0
vt 0 0
vt 0 0
vt 0 0
vt 0 0
vt 0 0
vt 0 0
vt 0 0
vt 0 0
vt 0 0
vt 0 0
vt 0 0
vt 0 0
vt 0 0
vt 0 0
vt 0 0
vt 0 0
vt 0 0
vt 0 0
vt 0 0
vt 0 0
vt 0 0
vt 0 0
vt 0 0
vt 0 0
vt 0 0
vt 0 0
vt 0 0
vt 0 0
vt 0 0
vt 0 0
vt 0 0
vt 0 0
vt 0 0
vt 0 0
vt 0 0
vt 0 0
vt 0 0
vt 0 0
vt 0 0
vt 0 0
vt 0 0
vt 0 0
vt 0 0
vt 0 0
vt 0 0
vt 0 0
vt 0 0
vt 0 0
vt 0 0
vt 0 0
vt 0 0
vt 0 0
vt 0 0
vt 0 0
vt 0 0
vt 0 0
vt 0 0
vt 0 0
vt 0 0
vt 0 0
vt 0 0
vt 0 0
vt 0 0
vt 0 0
vt 0 0
vt 0 0
vt 0 0
vt 0 0
vt 0 0
vt 0 0
vt 0 0
vt 0 0
vt 0 0
vt 0 0
vt 0 0
vt 0 0
vt 0 0
vt 0 0
vt 0 0
vt 0 0
vt 0 0
vt 0 0
vt 0 0
vt 0 0
vt 0 0
vt 0 0
vt 0 0
vt 0 0
vt 0 0
vt 0 0
vt 0 0
vt 0 0
vt 0 0
vt 0 0
vt 0 0
vt 0 0
vt 0 0
vt 0 0
vt 0 0
vt 0 0
vt 0 0
vt 0 0
vt 0 0
vt 0 0
vt 0 0
vt 0 0
vt 0 0
vt 0 0
vt 0 0
vt 0 0
vt 0 0
vt 0 0
vt 0 0
vt 0 0
vt 0 0
vt 0 0
vt 0 0
vt 0 0
vt 0 0
vt 0 0
vt 0 0
vt 0 0
vt 0 0
vt 0 0
vt 0 0
vt 0 0
vt 0 0
vt 0 0
vt 0 0
vt 0 0
vt 0 0
vt 0 0
vt 0 0
vt 0 0
vt 0 0
vt 0 0
vt 0 0
vt 0 0
vt 0 0
vt 0 0
vt 0 0
vt 0 0
vt 0 0
vt 0 0
vt 0 0
vt 0 0
vt 0 0
vt 0 0
vt 0 0
vt 0 0
vt 0 0
vt 0 0
vt 0 0
vt 0 0
vt 0 0
vt 0 0
vt 0 0
vt 0 0
vt 0 0
vt 0 0
vt 0 0
vt 0 0
vt 0 0
vt 0 0
vt 0 0
vt 0 0
vt 0 0
vt 0 0
vt 0 0
vt 0 0
vt 0 0
vt 0 0
vt 0 0
vt 0 0
vt 0 0
vt 0 0
vt 0 0
vt 0 0
vt 0 0
vt 0 0
vt 0 0
vt 0 0
vt 0 0
vt 0 0
vt 0 0
vt 0 0
vt 0 0
vt 0 0
vt 0 0
vt 0 0
vt 0 0
vt 0 0
vt 0 0
vt 0 0
vt 0 0
vt 0 0
vt 0 0
vt 0 0
vt 0 0
vt 0 0
vt 0 0
vt 0 0
vt 0 0
vt 0 0
vt 0 0
vt 0 0
vt 0 0
vt 0 0
vt 0 0
vt 0 0
vt 0 0
vt 0 0
vt 0 0
vt 0 0
vt 0 0
vt 0 0
vt 0 0
vt 0 0
vt 0 0
vt 0 0
vt 0 0
vt 0 0
vt 0 0
vt 0 0
vt 0 0
vt 0 0
vt 0 0
vt 0 0
vt 0 0
vt 0 0
vt 0 0
vt 0 0
vt 0 0
vt 0 0
vt 0 0
vt 0 0
vt 0 0
vt 0 0
vt 0 0
vt 0 0
vt 0 0
vt 0 0
vt 0 0
vt 0 0
vt 0 0
vt 0 0
vt 0 0
vt 0 0
vt 0 0
vt 0 0
vt 0 0
vt 0 0
vt 0 0
vt 0 0
vt 0 0
vt 0 0
vt 0 0
vt 0 0
vt 0 0
vt 0 0
vt 0 0
vt 0 0
vt 0 0
vt 0 0
vt 0 0
vt 0 0
vt 0 0
vt 0 0
vt 0 0
vt 0 0
vt 0 0
vt 0 0
vt 0 0
vt 0 0
vt 0 0
vt 0 0
vt 0 0
vt 0 0
vt 0 0
vt 0 0
vt 0 0
vt 0 0
vt 0 0
vt 0 0
vt 0 0
vt 0 0
vt 0 0
vt 0 0
vt 0 0
vt 0 0
vt 0 0
vt 0 0
vt 0 0
vt 0 0
vt 0 0
vt 0 0
vt 0 0
vt 0 0
vt 0 0
vt 0 0
vt 0 0
vt 0 0
vt 0 0
vt 0 0
vt 0 0
vt 0 0
vt 0 0
vt 0 0
vt 0 0
vt 0 0
vt 0 0
vt 0 0
vt 0 0
vt 0 0
vt 0 0
vt 0 0
vt 0 0
vt 0 0
vt 0 0
vt 0 0
vt 0 0
vt 0 0
vt 0 0
vt 0 0
vt 0 0
vt 0 0
vt 0 0
vt 0 0
vt 0 0
vt 0 0
vt 0 0
vt 0 0
vt 0 0
vt 0 0
vt 0 0
vt 0 0
vt 0 0
vt 0 0
vt 0 0
vt 0 0
vt 0 0
vt 0 0
vt 0 0
vt 0 0
vt 0 0
vt 0 0
vt 0 0
vt 0 0
vt 0 0
vt 0 0
vt 0 0
vt 0 0
vt 0 0
vt 0 0
vt 0 0
vt 0 0
vt 0 0
vt 0 0
vt 0 0
usemtl MB_5_official_8762
s off
f 3899/13237 3700/13238 3900/13239
f 3760/13240 3515/13241 3699/13242
f 3760/13243 3759/13244 3515/13245
f 3759/13246 3517/13247 3515/13248
f 3758/13249 3667/13250 3759/13251
f 3667/13252 3517/13253 3759/13254
f 3699/13255 3513/13256 3760/13257
f 3513/13258 3761/13259 3760/13260
f 3900/13261 3700/13262 3698/13263
f 3762/13264 3761/13265 3512/13266
f 3761/13267 3513/13268 3512/13269
f 3702/13270 3706/13271 3709/13272
f 3751/13273 3750/13274 3735/13275
f 3750/13276 3734/13277 3735/13278
f 3751/13279 3735/13280 3736/13281
f 3735/13282 3716/13283 3736/13284
f 3737/13285 3736/13286 3717/13287
f 3736/13288 3716/13289 3717/13290
f 3738/13291 3737/13292 3718/13293
f 3737/13294 3717/13295 3718/13296
f 3739/13297 3738/13298 3719/13299
f 3738/13300 3718/13301 3719/13302
f 3740/13303 3739/13304 3720/13305
f 3739/13306 3719/13307 3720/13308
f 3741/13309 3740/13310 3723/13311
f 3740/13312 3720/13313 3723/13314
f 3742/13315 3741/13316 3724/13317
f 3741/13318 3723/13319 3724/13320
f 3743/13321 3742/13322 3725/13323
f 3742/13324 3724/13325 3725/13326
f 3744/13327 3743/13328 3726/13329
f 3743/13330 3725/13331 3726/13332
f 3745/13333 3744/13334 3727/13335
f 3744/13336 3726/13337 3727/13338
f 3746/13339 3745/13340 3728/13341
f 3745/13342 3727/13343 3728/13344
f 3747/13345 3746/13346 3729/13347
f 3746/13348 3728/13349 3729/13350
f 3748/13351 3747/13352 3730/13353
f 3747/13354 3729/13355 3730/13356
f 3749/13357 3748/13358 3733/13359
f 3748/13360 3730/13361 3733/13362
f 3750/13363 3749/13364 3734/13365
f 3749/13366 3733/13367 3734/13368
f 3883/13369 3862/13370 3814/13371
f 3862/13372 3863/13373 3814/13374
f 3807/13375 3780/13376 3836/13377
f 3780/13378 3864/13379 3836/13380
f 3781/13381 3779/13382 3784/13383
f 3779/13384 3782/13385 3784/13386
f 3777/13387 3786/13388 3787/13389
f 3786/13390 3785/13391 3787/13392
f 3790/13393 3778/13394 3789/13395
f 3778/13396 3788/13397 3789/13398
f 3822/13399 3820/13400 3817/13401
f 3820/13402 3818/13403 3817/13404
f 3823/13405 3822/13406 3816/13407
f 3822/13408 3817/13409 3816/13410
f 3824/13411 3823/13412 3813/13413
f 3823/13414 3816/13415 3813/13416
f 3825/13417 3824/13418 3812/13419
f 3824/13420 3813/13421 3812/13422
f 3826/13423 3825/13424 3811/13425
f 3825/13426 3812/13427 3811/13428
f 3827/13429 3826/13430 3810/13431
f 3826/13432 3811/13433 3810/13434
f 3828/13435 3827/13436 3809/13437
f 3827/13438 3810/13439 3809/13440
f 3829/13441 3828/13442 3808/13443
f 3828/13444 3809/13445 3808/13446
f 3875/13447 3879/13448 3873/13449
f 3879/13450 3877/13451 3873/13452
f 3837/13453 3839/13454 3835/13455
f 3839/13456 3842/13457 3835/13458
f 3786/13459 3781/13460 3785/13461
f 3781/13462 3784/13463 3785/13464
f 3778/13465 3777/13466 3788/13467
f 3777/13468 3787/13469 3788/13470
f 3775/13471 3790/13472 3791/13473
f 3790/13474 3789/13475 3791/13476
f 3830/13477 3807/13478 3836/13479
f 3807/13480 3783/13481 3780/13482
f 3869/13483 3867/13484 3871/13485
f 3867/13486 3865/13487 3871/13488
f 3868/13489 3870/13490 3881/13491
f 3870/13492 3621/13493 3881/13494
f 3840/13495 3884/13496 3832/13497
f 3884/13498 3882/13499 3832/13500
f 3838/13501 3861/13502 3625/13503
f 3861/13504 3620/13505 3625/13506
f 3866/13507 3876/13508 3872/13509
f 3876/13510 3874/13511 3872/13512
f 3651/13513 3652/13514 3860/13515
f 3652/13516 3650/13517 3860/13518
f 3772/13519 3771/13520 3796/13521
f 3771/13522 3795/13523 3796/13524
f 3773/13525 3776/13526 3793/13527
f 3776/13528 3792/13529 3793/13530
f 3648/13531 3624/13532 3623/13533
f 3624/13534 3622/13535 3623/13536
f 3803/13537 3805/13538 3767/13539
f 3805/13540 3566/13541 3767/13542
f 3555/13543 3772/13544 3796/13545
f 3771/13546 3774/13547 3795/13548
f 3774/13549 3794/13550 3795/13551
f 3774/13552 3773/13553 3794/13554
f 3773/13555 3793/13556 3794/13557
f 3654/13558 3653/13559 3831/13560
f 3653/13561 3833/13562 3831/13563
f 3776/13564 3775/13565 3792/13566
f 3775/13567 3791/13568 3792/13569
f 3885/13570 3752/13571 3699/13572
f 3752/13573 3513/13574 3699/13575
f 3753/13576 3512/13577 3752/13578
f 3512/13579 3513/13580 3752/13581
f 3511/13582 3512/13583 3754/13584
f 3512/13585 3753/13586 3754/13587
f 3755/13588 3890/13589 3666/13590
f 3890/13591 3714/13592 3666/13593
f 3666/13594 3511/13595 3755/13596
f 3511/13597 3754/13598 3755/13599
f 3554/13600 3925/13601 3693/13602
f 3768/13603 3894/13604 3769/13605
f 3894/13606 3684/13607 3769/13608
f 3765/13609 3896/13610 3766/13611
f 3896/13612 3895/13613 3766/13614
f 3567/13615 3766/13616 3897/13617
f 3766/13618 3895/13619 3897/13620
f 3768/13621 3567/13622 3894/13623
f 3567/13624 3897/13625 3894/13626
f 3684/13627 3662/13628 3769/13629
f 3714/13630 3896/13631 3765/13632
f 3765/13633 3764/13634 3714/13635
f 3764/13636 3666/13637 3714/13638
f 3763/13639 3762/13640 3511/13641
f 3762/13642 3512/13643 3511/13644
f 3764/13645 3763/13646 3666/13647
f 3763/13648 3511/13649 3666/13650
f 3892/13651 3893/13652 3712/13653
f 3834/13654 3859/13655 3618/13656
f 3859/13657 3815/13658 3618/13659
f 3833/13660 3653/13661 3731/13662
f 3878/13663 3731/13664 3656/13665
f 3731/13666 3653/13667 3656/13668
f 3860/13669 3721/13670 3651/13671
f 3880/13672 3658/13673 3721/13674
f 3658/13675 3651/13676 3721/13677
f 3532/13678 3531/13679 3655/13680
f 3657/13681 3722/13682 3522/13683
f 3533/13684 3532/13685 3655/13686
f 3657/13687 3522/13688 3521/13689
f 3534/13690 3533/13691 3655/13692
f 3657/13693 3521/13694 3520/13695
f 3519/13696 3534/13697 3655/13698
f 3657/13699 3520/13700 3519/13701
f 3657/13702 3519/13703 3655/13704
f 3732/13705 3530/13706 3626/13707
f 3530/13708 3529/13709 3626/13710
f 3529/13711 3528/13712 3626/13713
f 3649/13714 3626/13715 3527/13716
f 3527/13717 3526/13718 3649/13719
f 3526/13720 3525/13721 3649/13722
f 3525/13723 3524/13724 3649/13725
f 3524/13726 3523/13727 3649/13728
f 3527/13729 3626/13730 3528/13731
f 3647/13732 3595/13733 3594/13734
f 3646/13735 3594/13736 3798/13737
f 3594/13738 3595/13739 3798/13740
f 3798/13741 3800/13742 3646/13743
f 3800/13744 3593/13745 3646/13746
f 3645/13747 3593/13748 3802/13749
f 3593/13750 3800/13751 3802/13752
f 3802/13753 3804/13754 3645/13755
f 3804/13756 3592/13757 3645/13758
f 3592/13759 3804/13760 3591/13761
f 3804/13762 3806/13763 3591/13764
f 3644/13765 3591/13766 3589/13767
f 3591/13768 3643/13769 3589/13770
f 3589/13771 3590/13772 3644/13773
f 3806/13774 3643/13775 3591/13776
f 3806/13777 3814/13778 3643/13779
f 3814/13780 3863/13781 3643/13782
f 3559/13783 3560/13784 3599/13785
f 3560/13786 3588/13787 3599/13788
f 3859/13789 3882/13790 3815/13791
f 3882/13792 3884/13793 3815/13794
f 3832/13795 3834/13796 3840/13797
f 3834/13798 3618/13799 3840/13800
f 3819/13801 3841/13802 3547/13803
f 3547/13804 3841/13805 3546/13806
f 3546/13807 3841/13808 3545/13809
f 3545/13810 3841/13811 3544/13812
f 3544/13813 3841/13814 3543/13815
f 3543/13816 3619/13817 3542/13818
f 3542/13819 3619/13820 3541/13821
f 3541/13822 3619/13823 3540/13824
f 3540/13825 3619/13826 3539/13827
f 3539/13828 3619/13829 3588/13830
f 3819/13831 3547/13832 3548/13833
f 3538/13834 3539/13835 3588/13836
f 3819/13837 3548/13838 3549/13839
f 3537/13840 3538/13841 3588/13842
f 3565/13843 3566/13844 3819/13845
f 3566/13846 3805/13847 3819/13848
f 3562/13849 3563/13850 3536/13851
f 3563/13852 3535/13853 3536/13854
f 3535/13855 3563/13856 3550/13857
f 3563/13858 3564/13859 3550/13860
f 3543/13861 3841/13862 3619/13863
f 3819/13864 3549/13865 3564/13866
f 3549/13867 3550/13868 3564/13869
f 3560/13870 3561/13871 3588/13872
f 3565/13873 3819/13874 3564/13875
f 3821/13876 3841/13877 3819/13878
f 3611/13879 3612/13880 3842/13881
f 3611/13882 3842/13883 3610/13884
f 3610/13885 3842/13886 3609/13887
f 3617/13888 3835/13889 3616/13890
f 3616/13891 3835/13892 3615/13893
f 3615/13894 3835/13895 3614/13896
f 3835/13897 3842/13898 3614/13899
f 3842/13900 3612/13901 3613/13902
f 3842/13903 3613/13904 3614/13905
f 3911/13906 3850/13907 3910/13908
f 3850/13909 3851/13910 3910/13911
f 3909/13912 3852/13913 3908/13914
f 3852/13915 3853/13916 3908/13917
f 3907/13918 3854/13919 3906/13920
f 3854/13921 3855/13922 3906/13923
f 3903/13924 3843/13925 3917/13926
f 3843/13927 3844/13928 3917/13929
f 3905/13930 3856/13931 3904/13932
f 3856/13933 3857/13934 3904/13935
f 3916/13936 3845/13937 3915/13938
f 3845/13939 3846/13940 3915/13941
f 3902/13942 3858/13943 3903/13944
f 3858/13945 3843/13946 3903/13947
f 3914/13948 3847/13949 3913/13950
f 3847/13951 3848/13952 3913/13953
f 3912/13954 3849/13955 3911/13956
f 3849/13957 3850/13958 3911/13959
f 3910/13960 3851/13961 3909/13962
f 3851/13963 3852/13964 3909/13965
f 3908/13966 3853/13967 3907/13968
f 3853/13969 3854/13970 3907/13971
f 3906/13972 3855/13973 3905/13974
f 3855/13975 3856/13976 3905/13977
f 3917/13978 3844/13979 3916/13980
f 3844/13981 3845/13982 3916/13983
f 3904/13984 3857/13985 3902/13986
f 3857/13987 3858/13988 3902/13989
f 3915/13990 3846/13991 3914/13992
f 3846/13993 3847/13994 3914/13995
f 3913/13996 3848/13997 3912/13998
f 3848/13999 3849/14000 3912/14001
f 3667/14002 3758/14003 3711/14004
f 3758/14005 3757/14006 3711/14007
f 3559/14008 3599/14009 3558/14010
f 3599/14011 3598/14012 3558/14013
f 3767/14014 3568/14015 3803/14016
f 3568/14017 3801/14018 3803/14019
f 3710/14020 3700/14021 3899/14022
f 3700/14023 3710/14024 3687/14025
f 3712/14026 3685/14027 3715/14028
f 3712/14029 3663/14030 3685/14031
f 3712/14032 3664/14033 3663/14034
f 3712/14035 3665/14036 3664/14037
f 3712/14038 3893/14039 3665/14040
f 3756/14041 3707/14042 3901/14043
f 3704/14044 3712/14045 3708/14046
f 3702/14047 3709/14048 3703/14049
f 3704/14050 3708/14051 3514/14052
f 3770/14053 3898/14054 3705/14055
f 3558/14056 3598/14057 3557/14058
f 3598/14059 3597/14060 3557/14061
f 3568/14062 3569/14063 3801/14064
f 3569/14065 3799/14066 3801/14067
f 3756/14068 3901/14069 3757/14070
f 3901/14071 3711/14072 3757/14073
f 3770/14074 3769/14075 3898/14076
f 3769/14077 3662/14078 3898/14079
f 3704/14080 3689/14081 3712/14082
f 3689/14083 3892/14084 3712/14085
f 3688/14086 3708/14087 3712/14088
f 3688/14089 3712/14090 3687/14091
f 3712/14092 3700/14093 3687/14094
f 3557/14095 3597/14096 3556/14097
f 3597/14098 3596/14099 3556/14100
f 3569/14101 3570/14102 3799/14103
f 3570/14104 3797/14105 3799/14106
f 3516/14107 3796/14108 3570/14109
f 3796/14110 3797/14111 3570/14112
f 3555/14113 3518/14114 3772/14115
f 3555/14116 3796/14117 3516/14118
f 3518/14119 3556/14120 3772/14121
f 3556/14122 3596/14123 3772/14124
f 3920/14125 3922/14126 3918/14127
f 3922/14128 3889/14129 3918/14130
f 3701/14131 3713/14132 3919/14133
f 3713/14134 3921/14135 3919/14136
f 3923/14137 3888/14138 3922/14139
f 3888/14140 3889/14141 3922/14142
f 3924/14143 3887/14144 3923/14145
f 3887/14146 3888/14147 3923/14148
f 3553/14149 3552/14150 3554/14151
f 3551/14152 3925/14153 3552/14154
f 3925/14155 3554/14156 3552/14157
f 3886/14158 3887/14159 3551/14160
f 3924/14161 3925/14162 3887/14163
f 3925/14164 3551/14165 3887/14166
f 3633/14167 3694/14168 3634/14169
f 3694/14170 3695/14171 3634/14172
f 3630/14173 3686/14174 3891/14175
f 3630/14176 3629/14177 3686/14178
f 3629/14179 3628/14180 3686/14181
f 3628/14182 3627/14183 3686/14184
f 3627/14185 3642/14186 3686/14187
f 3697/14188 3691/14189 3637/14190
f 3691/14191 3638/14192 3637/14193
f 3631/14194 3891/14195 3632/14196
f 3642/14197 3510/14198 3686/14199
f 3696/14200 3635/14201 3695/14202
f 3635/14203 3634/14204 3695/14205
f 3631/14206 3630/14207 3891/14208
f 3697/14209 3636/14210 3696/14211
f 3636/14212 3635/14213 3696/14214
f 3641/14215 3510/14216 3642/14217
f 3508/14218 3659/14219 3660/14220
f 3659/14221 3692/14222 3660/14223
f 3632/14224 3891/14225 3633/14226
f 3891/14227 3694/14228 3633/14229
f 3640/14230 3510/14231 3641/14232
f 3697/14233 3637/14234 3636/14235
f 3639/14236 3510/14237 3640/14238
f 3659/14239 3508/14240 3690/14241
f 3508/14242 3509/14243 3690/14244
f 3638/14245 3691/14246 3639/14247
f 3691/14248 3510/14249 3639/14250
f 3659/14251 3661/14252 3692/14253
f 3605/14254 3682/14255 3604/14256
f 3682/14257 3681/14258 3604/14259
f 3680/14260 3601/14261 3602/14262
f 3572/14263 3600/14264 3601/14265
f 3681/14266 3680/14267 3603/14268
f 3680/14269 3602/14270 3603/14271
f 3671/14272 3670/14273 3583/14274
f 3670/14275 3584/14276 3583/14277
f 3678/14278 3677/14279 3573/14280
f 3677/14281 3574/14282 3573/14283
f 3683/14284 3682/14285 3606/14286
f 3682/14287 3605/14288 3606/14289
f 3607/14290 3683/14291 3606/14292
f 3672/14293 3671/14294 3582/14295
f 3671/14296 3583/14297 3582/14298
f 3579/14299 3674/14300 3580/14301
f 3674/14302 3673/14303 3580/14304
f 3677/14305 3575/14306 3574/14307
f 3571/14308 3587/14309 3668/14310
f 3587/14311 3669/14312 3668/14313
f 3668/14314 3683/14315 3571/14316
f 3580/14317 3673/14318 3581/14319
f 3673/14320 3672/14321 3581/14322
f 3670/14323 3585/14324 3584/14325
f 3587/14326 3586/14327 3669/14328
f 3576/14329 3575/14330 3676/14331
f 3575/14332 3677/14333 3676/14334
f 3578/14335 3577/14336 3675/14337
f 3679/14338 3678/14339 3572/14340
f 3678/14341 3573/14342 3572/14343
f 3578/14344 3675/14345 3579/14346
f 3675/14347 3674/14348 3579/14349
f 3607/14350 3608/14351 3683/14352
f 3608/14353 3571/14354 3683/14355
f 3670/14356 3669/14357 3585/14358
f 3669/14359 3586/14360 3585/14361
f 3676/14362 3675/14363 3576/14364
f 3675/14365 3577/14366 3576/14367
f 3572/14368 3601/14369 3679/14370
f 3601/14371 3680/14372 3679/14373
f 3581/14374 3672/14375 3582/14376
f 3604/14377 3681/14378 3603/14379
f 3536/14380 3537/14381 3562/14382
f 3537/14383 3561/14384 3562/14385
f 3561/14386 3537/14387 3588/14388
o Part.6
v -16.523 29.452 -103.621
v -16.523 32.3 -103.621
v -19.316 32.3 -103.426
v -18.319 28.6 -103.496
v -17.403 28.783 -103.56
v -16.62 29.301 -103.615
v -18.319 33.486 -103.496
v -16.112 30.074 -103.65
v -18.798 33.357 -103.462
v -15.924 31.131 -103.663
v -17.839 33.357 -103.529
v -18.34 25.4 -103.795
v -17.424 25.217 -103.859
v -16.647 24.697 -103.914
v -16.128 23.918 -103.95
v -15.945 23 -103.963
v -16.128 22.082 -103.95
v -16.647 21.303 -103.914
v -17.424 20.783 -103.859
v -18.34 20.6 -103.795
v -19.255 20.783 -103.731
v -20.032 21.303 -103.677
v -20.551 22.082 -103.64
v -20.734 23 -103.628
v -20.551 23.918 -103.64
v -20.032 24.697 -103.677
v -19.255 25.217 -103.731
v -18.451 25.4 -105.391
v -17.535 25.217 -105.455
v -16.758 24.697 -105.51
v -16.24 23.918 -105.546
v -16.057 23 -105.559
v -16.24 22.082 -105.546
v -16.758 21.303 -105.51
v -17.535 20.783 -105.455
v -18.451 20.6 -105.391
v -19.367 20.783 -105.327
v -20.144 21.303 -105.273
v -20.663 22.082 -105.237
v -20.845 23 -105.224
v -20.663 23.918 -105.237
v -20.144 24.697 -105.273
v -19.367 25.217 -105.327
v -16.376 29.303 -100.042
v -17.177 28.783 -100.327
v -18.109 28.6 -100.492
v -19.008 28.783 -100.199
v -18.297 33.486 -103.19
v -17.693 33.316 -103.637
v -16.68 32.743 -104.458
v -16.223 31.998 -105.063
v -16.048 31.131 -105.435
v -16.245 30.074 -105.546
v -16.752 29.301 -105.51
v -17.535 28.783 -105.455
v -18.451 28.6 -105.391
v -19.367 28.783 -105.327
v -20.147 29.301 -105.273
v -20.665 30.08 -105.236
v -20.837 31.131 -105.1
v -20.62 31.998 -104.755
v -20.075 32.743 -104.22
v -18.958 33.316 -103.548
v -21.603 30.2 -105.171
v -21.213 27.237 -99.584
v -21.175 27.656 -99.043
v -21.135 28.401 -98.472
v -21.11 29.268 -98.114
v -21.101 30.2 -97.991
v -21.11 31.131 -98.114
v -21.135 31.998 -98.472
v -21.175 32.743 -99.043
v -21.227 33.315 -99.786
v -21.287 33.675 -100.652
v -21.352 33.8 -101.58
v -21.417 33.675 -102.509
v -21.478 33.315 -103.373
v -21.53 32.743 -104.118
v -21.57 31.998 -104.689
v -21.595 31.131 -105.047
v -15.14 30.2 -105.622
v -14.625 27.656 -99.501
v -14.61 28.401 -98.928
v -14.638 30.2 -98.443
v -14.679 31.131 -98.564
v -14.797 32.743 -99.489
v -14.943 33.675 -101.096
v -15.073 33.675 -102.953
v -15.125 33.315 -103.817
v -15.152 32.743 -104.564
v -15.167 31.998 -105.137
v -15.164 31.131 -105.497
v -21.213 26.935 -99.584
v -21.296 26.42 -100.776
v -21.352 26.301 -101.58
v -21.417 26.427 -102.509
v -21.481 26.74 -103.425
v -21.53 27.224 -104.118
v -21.57 27.808 -104.689
v -21.595 28.264 -105.052
v -21.603 28.482 -105.171
v -21.943 28.482 -105.147
v -21.934 28.264 -105.028
v -21.909 27.808 -104.665
v -21.869 27.224 -104.095
v -21.821 26.74 -103.401
v -21.756 26.427 -102.486
v -21.691 26.301 -101.556
v -21.635 26.42 -100.752
v -21.552 26.935 -99.561
v -21.943 19.02 -105.147
v -14.76 19.02 -105.649
v -14.205 19.02 -97.709
v -20.399 19.02 -98.839
v -21.552 22.2 -99.561
v -14.477 22.2 -100.055
v -21.387 22.2 -97.206
v -21.387 19.02 -97.206
v -20.734 19.02 -103.628
v -19.275 29.741 -102.837
v -19.257 29.351 -102.577
v -19.23 29.091 -102.188
v -19.198 29 -101.73
v -19.166 29.091 -101.272
v -19.138 29.351 -100.883
v -19.12 29.741 -100.624
v -19.114 30.2 -100.533
v -19.12 30.659 -100.624
v -19.138 31.049 -100.883
v -19.166 31.309 -101.272
v -19.198 31.4 -101.73
v -19.23 31.309 -102.188
v -19.257 31.049 -102.577
v -19.275 30.659 -102.837
v -19.281 30.2 -102.927
v -14.649 27.237 -100.043
v -14.615 29.268 -98.568
v -14.733 31.998 -98.92
v -14.869 33.315 -100.231
v -15.011 33.8 -102.023
v -14.313 22.2 -97.701
v -15.945 19.02 -103.963
v -15.611 19.02 -99.174
v -15.722 21 -100.77
v -15.611 21 -99.174
v -20.51 21 -100.436
v -20.399 21 -98.839
v -20.734 28 -103.628
v -20.51 28 -100.436
v -15.945 28 -103.963
v -15.722 28 -100.77
v -16.307 31.758 -100.536
v -16.27 29.452 -100.009
v -16.269 31 -99.994
v -20.016 32.743 -103.377
v -20.532 30.08 -103.341
v -20.713 31.096 -103.328
v -20.522 31.955 -103.342
v -19.234 28.783 -103.432
v -16.124 31.998 -103.649
v -21.436 30.2 -102.777
v -21.43 30.659 -102.686
v -21.412 31.049 -102.426
v -21.384 31.309 -102.037
v -21.352 31.4 -101.58
v -21.32 31.309 -101.122
v -21.293 31.049 -100.733
v -21.275 30.659 -100.473
v -21.269 30.2 -100.382
v -21.275 29.741 -100.473
v -21.293 29.351 -100.733
v -21.32 29.091 -101.122
v -21.352 29 -101.58
v -21.384 29.091 -102.037
v -21.412 29.351 -102.426
v -21.43 29.741 -102.686
v -20.294 32.3 -103.358
v -20.014 29.301 -103.377
v -19.316 28.838 -103.426
v -16.621 32.743 -103.615
v -17.686 33.316 -103.54
v -18.951 33.316 -103.452
v -16.356 32.3 -101.228
v -19.149 32.3 -101.033
v -16.26 30.082 -99.857
v -19.088 28.835 -100.16
v -19.066 29.303 -99.854
v -19.053 30.082 -99.661
v -19.063 31 -99.799
v -19.1 31.758 -100.341
v -16.523 29.452 -103.621
v -16.523 29.452 -103.621
v -16.523 32.3 -103.621
v -16.523 32.3 -103.621
v -18.319 33.486 -103.496
v -18.798 33.357 -103.462
v -18.798 33.357 -103.462
v -18.798 33.357 -103.462
v -17.839 33.357 -103.529
v -17.839 33.357 -103.529
v -17.839 33.357 -103.529
v -18.297 33.486 -103.19
v -16.124 31.998 -103.649
v -16.621 32.743 -103.615
v -19.316 32.3 -103.426
v -19.316 32.3 -103.426
v -19.316 28.838 -103.426
v -19.316 28.838 -103.426
v -18.34 25.4 -103.795
v -17.424 25.217 -103.859
v -16.647 24.697 -103.914
v -16.128 23.918 -103.95
v -15.945 23 -103.963
v -15.945 23 -103.963
v -15.945 23 -103.963
v -16.128 22.082 -103.95
v -16.647 21.303 -103.914
v -17.424 20.783 -103.859
v -18.34 20.6 -103.795
v -19.255 20.783 -103.731
v -20.032 21.303 -103.677
v -20.551 22.082 -103.64
v -20.734 23 -103.628
v -20.734 23 -103.628
v -20.734 23 -103.628
v -20.551 23.918 -103.64
v -20.032 24.697 -103.677
v -19.255 25.217 -103.731
v -18.451 25.4 -105.391
v -17.535 25.217 -105.455
v -16.758 24.697 -105.51
v -16.24 23.918 -105.546
v -16.057 23 -105.559
v -16.24 22.082 -105.546
v -16.758 21.303 -105.51
v -17.535 20.783 -105.455
v -18.451 20.6 -105.391
v -19.367 20.783 -105.327
v -20.144 21.303 -105.273
v -20.663 22.082 -105.237
v -20.845 23 -105.224
v -20.663 23.918 -105.237
v -20.144 24.697 -105.273
v -19.367 25.217 -105.327
v -16.376 29.303 -100.042
v -17.177 28.783 -100.327
v -18.109 28.6 -100.492
v -19.008 28.783 -100.199
v -17.693 33.316 -103.637
v -16.68 32.743 -104.458
v -16.223 31.998 -105.063
v -16.048 31.131 -105.435
v -16.245 30.074 -105.546
v -16.752 29.301 -105.51
v -17.535 28.783 -105.455
v -18.451 28.6 -105.391
v -19.367 28.783 -105.327
v -20.147 29.301 -105.273
v -20.665 30.08 -105.236
v -20.837 31.131 -105.1
v -20.62 31.998 -104.755
v -20.075 32.743 -104.22
v -18.958 33.316 -103.548
v -15.011 33.8 -102.023
v -15.073 33.675 -102.953
v -14.869 33.315 -100.231
v -14.943 33.675 -101.096
v -14.733 31.998 -98.92
v -14.797 32.743 -99.489
v -14.615 29.268 -98.568
v -14.638 30.2 -98.443
v -14.649 27.237 -100.043
v -14.649 27.237 -100.043
v -14.625 27.656 -99.501
v -21.213 27.237 -99.584
v -21.213 27.237 -99.584
v -21.175 27.656 -99.043
v -21.135 28.401 -98.472
v -14.61 28.401 -98.928
v -21.11 29.268 -98.114
v -21.101 30.2 -97.991
v -21.11 31.131 -98.114
v -14.679 31.131 -98.564
v -21.135 31.998 -98.472
v -21.175 32.743 -99.043
v -21.227 33.315 -99.786
v -21.287 33.675 -100.652
v -21.352 33.8 -101.58
v -21.417 33.675 -102.509
v -21.478 33.315 -103.373
v -15.125 33.315 -103.817
v -21.53 32.743 -104.118
v -15.152 32.743 -104.564
v -21.57 31.998 -104.689
v -15.167 31.998 -105.137
v -21.595 31.131 -105.047
v -15.164 31.131 -105.497
v -21.603 30.2 -105.171
v -15.14 30.2 -105.622
v -21.213 26.935 -99.584
v -21.213 26.935 -99.584
v -21.296 26.42 -100.776
v -21.352 26.301 -101.58
v -21.417 26.427 -102.509
v -21.481 26.74 -103.425
v -21.53 27.224 -104.118
v -14.76 19.02 -105.649
v -14.76 19.02 -105.649
v -21.57 27.808 -104.689
v -21.595 28.264 -105.052
v -21.603 28.482 -105.171
v -21.603 28.482 -105.171
v -21.943 28.482 -105.147
v -21.943 28.482 -105.147
v -21.934 28.264 -105.028
v -21.909 27.808 -104.665
v -21.869 27.224 -104.095
v -21.821 26.74 -103.401
v -21.756 26.427 -102.486
v -21.691 26.301 -101.556
v -21.635 26.42 -100.752
v -21.552 26.935 -99.561
v -21.552 26.935 -99.561
v -20.399 19.02 -98.839
v -20.399 19.02 -98.839
v -20.734 19.02 -103.628
v -20.734 19.02 -103.628
v -21.552 22.2 -99.561
v -21.552 22.2 -99.561
v -21.387 22.2 -97.206
v -21.387 22.2 -97.206
v -21.387 19.02 -97.206
v -21.387 19.02 -97.206
v -21.943 19.02 -105.147
v -21.943 19.02 -105.147
v -19.281 30.2 -102.927
v -19.275 29.741 -102.837
v -19.257 29.351 -102.577
v -19.23 29.091 -102.188
v -19.198 29 -101.73
v -19.166 29.091 -101.272
v -19.138 29.351 -100.883
v -19.12 29.741 -100.624
v -19.114 30.2 -100.533
v -19.12 30.659 -100.624
v -19.138 31.049 -100.883
v -19.166 31.309 -101.272
v -19.198 31.4 -101.73
v -19.23 31.309 -102.188
v -19.257 31.049 -102.577
v -19.275 30.659 -102.837
v -15.945 19.02 -103.963
v -15.945 19.02 -103.963
v -14.313 22.2 -97.701
v -14.313 22.2 -97.701
v -14.477 22.2 -100.055
v -14.477 22.2 -100.055
v -15.722 21 -100.77
v -15.722 21 -100.77
v -15.611 21 -99.174
v -15.611 21 -99.174
v -20.399 21 -98.839
v -20.399 21 -98.839
v -20.51 21 -100.436
v -20.51 21 -100.436
v -20.51 28 -100.436
v -20.51 28 -100.436
v -15.722 28 -100.77
v -15.722 28 -100.77
v -20.734 28 -103.628
v -20.734 28 -103.628
v -15.945 28 -103.963
v -15.945 28 -103.963
v -15.611 19.02 -99.174
v -15.611 19.02 -99.174
v -14.205 19.02 -97.709
v -14.205 19.02 -97.709
v -16.27 29.452 -100.009
v -16.27 29.452 -100.009
v -16.26 30.082 -99.857
v -16.269 31 -99.994
v -16.307 31.758 -100.536
v -19.088 28.835 -100.16
v -19.088 28.835 -100.16
v -20.016 32.743 -103.377
v -20.294 32.3 -103.358
v -20.522 31.955 -103.342
v -20.532 30.08 -103.341
v -20.014 29.301 -103.377
v -20.713 31.096 -103.328
v -18.951 33.316 -103.452
v -15.924 31.131 -103.663
v -16.112 30.074 -103.65
v -17.686 33.316 -103.54
v -21.43 30.659 -102.686
v -21.436 30.2 -102.777
v -21.412 31.049 -102.426
v -21.384 31.309 -102.037
v -21.352 31.4 -101.58
v -21.32 31.309 -101.122
v -21.293 31.049 -100.733
v -21.275 30.659 -100.473
v -21.269 30.2 -100.382
v -21.275 29.741 -100.473
v -21.293 29.351 -100.733
v -21.32 29.091 -101.122
v -21.352 29 -101.58
v -21.384 29.091 -102.037
v -21.412 29.351 -102.426
v -21.43 29.741 -102.686
v -16.356 32.3 -101.228
v -16.356 32.3 -101.228
v -19.149 32.3 -101.033
v -19.149 32.3 -101.033
v -19.1 31.758 -100.341
v -19.063 31 -99.799
v -19.053 30.082 -99.661
v -19.066 29.303 -99.854
vt 0 0
vt 0 0
vt 0 0
vt 0 0
vt 0 0
vt 0 0
vt 0 0
vt 0 0
vt 0 0
vt 0 0
vt 0 0
vt 0 0
vt 0 0
vt 0 0
vt 0 0
vt 0 0
vt 0 0
vt 0 0
vt 0 0
vt 0 0
vt 0 0
vt 0 0
vt 0 0
vt 0 0
vt 0 0
vt 0 0
vt 0 0
vt 0 0
vt 0 0
vt 0 0
vt 0 0
vt 0 0
vt 0 0
vt 0 0
vt 0 0
vt 0 0
vt 0 0
vt 0 0
vt 0 0
vt 0 0
vt 0 0
vt 0 0
vt 0 0
vt 0 0
vt 0 0
vt 0 0
vt 0 0
vt 0 0
vt 0 0
vt 0 0
vt 0 0
vt 0 0
vt 0 0
vt 0 0
vt 0 0
vt 0 0
vt 0 0
vt 0 0
vt 0 0
vt 0 0
vt 0 0
vt 0 0
vt 0 0
vt 0 0
vt 0 0
vt 0 0
vt 0 0
vt 0 0
vt 0 0
vt 0 0
vt 0 0
vt 0 0
vt 0 0
vt 0 0
vt 0 0
vt 0 0
vt 0 0
vt 0 0
vt 0 0
vt 0 0
vt 0 0
vt 0 0
vt 0 0
vt 0 0
vt 0 0
vt 0 0
vt 0 0
vt 0 0
vt 0 0
vt 0 0
vt 0 0
vt 0 0
vt 0 0
vt 0 0
vt 0 0
vt 0 0
vt 0 0
vt 0 0
vt 0 0
vt 0 0
vt 0 0
vt 0 0
vt 0 0
vt 0 0
vt 0 0
vt 0 0
vt 0 0
vt 0 0
vt 0 0
vt 0 0
vt 0 0
vt 0 0
vt 0 0
vt 0 0
vt 0 0
vt 0 0
vt 0 0
vt 0 0
vt 0 0
vt 0 0
vt 0 0
vt 0 0
vt 0 0
vt 0 0
vt 0 0
vt 0 0
vt 0 0
vt 0 0
vt 0 0
vt 0 0
vt 0 0
vt 0 0
vt 0.492 0.094
vt 0.943 0.094
vt 0.492 0.274
vt 0.943 0.094
vt 0.626 0.274
vt 0.492 0.274
vt 0.075 0.542
vt 0.056 0.274
vt 0.448 0.559
vt 0.056 0.274
vt 0.458 0.274
vt 0.448 0.559
vt 0.447 0.582
vt 0.075 0.582
vt 0.448 0.559
vt 0.075 0.582
vt 0.075 0.559
vt 0.448 0.559
vt 0.444 0.674
vt 0.075 0.674
vt 0.446 0.624
vt 0.075 0.674
vt 0.075 0.624
vt 0.446 0.624
vt 0.44 0.779
vt 0.075 0.779
vt 0.442 0.726
vt 0.075 0.779
vt 0.075 0.726
vt 0.442 0.726
vt 0 0
vt 0 0
vt 0 0
vt 0 0
vt 0 0
vt 0 0
vt 0 0
vt 0 0
vt 0 0
vt 0 0
vt 0 0
vt 0 0
vt 0 0
vt 0 0
vt 0 0
vt 0 0
vt 0 0
vt 0 0
vt 0 0
vt 0 0
vt 0 0
vt 0 0
vt 0 0
vt 0 0
vt 0 0
vt 0 0
vt 0 0
vt 0 0
vt 0 0
vt 0 0
vt 0 0
vt 0 0
vt 0 0
vt 0 0
vt 0 0
vt 0 0
vt 0 0
vt 0 0
vt 0 0
vt 0 0
vt 0 0
vt 0 0
vt 0 0
vt 0 0
vt 0 0
vt 0 0
vt 0 0
vt 0 0
vt 0 0
vt 0 0
vt 0 0
vt 0 0
vt 0 0
vt 0 0
vt 0 0
vt 0 0
vt 0 0
vt 0 0
vt 0 0
vt 0 0
vt 0.446 0.624
vt 0.075 0.624
vt 0.447 0.582
vt 0.075 0.624
vt 0.075 0.582
vt 0.447 0.582
vt 0.442 0.726
vt 0.075 0.726
vt 0.444 0.674
vt 0.075 0.726
vt 0.075 0.674
vt 0.444 0.674
vt 0.439 0.828
vt 0.075 0.828
vt 0.44 0.779
vt 0.075 0.828
vt 0.075 0.779
vt 0.44 0.779
vt 0.056 0.542
vt 0.056 0.274
vt 0.075 0.542
vt 0.075 0.542
vt 0.448 0.559
vt 0.075 0.559
vt 0 0
vt 0 0
vt 0 0
vt 0 0
vt 0 0
vt 0 0
vt 0 0
vt 0 0
vt 0 0
vt 0 0
vt 0 0
vt 0 0
vt 0 0
vt 0 0
vt 0 0
vt 0 0
vt 0 0
vt 0 0
vt 0.056 0.274
vt 0.056 0.094
vt 0.458 0.274
vt 0.056 0.094
vt 0.464 0.094
vt 0.458 0.274
vt 0 0
vt 0 0
vt 0 0
vt 0 0
vt 0 0
vt 0 0
vt 0 0
vt 0 0
vt 0 0
vt 0 0
vt 0 0
vt 0 0
vt 0 0
vt 0 0
vt 0 0
vt 0 0
vt 0 0
vt 0 0
vt 0.436 0.903
vt 0.075 0.903
vt 0.437 0.87
vt 0.075 0.903
vt 0.075 0.87
vt 0.437 0.87
vt 0.458 0.274
vt 0.458 0.274
vt 0.056 0.274
vt 0.458 0.274
vt 0.056 0.274
vt 0.056 0.274
vt 0 0
vt 0 0
vt 0 0
vt 0 0
vt 0 0
vt 0 0
vt 0 0
vt 0 0
vt 0 0
vt 0 0
vt 0 0
vt 0 0
vt 0 0
vt 0 0
vt 0 0
vt 0 0
vt 0 0
vt 0 0
vt 0 0
vt 0 0
vt 0 0
vt 0 0
vt 0 0
vt 0 0
vt 0 0
vt 0 0
vt 0 0
vt 0.437 0.87
vt 0.075 0.87
vt 0.439 0.828
vt 0.075 0.87
vt 0.075 0.828
vt 0.439 0.828
vt 0 0
vt 0 0
vt 0 0
vt 0 0
vt 0 0
vt 0 0
vt 0 0
vt 0 0
vt 0 0
vt 0 0
vt 0 0
vt 0 0
vt 0 0
vt 0 0
vt 0 0
vt 0 0
vt 0 0
vt 0 0
vt 0 0
vt 0 0
vt 0 0
vt 0 0
vt 0 0
vt 0 0
vt 0 0
vt 0 0
vt 0 0
vt 0 0
vt 0 0
vt 0 0
vt 0 0
vt 0 0
vt 0 0
vt 0 0
vt 0 0
vt 0 0
vt 0 0
vt 0 0
vt 0 0
vt 0 0
vt 0 0
vt 0 0
vt 0 0
vt 0 0
vt 0 0
vt 0 0
vt 0 0
vt 0 0
vt 0 0
vt 0 0
vt 0 0
vt 0 0
vt 0 0
vt 0 0
vt 0 0
vt 0 0
vt 0 0
vt 0 0
vt 0 0
vt 0 0
vt 0 0
vt 0 0
vt 0 0
vt 0 0
vt 0 0
vt 0 0
vt 0 0
vt 0 0
vt 0 0
vt 0 0
vt 0 0
vt 0 0
vt 0 0
vt 0 0
vt 0 0
vt 0 0
vt 0 0
vt 0 0
vt 0 0
vt 0 0
vt 0 0
vt 0 0
vt 0 0
vt 0 0
vt 0 0
vt 0 0
vt 0 0
vt 0 0
vt 0 0
vt 0 0
vt 0 0
vt 0 0
vt 0 0
vt 0 0
vt 0 0
vt 0 0
vt 0 0
vt 0 0
vt 0 0
vt 0 0
vt 0 0
vt 0 0
vt 0 0
vt 0 0
vt 0 0
vt 0 0
vt 0 0
vt 0 0
vt 0 0
vt 0 0
vt 0 0
vt 0 0
vt 0 0
vt 0 0
vt 0 0
vt 0 0
vt 0 0
vt 0 0
vt 0 0
vt 0 0
vt 0 0
vt 0 0
vt 0 0
vt 0 0
vt 0 0
vt 0 0
vt 0 0
vt 0 0
vt 0 0
vt 0 0
vt 0 0
vt 0 0
vt 0 0
vt 0 0
vt 0 0
vt 0 0
vt 0 0
vt 0 0
vt 0 0
vt 0 0
vt 0 0
vt 0 0
vt 0 0
vt 0 0
vt 0 0
vt 0 0
vt 0 0
vt 0 0
vt 0 0
vt 0 0
vt 0 0
vt 0 0
vt 0 0
vt 0 0
vt 0 0
vt 0 0
vt 0 0
vt 0 0
vt 0 0
vt 0 0
vt 0 0
vt 0 0
vt 0.739 0.93
vt 0.686 0.923
vt 0.792 0.923
vt 0.637 0.903
vt 0.841 0.903
vt 0.686 0.923
vt 0.841 0.903
vt 0.792 0.923
vt 0.686 0.923
vt 0.841 0.903
vt 0.637 0.903
vt 0.883 0.87
vt 0.637 0.903
vt 0.595 0.87
vt 0.883 0.87
vt 0.563 0.828
vt 0.915 0.828
vt 0.595 0.87
vt 0.915 0.828
vt 0.883 0.87
vt 0.595 0.87
vt 0.915 0.828
vt 0.563 0.828
vt 0.936 0.779
vt 0.563 0.828
vt 0.542 0.779
vt 0.936 0.779
vt 0.542 0.779
vt 0.535 0.726
vt 0.936 0.779
vt 0.535 0.726
vt 0.943 0.726
vt 0.936 0.779
vt 0.542 0.674
vt 0.595 0.582
vt 0.535 0.726
vt 0.595 0.582
vt 0.626 0.559
vt 0.535 0.726
vt 0.595 0.582
vt 0.542 0.674
vt 0.563 0.625
vt 0.943 0.726
vt 0.535 0.726
vt 0.626 0.559
vt 0.943 0.726
vt 0.626 0.559
vt 0.943 0.094
vt 0.626 0.559
vt 0.626 0.274
vt 0.943 0.094
vt 0 0
vt 0 0
vt 0 0
vt 0 0
vt 0 0
vt 0 0
vt 0 0
vt 0 0
vt 0 0
vt 0 0
vt 0 0
vt 0 0
vt 0 0
vt 0 0
vt 0 0
vt 0 0
vt 0 0
vt 0 0
vt 0 0
vt 0 0
vt 0 0
vt 0 0
vt 0 0
vt 0 0
vt 0 0
vt 0 0
vt 0 0
vt 0 0
vt 0 0
vt 0 0
vt 0 0
vt 0 0
vt 0 0
vt 0 0
vt 0 0
vt 0 0
vt 0 0
vt 0 0
vt 0 0
vt 0 0
vt 0 0
vt 0 0
vt 0 0
vt 0 0
vt 0 0
vt 0 0
vt 0 0
vt 0 0
vt 0 0
vt 0 0
vt 0 0
vt 0 0
vt 0 0
vt 0 0
vt 0 0
vt 0 0
vt 0 0
vt 0 0
vt 0 0
vt 0 0
vt 0 0
vt 0 0
vt 0 0
vt 0 0
vt 0 0
vt 0 0
vt 0 0
vt 0 0
vt 0 0
vt 0 0
vt 0 0
vt 0 0
vt 0 0
vt 0 0
vt 0 0
vt 0 0
vt 0 0
vt 0 0
vt 0 0
vt 0 0
vt 0 0
vt 0 0
vt 0 0
vt 0 0
vt 0 0
vt 0 0
vt 0 0
vt 0 0
vt 0 0
vt 0 0
vt 0 0
vt 0 0
vt 0 0
vt 0 0
vt 0 0
vt 0 0
vt 0 0
vt 0 0
vt 0 0
vt 0 0
vt 0 0
vt 0 0
vt 0 0
vt 0 0
vt 0 0
vt 0 0
vt 0 0
vt 0 0
vt 0 0
vt 0 0
vt 0 0
vt 0 0
vt 0 0
vt 0 0
vt 0 0
vt 0 0
vt 0 0
vt 0 0
vt 0 0
vt 0 0
vt 0 0
vt 0 0
vt 0 0
vt 0 0
vt 0 0
vt 0 0
vt 0 0
vt 0 0
vt 0 0
vt 0 0
vt 0 0
vt 0 0
vt 0 0
vt 0 0
vt 0 0
vt 0 0
vt 0 0
vt 0 0
vt 0 0
vt 0 0
vt 0 0
vt 0 0
vt 0 0
vt 0 0
vt 0 0
vt 0 0
vt 0 0
vt 0 0
vt 0 0
vt 0 0
vt 0 0
vt 0 0
vt 0 0
vt 0 0
vt 0 0
vt 0 0
vt 0 0
vt 0 0
vt 0 0
vt 0 0
vt 0 0
vt 0 0
vt 0 0
vt 0 0
vt 0 0
vt 0 0
vt 0 0
vt 0 0
vt 0 0
vt 0 0
vt 0 0
vt 0 0
vt 0 0
vt 0 0
vt 0 0
vt 0 0
vt 0 0
vt 0 0
vt 0 0
vt 0 0
vt 0 0
vt 0 0
vt 0 0
vt 0 0
vt 0 0
vt 0 0
vt 0 0
vt 0 0
vt 0 0
vt 0 0
vt 0 0
vt 0 0
vt 0 0
vt 0 0
vt 0 0
vt 0 0
vt 0 0
vt 0 0
vt 0 0
vt 0 0
vt 0 0
vt 0 0
vt 0 0
vt 0 0
vt 0 0
vt 0 0
vt 0 0
vt 0 0
vt 0 0
vt 0 0
vt 0 0
vt 0 0
vt 0 0
vt 0 0
vt 0 0
vt 0 0
vt 0 0
vt 0 0
vt 0 0
vt 0 0
vt 0 0
vt 0 0
vt 0 0
vt 0 0
vt 0 0
vt 0 0
vt 0 0
vt 0 0
vt 0 0
vt 0 0
vt 0 0
vt 0 0
vt 0 0
vt 0 0
vt 0 0
vt 0 0
vt 0 0
vt 0 0
vt 0 0
vt 0 0
vt 0 0
vt 0 0
vt 0 0
vt 0 0
vt 0 0
vt 0 0
vt 0 0
vt 0 0
vt 0 0
vt 0 0
vt 0 0
vt 0 0
vt 0 0
vt 0 0
vt 0 0
vt 0 0
vt 0 0
vt 0 0
vt 0 0
vt 0 0
vt 0 0
vt 0 0
vt 0 0
vt 0 0
vt 0 0
vt 0 0
vt 0 0
vt 0 0
vt 0 0
vt 0 0
vt 0 0
vt 0 0
vt 0 0
vt 0 0
vt 0 0
vt 0 0
vt 0 0
vt 0 0
vt 0 0
vt 0 0
vt 0 0
vt 0 0
vt 0 0
vt 0 0
vt 0 0
vt 0 0
vt 0 0
vt 0 0
vt 0 0
vt 0 0
vt 0 0
vt 0 0
vt 0 0
vt 0 0
vt 0 0
vt 0 0
vt 0 0
vt 0 0
vt 0 0
vt 0 0
vt 0 0
vt 0 0
vt 0 0
vt 0 0
vt 0 0
vt 0 0
vt 0 0
vt 0 0
vt 0 0
vt 0 0
vt 0 0
vt 0 0
vt 0 0
vt 0 0
vt 0 0
vt 0 0
vt 0 0
vt 0 0
vt 0 0
vt 0 0
vt 0 0
vt 0 0
vt 0 0
vt 0 0
vt 0 0
vt 0 0
vt 0 0
vt 0 0
vt 0 0
vt 0 0
vt 0 0
vt 0 0
vt 0 0
vt 0 0
vt 0 0
vt 0 0
vt 0 0
vt 0 0
vt 0 0
vt 0 0
vt 0 0
vt 0 0
vt 0 0
vt 0 0
vt 0 0
vt 0 0
vt 0 0
vt 0 0
vt 0 0
vt 0 0
vt 0 0
vt 0 0
vt 0 0
vt 0 0
vt 0 0
vt 0 0
vt 0 0
vt 0 0
vt 0 0
vt 0 0
vt 0 0
vt 0 0
vt 0 0
vt 0 0
vt 0 0
vt 0 0
vt 0 0
vt 0 0
vt 0 0
vt 0 0
vt 0 0
vt 0 0
vt 0 0
vt 0 0
vt 0 0
vt 0 0
vt 0 0
vt 0 0
vt 0 0
vt 0 0
vt 0 0
vt 0 0
vt 0 0
vt 0 0
vt 0 0
vt 0 0
vt 0 0
vt 0 0
vt 0 0
vt 0 0
vt 0 0
vt 0 0
vt 0 0
vt 0 0
vt 0 0
vt 0 0
vt 0 0
vt 0 0
vt 0 0
vt 0 0
vt 0 0
vt 0 0
vt 0 0
vt 0 0
vt 0 0
vt 0 0
vt 0 0
vt 0 0
vt 0 0
vt 0 0
vt 0 0
vt 0 0
vt 0 0
vt 0 0
vt 0 0
vt 0 0
vt 0 0
vt 0 0
vt 0 0
vt 0 0
vt 0 0
vt 0 0
vt 0 0
vt 0 0
vt 0 0
vt 0 0
vt 0 0
vt 0 0
vt 0 0
vt 0 0
vt 0 0
vt 0 0
vt 0 0
vt 0 0
vt 0 0
vt 0 0
vt 0 0
vt 0 0
vt 0 0
vt 0 0
vt 0 0
vt 0 0
vt 0 0
vt 0 0
vt 0 0
vt 0 0
vt 0 0
vt 0 0
vt 0 0
vt 0 0
vt 0 0
vt 0 0
vt 0 0
vt 0 0
vt 0 0
vt 0 0
vt 0 0
vt 0 0
vt 0 0
vt 0 0
vt 0 0
vt 0 0
vt 0 0
vt 0 0
vt 0 0
vt 0 0
vt 0 0
vt 0 0
vt 0 0
vt 0 0
vt 0 0
vt 0 0
vt 0 0
vt 0 0
vt 0 0
vt 0 0
vt 0 0
vt 0 0
vt 0 0
vt 0 0
vt 0 0
vt 0 0
vt 0 0
vt 0 0
vt 0 0
vt 0 0
vt 0 0
vt 0 0
vt 0 0
vt 0 0
vt 0 0
vt 0 0
vt 0 0
vt 0 0
vt 0 0
vt 0 0
vt 0 0
vt 0 0
vt 0 0
vt 0 0
vt 0 0
vt 0 0
vt 0 0
vt 0 0
vt 0 0
vt 0 0
vt 0 0
vt 0 0
vt 0 0
vt 0 0
vt 0 0
vt 0 0
vt 0 0
vt 0 0
vt 0 0
vt 0 0
vt 0 0
vt 0 0
vt 0 0
vt 0 0
vt 0 0
vt 0 0
vt 0 0
vt 0 0
vt 0 0
vt 0 0
vt 0 0
vt 0 0
vt 0 0
vt 0 0
vt 0 0
vt 0 0
vt 0 0
vt 0 0
vt 0 0
vt 0 0
vt 0 0
vt 0 0
vt 0 0
vt 0 0
vt 0 0
vt 0 0
vt 0 0
vt 0 0
vt 0 0
vt 0 0
vt 0 0
vt 0 0
vt 0 0
vt 0 0
vt 0 0
vt 0 0
vt 0 0
vt 0 0
vt 0 0
vt 0 0
vt 0 0
vt 0 0
vt 0 0
vt 0 0
vt 0 0
vt 0 0
vt 0 0
vt 0 0
vt 0 0
vt 0 0
vt 0 0
vt 0 0
vt 0 0
vt 0 0
vt 0 0
vt 0 0
vt 0 0
vt 0 0
vt 0 0
vt 0 0
vt 0 0
vt 0 0
vt 0 0
vt 0 0
vt 0 0
vt 0 0
vt 0 0
vt 0 0
vt 0 0
vt 0 0
vt 0 0
vt 0 0
vt 0 0
vt 0 0
vt 0 0
vt 0 0
vt 0 0
vt 0 0
vt 0 0
vt 0 0
vt 0 0
vt 0 0
vt 0 0
vt 0 0
vt 0 0
vt 0 0
vt 0 0
vt 0 0
vt 0 0
vt 0 0
usemtl MB_5_official_8763
s off
f 4317/14389 4318/14390 4118/14391
f 4178/14392 4117/14393 3933/14394
f 4178/14395 3933/14396 4177/14397
f 3933/14398 3935/14399 4177/14400
f 4176/14401 4177/14402 4085/14403
f 4177/14404 3935/14405 4085/14406
f 4117/14407 4178/14408 3931/14409
f 4178/14410 4179/14411 3931/14412
f 4318/14413 4116/14414 4118/14415
f 4180/14416 3930/14417 4179/14418
f 3930/14419 3931/14420 4179/14421
f 4120/14422 4127/14423 4124/14424
f 4169/14425 4153/14426 4168/14427
f 4153/14428 4152/14429 4168/14430
f 4169/14431 4154/14432 4153/14433
f 4154/14434 4134/14435 4153/14436
f 4155/14437 4135/14438 4154/14439
f 4135/14440 4134/14441 4154/14442
f 4156/14443 4136/14444 4155/14445
f 4136/14446 4135/14447 4155/14448
f 4157/14449 4137/14450 4156/14451
f 4137/14452 4136/14453 4156/14454
f 4158/14455 4138/14456 4157/14457
f 4138/14458 4137/14459 4157/14460
f 4159/14461 4141/14462 4158/14463
f 4141/14464 4138/14465 4158/14466
f 4160/14467 4142/14468 4159/14469
f 4142/14470 4141/14471 4159/14472
f 4161/14473 4143/14474 4160/14475
f 4143/14476 4142/14477 4160/14478
f 4162/14479 4144/14480 4161/14481
f 4144/14482 4143/14483 4161/14484
f 4163/14485 4145/14486 4162/14487
f 4145/14488 4144/14489 4162/14490
f 4164/14491 4146/14492 4163/14493
f 4146/14494 4145/14495 4163/14496
f 4165/14497 4147/14498 4164/14499
f 4147/14500 4146/14501 4164/14502
f 4166/14503 4148/14504 4165/14505
f 4148/14506 4147/14507 4165/14508
f 4167/14509 4151/14510 4166/14511
f 4151/14512 4148/14513 4166/14514
f 4168/14515 4152/14516 4167/14517
f 4152/14518 4151/14519 4167/14520
f 4301/14521 4232/14522 4280/14523
f 4232/14524 4281/14525 4280/14526
f 4225/14527 4254/14528 4198/14529
f 4254/14530 4282/14531 4198/14532
f 4199/14533 4202/14534 4197/14535
f 4202/14536 4200/14537 4197/14538
f 4195/14539 4205/14540 4204/14541
f 4205/14542 4203/14543 4204/14544
f 4208/14545 4207/14546 4196/14547
f 4207/14548 4206/14549 4196/14550
f 4240/14551 4235/14552 4238/14553
f 4235/14554 4236/14555 4238/14556
f 4241/14557 4234/14558 4240/14559
f 4234/14560 4235/14561 4240/14562
f 4242/14563 4231/14564 4241/14565
f 4231/14566 4234/14567 4241/14568
f 4243/14569 4230/14570 4242/14571
f 4230/14572 4231/14573 4242/14574
f 4244/14575 4229/14576 4243/14577
f 4229/14578 4230/14579 4243/14580
f 4245/14581 4228/14582 4244/14583
f 4228/14584 4229/14585 4244/14586
f 4246/14587 4227/14588 4245/14589
f 4227/14590 4228/14591 4245/14592
f 4247/14593 4226/14594 4246/14595
f 4226/14596 4227/14597 4246/14598
f 4293/14599 4291/14600 4297/14601
f 4291/14602 4295/14603 4297/14604
f 4255/14605 4253/14606 4257/14607
f 4253/14608 4260/14609 4257/14610
f 4204/14611 4203/14612 4199/14613
f 4203/14614 4202/14615 4199/14616
f 4196/14617 4206/14618 4195/14619
f 4206/14620 4205/14621 4195/14622
f 4193/14623 4209/14624 4208/14625
f 4209/14626 4207/14627 4208/14628
f 4248/14629 4254/14630 4225/14631
f 4225/14632 4198/14633 4201/14634
f 4287/14635 4289/14636 4285/14637
f 4289/14638 4283/14639 4285/14640
f 4286/14641 4299/14642 4288/14643
f 4299/14644 4039/14645 4288/14646
f 4258/14647 4250/14648 4302/14649
f 4250/14650 4300/14651 4302/14652
f 4256/14653 4043/14654 4279/14655
f 4043/14656 4038/14657 4279/14658
f 4284/14659 4290/14660 4294/14661
f 4290/14662 4292/14663 4294/14664
f 4069/14665 4278/14666 4070/14667
f 4278/14668 4068/14669 4070/14670
f 4190/14671 4214/14672 4189/14673
f 4214/14674 4213/14675 4189/14676
f 4191/14677 4211/14678 4194/14679
f 4211/14680 4210/14681 4194/14682
f 4066/14683 4041/14684 4042/14685
f 4041/14686 4040/14687 4042/14688
f 4221/14689 4185/14690 4223/14691
f 4185/14692 3984/14693 4223/14694
f 3973/14695 4214/14696 4190/14697
f 4189/14698 4213/14699 4192/14700
f 4213/14701 4212/14702 4192/14703
f 4192/14704 4212/14705 4191/14706
f 4212/14707 4211/14708 4191/14709
f 4072/14710 4249/14711 4071/14712
f 4249/14713 4251/14714 4071/14715
f 4194/14716 4210/14717 4193/14718
f 4210/14719 4209/14720 4193/14721
f 4303/14722 4117/14723 4170/14724
f 4117/14725 3931/14726 4170/14727
f 4171/14728 4170/14729 3930/14730
f 4170/14731 3931/14732 3930/14733
f 3929/14734 4172/14735 3930/14736
f 4172/14737 4171/14738 3930/14739
f 4173/14740 4084/14741 4308/14742
f 4084/14743 4132/14744 4308/14745
f 4084/14746 4173/14747 3929/14748
f 4173/14749 4172/14750 3929/14751
f 3972/14752 4111/14753 4343/14754
f 4186/14755 4187/14756 4312/14757
f 4187/14758 4102/14759 4312/14760
f 4183/14761 4184/14762 4314/14763
f 4184/14764 4313/14765 4314/14766
f 3985/14767 4315/14768 4184/14769
f 4315/14770 4313/14771 4184/14772
f 4186/14773 4312/14774 3985/14775
f 4312/14776 4315/14777 3985/14778
f 4102/14779 4187/14780 4080/14781
f 4132/14782 4183/14783 4314/14784
f 4183/14785 4132/14786 4182/14787
f 4132/14788 4084/14789 4182/14790
f 4181/14791 3929/14792 4180/14793
f 3929/14794 3930/14795 4180/14796
f 4182/14797 4084/14798 4181/14799
f 4084/14800 3929/14801 4181/14802
f 4310/14803 4130/14804 4311/14805
f 4252/14806 4036/14807 4277/14808
f 4036/14809 4233/14810 4277/14811
f 4251/14812 4149/14813 4071/14814
f 4296/14815 4074/14816 4149/14817
f 4074/14818 4071/14819 4149/14820
f 4278/14821 4069/14822 4139/14823
f 4298/14824 4139/14825 4076/14826
f 4139/14827 4069/14828 4076/14829
f 3950/14830 4073/14831 3949/14832
f 4075/14833 3940/14834 4140/14835
f 3951/14836 4073/14837 3950/14838
f 4075/14839 3939/14840 3940/14841
f 3952/14842 4073/14843 3951/14844
f 4075/14845 3938/14846 3939/14847
f 3937/14848 4073/14849 3952/14850
f 4075/14851 3937/14852 3938/14853
f 4075/14854 4073/14855 3937/14856
f 4150/14857 4044/14858 3948/14859
f 3948/14860 4044/14861 3947/14862
f 3947/14863 4044/14864 3946/14865
f 4067/14866 3945/14867 4044/14868
f 3945/14869 4067/14870 3944/14871
f 3944/14872 4067/14873 3943/14874
f 3943/14875 4067/14876 3942/14877
f 3942/14878 4067/14879 3941/14880
f 3945/14881 3946/14882 4044/14883
f 4065/14884 4012/14885 4013/14886
f 4064/14887 4216/14888 4012/14889
f 4216/14890 4013/14891 4012/14892
f 4216/14893 4064/14894 4218/14895
f 4064/14896 4011/14897 4218/14898
f 4063/14899 4220/14900 4011/14901
f 4220/14902 4218/14903 4011/14904
f 4220/14905 4063/14906 4222/14907
f 4063/14908 4010/14909 4222/14910
f 4010/14911 4009/14912 4222/14913
f 4009/14914 4224/14915 4222/14916
f 4062/14917 4007/14918 4009/14919
f 4007/14920 4061/14921 4009/14922
f 4007/14923 4062/14924 4008/14925
f 4224/14926 4009/14927 4061/14928
f 4224/14929 4061/14930 4232/14931
f 4061/14932 4281/14933 4232/14934
f 3977/14935 4017/14936 3978/14937
f 4017/14938 4006/14939 3978/14940
f 4277/14941 4233/14942 4300/14943
f 4233/14944 4302/14945 4300/14946
f 4250/14947 4258/14948 4252/14949
f 4258/14950 4036/14951 4252/14952
f 4237/14953 3965/14954 4259/14955
f 3965/14956 3964/14957 4259/14958
f 3964/14959 3963/14960 4259/14961
f 3963/14962 3962/14963 4259/14964
f 3962/14965 3961/14966 4259/14967
f 3961/14968 3960/14969 4037/14970
f 3960/14971 3959/14972 4037/14973
f 3959/14974 3958/14975 4037/14976
f 3958/14977 3957/14978 4037/14979
f 3957/14980 4006/14981 4037/14982
f 4237/14983 3966/14984 3965/14985
f 3956/14986 4006/14987 3957/14988
f 4237/14989 3967/14990 3966/14991
f 3955/14992 4006/14993 3956/14994
f 3983/14995 4237/14996 3984/14997
f 4237/14998 4223/14999 3984/15000
f 3980/15001 3954/15002 3981/15003
f 3954/15004 3953/15005 3981/15006
f 3953/15007 3968/15008 3981/15009
f 3968/15010 3982/15011 3981/15012
f 3961/15013 4037/15014 4259/15015
f 3954/15016 3980/15017 3979/15018
f 4237/15019 3982/15020 3967/15021
f 3982/15022 3968/15023 3967/15024
f 3954/15025 3979/15026 3955/15027
f 3979/15028 4006/15029 3955/15030
f 3978/15031 4006/15032 3979/15033
f 3983/15034 3982/15035 4237/15036
f 4239/15037 4237/15038 4259/15039
f 4029/15040 4260/15041 4030/15042
f 4029/15043 4028/15044 4260/15045
f 4028/15046 4027/15047 4260/15048
f 4035/15049 4034/15050 4253/15051
f 4034/15052 4033/15053 4253/15054
f 4033/15055 4032/15056 4253/15057
f 4253/15058 4032/15059 4260/15060
f 4260/15061 4031/15062 4030/15063
f 4260/15064 4032/15065 4031/15066
f 4329/15067 4328/15068 4268/15069
f 4328/15070 4269/15071 4268/15072
f 4327/15073 4326/15074 4270/15075
f 4326/15076 4271/15077 4270/15078
f 4325/15079 4324/15080 4272/15081
f 4324/15082 4273/15083 4272/15084
f 4321/15085 4335/15086 4261/15087
f 4335/15088 4262/15089 4261/15090
f 4323/15091 4322/15092 4274/15093
f 4322/15094 4275/15095 4274/15096
f 4334/15097 4333/15098 4263/15099
f 4333/15100 4264/15101 4263/15102
f 4320/15103 4321/15104 4276/15105
f 4321/15106 4261/15107 4276/15108
f 4332/15109 4331/15110 4265/15111
f 4331/15112 4266/15113 4265/15114
f 4330/15115 4329/15116 4267/15117
f 4329/15118 4268/15119 4267/15120
f 4328/15121 4327/15122 4269/15123
f 4327/15124 4270/15125 4269/15126
f 4326/15127 4325/15128 4271/15129
f 4325/15130 4272/15131 4271/15132
f 4324/15133 4323/15134 4273/15135
f 4323/15136 4274/15137 4273/15138
f 4335/15139 4334/15140 4262/15141
f 4334/15142 4263/15143 4262/15144
f 4322/15145 4320/15146 4275/15147
f 4320/15148 4276/15149 4275/15150
f 4333/15151 4332/15152 4264/15153
f 4332/15154 4265/15155 4264/15156
f 4331/15157 4330/15158 4266/15159
f 4330/15160 4267/15161 4266/15162
f 4085/15163 4129/15164 4176/15165
f 4129/15166 4175/15167 4176/15168
f 3977/15169 3976/15170 4017/15171
f 3976/15172 4016/15173 4017/15174
f 4185/15175 4221/15176 3986/15177
f 4221/15178 4219/15179 3986/15180
f 4128/15181 4317/15182 4118/15183
f 4118/15184 4105/15185 4128/15186
f 4130/15187 4133/15188 4103/15189
f 4130/15190 4103/15191 4081/15192
f 4130/15193 4081/15194 4082/15195
f 4130/15196 4082/15197 4083/15198
f 4130/15199 4083/15200 4311/15201
f 4174/15202 4319/15203 4125/15204
f 4122/15205 4126/15206 4130/15207
f 4120/15208 4121/15209 4127/15210
f 4122/15211 3932/15212 4126/15213
f 4188/15214 4123/15215 4316/15216
f 3976/15217 3975/15218 4016/15219
f 3975/15220 4015/15221 4016/15222
f 3986/15223 4219/15224 3987/15225
f 4219/15226 4217/15227 3987/15228
f 4174/15229 4175/15230 4319/15231
f 4175/15232 4129/15233 4319/15234
f 4188/15235 4316/15236 4187/15237
f 4316/15238 4080/15239 4187/15240
f 4122/15241 4130/15242 4107/15243
f 4130/15244 4310/15245 4107/15246
f 4106/15247 4130/15248 4126/15249
f 4106/15250 4105/15251 4130/15252
f 4105/15253 4118/15254 4130/15255
f 3975/15256 3974/15257 4015/15258
f 3974/15259 4014/15260 4015/15261
f 3987/15262 4217/15263 3988/15264
f 4217/15265 4215/15266 3988/15267
f 3934/15268 3988/15269 4214/15270
f 3988/15271 4215/15272 4214/15273
f 3973/15274 4190/15275 3936/15276
f 3973/15277 3934/15278 4214/15279
f 3936/15280 4190/15281 3974/15282
f 4190/15283 4014/15284 3974/15285
f 4338/15286 4336/15287 4340/15288
f 4336/15289 4307/15290 4340/15291
f 4119/15292 4337/15293 4131/15294
f 4337/15295 4339/15296 4131/15297
f 4341/15298 4340/15299 4306/15300
f 4340/15301 4307/15302 4306/15303
f 4342/15304 4341/15305 4305/15306
f 4341/15307 4306/15308 4305/15309
f 3971/15310 3972/15311 3970/15312
f 3969/15313 3970/15314 4343/15315
f 3970/15316 3972/15317 4343/15318
f 4304/15319 3969/15320 4305/15321
f 4342/15322 4305/15323 4343/15324
f 4305/15325 3969/15326 4343/15327
f 4051/15328 4052/15329 4112/15330
f 4052/15331 4113/15332 4112/15333
f 4048/15334 4309/15335 4104/15336
f 4048/15337 4104/15338 4047/15339
f 4047/15340 4104/15341 4046/15342
f 4046/15343 4104/15344 4045/15345
f 4045/15346 4104/15347 4060/15348
f 4115/15349 4055/15350 4109/15351
f 4055/15352 4056/15353 4109/15354
f 4049/15355 4050/15356 4309/15357
f 4060/15358 4104/15359 3928/15360
f 4114/15361 4113/15362 4053/15363
f 4113/15364 4052/15365 4053/15366
f 4049/15367 4309/15368 4048/15369
f 4115/15370 4114/15371 4054/15372
f 4114/15373 4053/15374 4054/15375
f 4059/15376 4060/15377 3928/15378
f 3926/15379 4078/15380 4077/15381
f 4078/15382 4110/15383 4077/15384
f 4050/15385 4051/15386 4309/15387
f 4051/15388 4112/15389 4309/15390
f 4058/15391 4059/15392 3928/15393
f 4115/15394 4054/15395 4055/15396
f 4057/15397 4058/15398 3928/15399
f 3927/15400 3926/15401 4108/15402
f 3926/15403 4077/15404 4108/15405
f 4056/15406 4057/15407 4109/15408
f 4109/15409 4057/15410 3928/15411
f 4077/15412 4110/15413 4079/15414
f 4023/15415 4022/15416 4100/15417
f 4022/15418 4099/15419 4100/15420
f 4098/15421 4020/15422 4019/15423
f 3990/15424 4019/15425 4018/15426
f 4099/15427 4021/15428 4098/15429
f 4021/15430 4020/15431 4098/15432
f 4089/15433 4001/15434 4088/15435
f 4001/15436 4002/15437 4088/15438
f 4096/15439 3991/15440 4095/15441
f 3991/15442 3992/15443 4095/15444
f 4101/15445 4024/15446 4100/15447
f 4024/15448 4023/15449 4100/15450
f 4025/15451 4024/15452 4101/15453
f 4090/15454 4000/15455 4089/15456
f 4000/15457 4001/15458 4089/15459
f 3997/15460 3998/15461 4092/15462
f 3998/15463 4091/15464 4092/15465
f 4095/15466 3992/15467 3993/15468
f 3989/15469 4086/15470 4005/15471
f 4086/15472 4087/15473 4005/15474
f 4086/15475 3989/15476 4101/15477
f 3998/15478 3999/15479 4091/15480
f 3999/15481 4090/15482 4091/15483
f 4088/15484 4002/15485 4003/15486
f 4005/15487 4087/15488 4004/15489
f 3994/15490 4094/15491 3993/15492
f 4094/15493 4095/15494 3993/15495
f 3996/15496 4093/15497 3995/15498
f 4097/15499 3990/15500 4096/15501
f 3990/15502 3991/15503 4096/15504
f 3996/15505 3997/15506 4093/15507
f 3997/15508 4092/15509 4093/15510
f 4025/15511 4101/15512 4026/15513
f 4101/15514 3989/15515 4026/15516
f 4088/15517 4003/15518 4087/15519
f 4003/15520 4004/15521 4087/15522
f 4094/15523 3994/15524 4093/15525
f 3994/15526 3995/15527 4093/15528
f 3990/15529 4097/15530 4019/15531
f 4097/15532 4098/15533 4019/15534
f 3999/15535 4000/15536 4090/15537
f 4022/15538 4021/15539 4099/15540
o Part.7
v -25.47 42.559 -102.026
v -25.442 42.712 -102.347
v -25.396 42.974 -102.585
v -25.337 43.306 -102.702
v -25.274 43.656 -102.682
v -25.218 43.973 -102.527
v -25.176 44.207 -102.261
v -25.155 44.323 -101.924
v -25.159 44.303 -101.567
v -25.186 44.15 -101.246
v -25.233 43.888 -101.008
v -25.292 43.556 -100.891
v -25.354 43.205 -100.911
v -29.39 43.595 -99.252
v -30.048 41.497 -99.767
v -30.642 41.774 -99.823
v -30.027 43.983 -99.479
v -31.074 42.106 -100.083
v -31.501 42.448 -100.533
v -30.52 44.377 -99.997
v -30.746 44.681 -100.679
v -31.727 42.753 -101.215
v -30.384 45.519 -100.935
v -30.671 44.868 -100.657
v -30.441 45.378 -100.818
v -30.338 45.638 -101.079
v -30.062 45.552 -100.273
v -29.837 46.228 -101.289
v -29.867 46.131 -100.991
v -30.307 45.729 -101.242
v -30.291 45.786 -101.423
v -29.913 45.98 -100.718
v -29.979 45.785 -100.475
v -30.162 45.286 -100.117
v -30.589 45.046 -100.675
v -30.51 45.219 -100.73
v -28.999 45.041 -99.347
v -29.125 44.57 -99.214
v -29.257 44.082 -99.177
v -29.89 44.408 -99.438
v -30.276 44.996 -100.015
v -30.399 44.691 -99.971
v -28.618 46.587 -101.143
v -29.252 46.512 -101.191
v -28.652 46.436 -100.671
v -28.709 46.187 -100.244
v -28.789 45.863 -99.873
v -28.886 45.477 -99.569
v -29.285 46.38 -100.79
v -29.339 46.174 -100.423
v -29.415 45.907 -100.1
v -29.511 45.587 -99.83
v -29.625 45.223 -99.625
v -29.752 44.827 -99.492
v -29.824 45.124 -103.961
v -29.84 46.286 -101.599
v -30.585 45.353 -102.563
v -30.252 45.519 -103.224
v -30.367 45.234 -103.361
v -30.657 45.18 -102.639
v -30.041 45.968 -102.792
v -30.508 45.499 -102.455
v -30.139 45.764 -103.03
v -30.438 45.623 -102.318
v -29.96 46.124 -102.52
v -29.899 46.231 -102.225
v -29.858 46.285 -101.915
v -30.38 45.719 -102.159
v -30.336 45.786 -101.984
v -30.29 45.823 -101.609
v -30.306 45.82 -101.799
v -28.727 46.369 -103.071
v -28.664 46.561 -102.614
v -28.623 46.667 -102.128
v -28.609 46.68 -101.63
v -29.161 44.878 -104.29
v -29.034 45.338 -104.113
v -28.915 45.747 -103.835
v -28.811 46.094 -103.483
v -29.693 45.514 -103.781
v -29.569 45.853 -103.523
v -29.462 46.135 -103.207
v -29.248 46.588 -101.606
v -29.266 46.583 -102.031
v -29.308 46.505 -102.447
v -29.375 46.354 -102.844
v -29.646 44.202 -101.797
v -29.784 43.426 -101.332
v -29.743 43.66 -101.066
v -29.686 43.977 -100.911
v -29.624 44.328 -100.891
v -29.565 44.66 -101.008
v -29.518 44.922 -101.246
v -29.491 45.075 -101.567
v -29.487 45.094 -101.924
v -29.508 44.979 -102.261
v -29.55 44.744 -102.527
v -29.606 44.428 -102.682
v -29.668 44.077 -102.702
v -29.727 43.745 -102.585
v -29.774 43.483 -102.347
v -29.801 43.33 -102.026
v -29.805 43.311 -101.669
v -31.615 43.298 -103.161
v -31.364 43.339 -103.769
v -30.854 43.243 -104.357
v -30.313 43.055 -104.673
v -29.791 42.85 -104.885
v -32.542 41.173 -101.658
v -32.587 41.419 -103.671
v -32.062 42.462 -103.389
v -32.881 40.441 -101.818
v -31.459 40.419 -100.231
v -31.924 40.656 -100.511
v -32.177 40.036 -100.632
v -32.343 40.951 -101.027
v -32.641 40.275 -101.162
v -31.066 40.273 -100.125
v -31.938 41.726 -100.792
v -31.513 41.387 -100.28
v -31.09 41.134 -100.08
v -32.141 41.982 -101.436
v -30.621 40.886 -99.948
v -28.491 43.844 -99.153
v -28.612 43.202 -99.267
v -28.99 42.663 -99.421
v -29.532 42.007 -99.614
v -28.393 44.56 -104.382
v -28.28 45.03 -104.218
v -28.197 45.498 -103.951
v -28.127 45.89 -103.605
v -28.031 46.429 -102.743
v -28.071 46.205 -103.188
v -28.002 46.589 -101.648
v -28.006 46.569 -102.165
v -28.016 46.509 -101.136
v -28.048 46.333 -100.65
v -28.095 46.068 -100.208
v -28.229 45.315 -99.515
v -28.152 45.748 -99.85
v -28.319 44.809 -99.281
v -28.4 44.355 -99.175
v -28.748 43.976 -104.55
v -29.299 43.337 -104.738
v -32.288 41.608 -104.217
v -31.352 42.468 -104.548
v -30.444 42.173 -105.087
v -30.804 42.307 -104.925
v -30.99 41.212 -105.356
v -31.927 41.547 -104.75
v -31.354 41.356 -105.183
v -31.789 42.522 -104.018
v -31.26 39.704 -100.261
v -32.74 39.735 -101.054
v -33.304 38.766 -101.213
v -33.104 39.656 -101.696
v -31.31 39.424 -100.265
v -31.789 39.548 -100.393
v -32.135 39.633 -100.518
v -31.657 39.857 -100.339
v -32.819 39.015 -100.654
v -29.65 41.425 -99.849
v -30.337 40.191 -100.298
v -30.036 40.804 -100.085
v -28.809 42.06 -100.297
v -28.898 41.559 -100.869
v -28.995 41.471 -100.466
v -29.003 40.967 -101.443
v -29.715 40.178 -100.667
v -29.509 40.794 -100.404
v -29.135 40.865 -100.928
v -29.266 40.264 -101.297
v -29.396 39.598 -101.527
v -29.211 39.8 -101.869
v -29.101 40.418 -101.737
v -29.26 41.421 -100.093
v -28.869 42 -100.043
v -28.722 42.657 -99.59
v -28.787 42.645 -99.5
v -29.033 41.969 -99.813
v -28.699 42.679 -99.689
v -28.881 42.646 -99.441
v -29.274 41.973 -99.661
v -29.627 40.771 -104.79
v -29.373 41.739 -104.633
v -29.051 42.593 -104.574
v -29.418 42.722 -104.818
v -30.315 40.989 -105.277
v -29.222 40.455 -104.133
v -28.648 43.953 -104.532
v -28.816 42.477 -104.321
v -28.669 43.122 -104.356
v -29.042 43.275 -104.692
v -28.815 43.194 -104.54
v -28.502 43.888 -104.382
v -28.749 42.425 -104.177
v -28.622 43.11 -104.237
v -28.486 43.871 -104.302
v -28.559 43.922 -104.472
v -29.016 41.579 -104.263
v -29.147 40.159 -103.923
v -28.911 41.487 -104.074
v -29.89 41.971 -105.024
v -31.051 40.87 -105.42
v -31.542 41.036 -105.234
v -31.201 40.035 -105.32
v -31.134 40.411 -105.41
v -31.265 39.675 -105.155
v -32.591 40.931 -104.125
v -32.54 41.099 -104.19
v -32.397 41.418 -104.233
v -32.061 41.311 -104.779
v -31.884 40.054 -104.983
v -32.408 40.549 -104.579
v -31.682 40.704 -105.213
v -32.319 40.79 -104.7
v -31.794 40.377 -105.134
v -32.47 41.258 -104.23
v -32.209 41.035 -104.761
v -32.904 40.598 -103.191
v -33.522 38.411 -101.872
v -31.375 39.06 -100.149
v -32.141 39.118 -100.28
v -30.635 38.849 -100.28
v -30.035 38.519 -100.654
v -29.665 38.118 -101.213
v -29.584 37.709 -101.872
v -29.366 38.931 -101.78
v -29.852 39.543 -100.851
v -30.496 39.595 -100.441
v -30.555 39.264 -100.443
v -29.529 38.926 -101.529
v -29.932 39.094 -100.853
v -29.326 40.183 -104.198
v -29.701 40.328 -104.823
v -29.336 39.966 -104.094
v -29.759 40.01 -104.767
v -29.821 39.718 -104.653
v -30.456 39.889 -105.191
v -30.503 39.591 -105.068
v -30.43 40.195 -105.288
v -30.384 40.679 -105.323
v -32.05 39.428 -104.67
v -31.367 39.104 -104.815
v -32.298 38.209 -103.956
v -33.263 39.329 -102.429
v -33.179 38.972 -103.063
v -32.855 38.565 -103.599
v -32.84 40.293 -103.762
v -32.611 39.897 -104.254
v -31.575 37.937 -104.115
v -31.731 37.061 -103.596
v -32.47 37.271 -103.465
v -33.44 38.002 -102.531
v -33.071 37.602 -103.091
v -31.015 41.08 -103.679
v -31.353 41.688 -102.764
v -31.743 41.629 -102.979
v -32.021 41.486 -103.3
v -32.147 41.282 -103.679
v -32.099 41.046 -104.058
v -31.887 40.816 -104.38
v -31.542 40.627 -104.594
v -31.117 40.505 -104.67
v -30.676 40.472 -104.594
v -30.287 40.531 -104.38
v -30.008 40.674 -104.058
v -29.883 40.878 -103.679
v -29.93 41.114 -103.3
v -30.142 41.344 -102.979
v -30.487 41.534 -102.764
v -30.912 41.655 -102.688
v -31.789 36.735 -99.745
v -31.363 36.614 -99.82
v -31.018 36.424 -100.035
v -30.806 36.194 -100.356
v -30.759 35.958 -100.735
v -30.885 35.754 -101.115
v -31.163 35.611 -101.436
v -31.552 35.552 -101.65
v -31.993 35.585 -101.726
v -32.419 35.707 -101.65
v -32.764 35.896 -101.436
v -32.976 36.126 -101.115
v -33.023 36.362 -100.735
v -32.897 36.566 -100.356
v -32.619 36.709 -100.035
v -32.23 36.768 -99.82
v -31.713 37.159 -99.012
v -30.973 36.949 -99.143
v -30.373 36.619 -99.517
v -30.004 36.218 -100.076
v -29.922 35.809 -100.735
v -30.14 35.454 -101.395
v -30.625 35.206 -101.954
v -31.302 35.102 -102.328
v -32.069 35.161 -102.459
v -32.809 35.371 -102.328
v -33.409 35.701 -101.954
v -33.778 36.102 -101.395
v -33.86 36.511 -100.735
v -33.642 36.866 -100.076
v -33.157 37.114 -99.517
v -32.48 37.218 -99.143
v -29.801 37.354 -102.531
v -30.286 37.106 -103.091
v -30.964 37.003 -103.465
v -29.264 39.501 -103.526
v -29.438 39.396 -103.753
v -29.923 39.148 -104.312
v -29.473 38.329 -102.823
v -30.6 39.044 -104.686
v -30.131 37.975 -103.611
v -29.646 38.223 -103.052
v -30.809 37.872 -103.985
v -28.18 45.593 -102.754
v -28.137 45.832 -102.06
v -28.144 45.792 -101.324
v -28.2 45.476 -100.66
v -28.297 44.935 -100.171
v -28.419 44.251 -99.927
v -28.548 43.527 -99.969
v -28.664 42.873 -100.289
v -28.75 42.391 -100.839
v -28.792 42.152 -101.534
v -28.785 42.192 -102.269
v -28.729 42.508 -102.933
v -28.633 43.049 -103.423
v -28.511 43.733 -103.666
v -28.382 44.457 -103.624
v -28.265 45.111 -103.304
v -27.195 45.417 -102.754
v -27.152 45.657 -102.06
v -27.16 45.616 -101.324
v -27.216 45.301 -100.66
v -27.312 44.76 -100.171
v -27.434 44.076 -99.927
v -27.563 43.351 -99.969
v -27.679 42.698 -100.289
v -27.808 41.976 -101.534
v -27.801 42.017 -102.269
v -27.744 42.333 -102.933
v -27.648 42.873 -103.423
v -27.526 43.558 -103.666
v -27.397 44.282 -103.624
v -27.281 44.935 -103.304
v -30.702 44.931 -101.659
v -27.299 44.836 -100.038
v -26.731 44.728 -100.051
v -25.647 44.416 -100.248
v -25.181 44.178 -100.508
v -27.194 45.422 -100.568
v -26.627 45.308 -100.577
v -25.555 44.932 -100.715
v -25.105 44.608 -100.897
v -27.134 45.763 -101.286
v -26.567 45.647 -101.289
v -25.501 45.232 -101.346
v -25.06 44.857 -101.422
v -27.126 45.807 -102.081
v -26.559 45.691 -102.079
v -25.494 45.27 -102.046
v -25.055 44.889 -102.005
v -27.172 45.549 -102.833
v -26.605 45.434 -102.825
v -25.535 45.043 -102.709
v -25.088 44.7 -102.556
v -27.265 45.026 -103.427
v -26.697 44.916 -103.414
v -25.617 44.583 -103.232
v -25.156 44.317 -102.992
v -27.39 44.32 -103.774
v -26.822 44.215 -103.759
v -25.728 43.962 -103.537
v -25.249 43.8 -103.245
v -27.53 43.537 -103.818
v -26.961 43.437 -103.803
v -25.85 43.273 -103.576
v -25.351 43.226 -103.278
v -27.662 42.796 -103.556
v -27.091 42.703 -103.542
v -25.966 42.621 -103.345
v -25.447 42.683 -103.086
v -27.766 42.212 -103.025
v -27.195 42.123 -103.016
v -26.058 42.106 -102.878
v -25.524 42.254 -102.697
v -27.827 41.87 -102.308
v -27.255 41.784 -102.304
v -26.112 41.805 -102.247
v -25.568 42.005 -102.171
v -27.835 41.827 -101.512
v -27.263 41.74 -101.514
v -26.118 41.767 -101.547
v -25.574 41.972 -101.589
v -27.696 42.607 -100.166
v -27.125 42.515 -100.179
v -25.996 42.454 -100.361
v -25.472 42.544 -100.602
v -27.57 43.313 -99.82
v -27 43.216 -99.835
v -25.885 43.075 -100.056
v -25.38 43.062 -100.348
v -27.43 44.097 -99.775
v -26.862 43.993 -99.79
v -25.763 43.764 -100.017
v -25.278 43.635 -100.315
v -26.172 44.601 -100.096
v -26.072 45.166 -100.609
v -26.013 45.496 -101.303
v -26.005 45.539 -102.071
v -26.05 45.29 -102.798
v -26.14 44.784 -103.372
v -26.261 44.102 -103.708
v -26.396 43.345 -103.75
v -26.524 42.629 -103.497
v -26.624 42.064 -102.984
v -26.683 41.733 -102.291
v -26.691 41.691 -101.522
v -26.556 42.446 -100.221
v -26.435 43.128 -99.886
v -26.3 43.885 -99.843
v -25.473 42.539 -101.669
v -27.448 42.891 -101.669
v -27.578 42.922 -101.644
v -27.685 42.967 -101.571
v -27.753 43.019 -101.461
v -27.772 43.068 -101.332
v -27.729 43.153 -101.23
v -27.641 43.215 -101.143
v -27.521 43.246 -101.086
v -27.386 43.241 -101.066
v -25.411 42.889 -101.066
v -25.561 42.046 -101.374
v -26.099 41.879 -101.222
v -26.667 41.825 -101.132
v -27.238 41.881 -101.105
v -27.617 41.939 -101.1
v -27.748 41.968 -101.073
v -27.805 41.991 -101.033
v -27.782 42.122 -101.111
v -27.832 42.143 -101.077
v -27.9 42.194 -100.967
v -27.919 42.243 -100.839
v -27.876 42.328 -100.737
v -27.788 42.391 -100.65
v -27.732 42.405 -100.623
v -27.755 42.274 -100.545
v -27.691 42.291 -100.515
v -27.555 42.289 -100.497
v -27.175 42.231 -100.502
v -26.604 42.175 -100.529
v -26.036 42.228 -100.618
v -25.499 42.396 -100.771
v -29.533 37.995 -101.379
v -29.877 36.059 -100.305
v -29.966 35.56 -101.166
v -29.628 37.46 -102.303
v -29.428 38.581 -102.393
v -29.301 39.298 -102.823
v -31.187 43.065 -100.362
v -30.242 42.356 -99.64
v -30.75 42.689 -99.896
v -31.418 43.362 -101.046
v -31.334 43.851 -103.008
v -31.071 43.897 -103.649
v -30.547 43.804 -104.239
v -29.963 43.608 -104.556
v -30.976 44.393 -101.819
v -30.186 44.463 -104.101
v -30.999 44.183 -100.818
v -30.707 44.588 -103.501
v -30.953 44.598 -102.801
v -29.55 44.262 -104.42
v -30.811 43.806 -100.156
v -29.795 43.006 -99.436
v -30.998 44.185 -100.817
v -30.369 43.371 -99.676
v -28.002 46.589 -101.648
v -28.006 46.569 -102.165
v -28.622 43.11 -104.237
v -28.486 43.871 -104.302
v -29.801 43.33 -102.026
v -29.774 43.483 -102.347
v -29.727 43.745 -102.585
v -29.668 44.077 -102.702
v -29.606 44.428 -102.682
v -29.55 44.744 -102.527
v -27.772 43.068 -101.332
v -27.729 43.153 -101.23
v -29.565 44.66 -101.008
v -29.624 44.328 -100.891
v -29.518 44.922 -101.246
v -29.686 43.977 -100.911
v -29.743 43.66 -101.066
v -29.491 45.075 -101.567
v -29.487 45.094 -101.924
v -29.508 44.979 -102.261
v -29.805 43.311 -101.669
v -28.016 46.509 -101.136
v -28.048 46.333 -100.65
v -28.911 41.487 -104.074
v -28.749 42.425 -104.177
v -28.031 46.429 -102.743
v -28.071 46.205 -103.188
v -28.127 45.89 -103.605
v -28.197 45.498 -103.951
v -28.898 41.559 -100.869
v -29.003 40.967 -101.443
v -28.809 42.06 -100.297
v -25.218 43.973 -102.527
v -25.176 44.207 -102.261
v -28.699 42.679 -99.689
v -28.612 43.202 -99.267
v -29.784 43.426 -101.332
v -25.155 44.323 -101.924
v -25.159 44.303 -101.567
v -25.186 44.15 -101.246
v -28.152 45.748 -99.85
v -28.095 46.068 -100.208
v -25.292 43.556 -100.891
v -25.354 43.205 -100.911
v -25.233 43.888 -101.008
v -28.28 45.03 -104.218
v -28.491 43.844 -99.153
v -29.883 40.878 -103.679
v -29.93 41.114 -103.3
v -31.353 41.688 -102.764
v -31.743 41.629 -102.979
v -25.337 43.306 -102.702
v -25.274 43.656 -102.682
v -32.099 41.046 -104.058
v -31.887 40.816 -104.38
v -31.542 40.627 -104.594
v -28.229 45.315 -99.515
v -25.442 42.712 -102.347
v -25.396 42.974 -102.585
v -30.676 40.472 -104.594
v -30.287 40.531 -104.38
v -32.021 41.486 -103.3
v -25.47 42.559 -102.026
v -29.211 39.8 -101.869
v -29.101 40.418 -101.737
v -28.393 44.56 -104.382
v -28.4 44.355 -99.175
v -28.319 44.809 -99.281
v -30.142 41.344 -102.979
v -30.487 41.534 -102.764
v -31.117 40.505 -104.67
v -30.008 40.674 -104.058
v -32.147 41.282 -103.679
v -30.912 41.655 -102.688
v -31.363 36.614 -99.82
v -31.789 36.735 -99.745
v -31.018 36.424 -100.035
v -30.806 36.194 -100.356
v -30.759 35.958 -100.735
v -30.885 35.754 -101.115
v -31.163 35.611 -101.436
v -31.552 35.552 -101.65
v -31.993 35.585 -101.726
v -32.419 35.707 -101.65
v -32.764 35.896 -101.436
v -32.976 36.126 -101.115
v -33.023 36.362 -100.735
v -32.897 36.566 -100.356
v -32.619 36.709 -100.035
v -32.23 36.768 -99.82
v -30.973 36.949 -99.143
v -31.713 37.159 -99.012
v -30.373 36.619 -99.517
v -30.004 36.218 -100.076
v -29.877 36.059 -100.305
v -29.877 36.059 -100.305
v -29.966 35.56 -101.166
v -29.966 35.56 -101.166
v -29.922 35.809 -100.735
v -30.625 35.206 -101.954
v -30.14 35.454 -101.395
v -31.302 35.102 -102.328
v -32.069 35.161 -102.459
v -32.809 35.371 -102.328
v -33.409 35.701 -101.954
v -33.778 36.102 -101.395
v -33.86 36.511 -100.735
v -33.642 36.866 -100.076
v -33.157 37.114 -99.517
v -32.48 37.218 -99.143
v -29.366 38.931 -101.78
v -29.147 40.159 -103.923
v -29.264 39.501 -103.526
v -29.473 38.329 -102.823
v -28.137 45.832 -102.06
v -28.18 45.593 -102.754
v -28.144 45.792 -101.324
v -28.2 45.476 -100.66
v -28.297 44.935 -100.171
v -28.419 44.251 -99.927
v -28.548 43.527 -99.969
v -28.664 42.873 -100.289
v -28.75 42.391 -100.839
v -28.792 42.152 -101.534
v -28.785 42.192 -102.269
v -28.729 42.508 -102.933
v -28.633 43.049 -103.423
v -28.511 43.733 -103.666
v -28.382 44.457 -103.624
v -28.265 45.111 -103.304
v -27.195 45.417 -102.754
v -27.281 44.935 -103.304
v -27.397 44.282 -103.624
v -27.526 43.558 -103.666
v -27.648 42.873 -103.423
v -27.744 42.333 -102.933
v -27.801 42.017 -102.269
v -27.808 41.976 -101.534
v -27.679 42.698 -100.289
v -27.563 43.351 -99.969
v -27.434 44.076 -99.927
v -27.312 44.76 -100.171
v -27.216 45.301 -100.66
v -27.16 45.616 -101.324
v -27.152 45.657 -102.06
v -25.181 44.178 -100.508
v -25.105 44.608 -100.897
v -27.299 44.836 -100.038
v -27.194 45.422 -100.568
v -25.06 44.857 -101.422
v -27.134 45.763 -101.286
v -25.055 44.889 -102.005
v -27.126 45.807 -102.081
v -25.088 44.7 -102.556
v -27.172 45.549 -102.833
v -25.156 44.317 -102.992
v -27.265 45.026 -103.427
v -25.249 43.8 -103.245
v -27.39 44.32 -103.774
v -25.351 43.226 -103.278
v -27.53 43.537 -103.818
v -25.447 42.683 -103.086
v -27.662 42.796 -103.556
v -25.524 42.254 -102.697
v -27.766 42.212 -103.025
v -25.568 42.005 -102.171
v -27.827 41.87 -102.308
v -25.574 41.972 -101.589
v -27.835 41.827 -101.512
v -25.411 42.889 -101.066
v -25.411 42.889 -101.066
v -25.473 42.539 -101.669
v -25.473 42.539 -101.669
v -25.472 42.544 -100.602
v -25.38 43.062 -100.348
v -27.696 42.607 -100.166
v -27.57 43.313 -99.82
v -25.278 43.635 -100.315
v -27.43 44.097 -99.775
v -27.805 41.991 -101.033
v -27.805 41.991 -101.033
v -27.782 42.122 -101.111
v -27.782 42.122 -101.111
v -27.755 42.274 -100.545
v -27.755 42.274 -100.545
v -27.732 42.405 -100.623
v -27.732 42.405 -100.623
v -27.919 42.243 -100.839
v -27.876 42.328 -100.737
v -27.521 43.246 -101.086
v -27.386 43.241 -101.066
v -25.561 42.046 -101.374
v -25.561 42.046 -101.374
v -27.448 42.891 -101.669
v -27.578 42.922 -101.644
v -27.685 42.967 -101.571
v -27.753 43.019 -101.461
v -27.641 43.215 -101.143
v -26.099 41.879 -101.222
v -26.667 41.825 -101.132
v -27.238 41.881 -101.105
v -27.617 41.939 -101.1
v -27.748 41.968 -101.073
v -27.832 42.143 -101.077
v -27.9 42.194 -100.967
v -27.788 42.391 -100.65
v -27.691 42.291 -100.515
v -27.555 42.289 -100.497
v -27.175 42.231 -100.502
v -26.604 42.175 -100.529
v -26.036 42.228 -100.618
v -25.499 42.396 -100.771
v -25.499 42.396 -100.771
v -29.533 37.995 -101.379
v -29.628 37.46 -102.303
usemtl MB_5
s off
f 4362 4462 4361
f 4462 4463 4361
f 4862 4390 4878
f 4390 4391 4878
f 4359 4361 4464
f 4361 4463 4464
f 4382 4357 4868
f 4357 4857 4868
f 4452 4459 4465
f 4459 4462 4465
f 4381 4382 4888
f 4382 4868 4888
f 4422 4849 4421
f 4849 4850 4421
f 4419 4420 4887
f 4420 4867 4887
f 4401 4400 4406
f 4400 4405 4406
f 4418 4822 4417
f 4822 4823 4417
f 4848 4849 4415
f 4849 4422 4415
f 4404 4406 4407
f 4406 4405 4407
f 4838 4858 4430
f 4834 4835 4430
f 4835 4837 4430
f 4842 4445 4430
f 4836 4834 4430
f 4445 4444 4430
f 4880 4873 4828
f 4873 4829 4828
f 4884 4879 4826
f 4879 4827 4826
f 4874 4854 4830
f 4854 4831 4830
f 4970 4972 4964
f 4972 4965 4964
f 4957 4986 4958
f 4986 4988 4958
f 4443 4442 4430
f 4442 4441 4430
f 4837 4838 4430
f 4840 4839 4430
f 4440 4841 4430
f 4839 4836 4430
f 4842 4430 4858
f 4441 4440 4430
f 4444 4443 4430
f 4841 4840 4430
f 4963 4962 4969
f 4962 5000 4969
f 4668 4683 5025
f 4861 4866 4436
f 4866 4435 4436
f 4873 4874 4829
f 4874 4830 4829
f 4962 4961 5000
f 4961 4998 5000
f 4961 4960 4998
f 4960 4997 4998
f 4866 4864 4435
f 4864 4434 4435
f 4667 5026 5009
f 4978 4980 4953
f 4980 4954 4953
f 4746 4995 4356
f 4995 4991 4356
f 4982 4984 4955
f 4984 4956 4955
f 4969 4970 4963
f 4970 4964 4963
f 4879 4880 4827
f 4880 4828 4827
f 4972 4974 4965
f 4974 4966 4965
f 4855 4859 4439
f 4859 4438 4439
f 4980 4982 4954
f 4982 4955 4954
f 4860 4861 4437
f 4861 4436 4437
f 4976 4978 4952
f 4978 4953 4952
f 4344 4993 4734
f 4993 4989 4734
f 4854 4855 4831
f 4855 4439 4831
f 4859 4860 4438
f 4860 4437 4438
f 4956 4984 4957
f 4984 4986 4957
f 4974 4976 4966
f 4976 4952 4966
f 4864 4865 4434
f 4865 4433 4434
f 5025 5026 4668
f 4958 4988 4959
f 4988 4990 4959
f 4499 4497 4455
f 4497 4460 4455
f 4843 4386 4844
f 4386 4388 4844
f 4453 4563 4452
f 4563 4455 4452
f 4460 4459 4455
f 4459 4452 4455
f 4413 4399 4414
f 4399 4410 4414
f 4495 4489 4488
f 4489 4493 4488
f 4456 4457 4503
f 4457 4458 4503
f 4503 4458 4501
f 4458 4502 4501
f 4456 4464 4457
f 4464 4463 4457
f 4525 4522 4857
f 4454 4465 4447
f 4465 4365 4447
f 4414 4410 4412
f 4410 4409 4412
f 4378 4367 4384
f 4367 4385 4384
f 4538 4535 4542
f 4535 4537 4542
f 4555 4493 4548
f 4493 4494 4548
f 4448 4447 4809
f 4447 4808 4809
f 4417 4823 4416
f 4823 4847 4416
f 4822 4418 4843
f 4418 4386 4843
f 4416 4847 4415
f 4847 4848 4415
f 4388 4389 4844
f 4389 4863 4844
f 4390 4394 4391
f 4394 4395 4391
f 4395 4396 4391
f 4396 4380 4391
f 4390 4862 4389
f 4862 4863 4389
f 4420 4419 4423
f 4419 4398 4423
f 4547 4548 4492
f 4548 4494 4492
f 4646 4931 4504
f 4931 4566 4504
f 4504 4497 4498
f 4497 4499 4498
f 4507 4506 4513
f 4506 4512 4513
f 4519 4523 4505
f 4523 4526 4505
f 4920 4918 4570
f 4918 5036 4570
f 4520 4523 4510
f 4523 4519 4510
f 4856 4857 4521
f 4523 4522 4526
f 4522 4525 4526
f 4515 4514 4512
f 4514 4513 4512
f 4852 4851 4514
f 4851 4510 4514
f 4516 4885 4515
f 4885 4886 4515
f 4575 4932 4516
f 4932 4885 4516
f 4542 4533 4887
f 4486 4533 4487
f 4533 4536 4487
f 4530 4529 4546
f 4529 4528 4546
f 4531 4546 4527
f 4546 4528 4527
f 4529 4534 4528
f 4534 4543 4528
f 4542 4887 4538
f 4451 4487 4530
f 4487 4536 4530
f 4527 4528 4532
f 4528 4543 4532
f 4536 4537 4530
f 4537 4529 4530
f 4534 4535 4846
f 4535 4824 4846
f 4560 4549 4556
f 4549 4551 4556
f 4488 4493 4554
f 4493 4555 4554
f 4454 4453 4465
f 4453 4452 4465
f 4587 4586 4551
f 4586 4556 4551
f 4506 4507 4461
f 4507 4466 4461
f 4576 4574 4568
f 4574 4567 4568
f 4912 4914 4567
f 4914 4568 4567
f 4451 4450 4487
f 4450 4811 4487
f 4506 4573 4512
f 4573 4572 4512
f 4857 4522 4521
f 4516 4515 4572
f 4515 4512 4572
f 4513 4519 4507
f 4519 4505 4507
f 4519 4513 4510
f 4513 4514 4510
f 4537 4536 4542
f 4536 4533 4542
f 4537 4535 4529
f 4535 4534 4529
f 4489 4449 4491
f 4449 4450 4491
f 4454 4447 4495
f 4447 4448 4495
f 4370 4368 4377
f 4368 4379 4377
f 4379 4378 4377
f 4378 4384 4377
f 4557 4559 4556
f 4559 4560 4556
f 4907 4906 4875
f 4906 4876 4875
f 4900 4899 4869
f 4899 4870 4869
f 4908 4907 4894
f 4907 4875 4894
f 4901 4900 4893
f 4900 4869 4893
f 4899 4898 4870
f 4898 4890 4870
f 4897 4911 4895
f 4911 4871 4895
f 4910 4909 4872
f 4909 4883 4872
f 4898 4896 4890
f 4896 4891 4890
f 4905 4904 4877
f 4904 4892 4877
f 4906 4905 4876
f 4905 4877 4876
f 4903 4902 4881
f 4902 4882 4881
f 4902 4901 4882
f 4901 4893 4882
f 4911 4910 4871
f 4910 4872 4871
f 4904 4903 4892
f 4903 4881 4892
f 4896 4897 4891
f 4897 4895 4891
f 4909 4908 4883
f 4908 4894 4883
f 4889 4380 4888
f 4380 4381 4888
f 4878 4391 4889
f 4391 4380 4889
f 4850 4867 4421
f 4867 4420 4421
f 4607 4608 4599
f 4604 4605 4599
f 4601 4602 4599
f 4612 4613 4599
f 4602 4603 4599
f 4605 4606 4599
f 4610 4611 4599
f 4614 4615 4599
f 4606 4607 4599
f 4600 4601 4599
f 4608 4609 4599
f 4613 4614 4599
f 4603 4604 4599
f 4611 4612 4599
f 4609 4610 4599
f 4615 4600 4599
f 4361 4806 4362
f 4806 4804 4362
f 4522 4523 4521
f 4523 4520 4521
f 4857 4469 4525
f 4526 4525 4470
f 4525 4469 4470
f 4624 4625 4924
f 4625 4641 4924
f 4622 4623 4638
f 4623 4923 4638
f 4616 4617 4913
f 4617 4633 4913
f 4627 4628 4927
f 4628 4928 4927
f 4927 4926 4627
f 4926 4626 4627
f 4647 4631 4913
f 4631 4616 4913
f 4620 4800 4636
f 4619 4620 4915
f 4620 4916 4915
f 4922 4921 4648
f 4921 4649 4648
f 4645 4928 4629
f 4928 4628 4629
f 4915 4634 4619
f 4634 4618 4619
f 4930 4645 4630
f 4645 4629 4630
f 4647 4930 4631
f 4930 4630 4631
f 4923 4623 4924
f 4623 4624 4924
f 4926 4641 4626
f 4641 4625 4626
f 4634 4633 4618
f 4633 4617 4618
f 4622 4638 4621
f 4638 4637 4621
f 4921 4639 4649
f 4639 4650 4649
f 4520 4510 4853
f 4510 4851 4853
f 4856 4521 4853
f 4521 4520 4853
f 4635 4799 4569
f 4799 4798 4569
f 4496 4573 4461
f 4573 4506 4461
f 4914 4635 4568
f 4635 4569 4568
f 4514 4515 4852
f 4515 4886 4852
f 4573 4496 4574
f 4496 4500 4574
f 4574 4500 4567
f 4500 4565 4567
f 4575 4576 4569
f 4576 4568 4569
f 4569 4798 4575
f 4798 4932 4575
f 4516 4572 4575
f 4572 4576 4575
f 4572 4573 4576
f 4573 4574 4576
f 4499 4589 4498
f 4589 4564 4498
f 4644 4929 4564
f 4929 4498 4564
f 4929 4646 4498
f 4646 4504 4498
f 4463 4462 4457
f 4462 4459 4457
f 4457 4459 4458
f 4459 4460 4458
f 4365 4465 4362
f 4465 4462 4362
f 4497 4502 4460
f 4502 4458 4460
f 4502 4497 4566
f 4497 4504 4566
f 4359 4464 4358
f 4464 4466 4358
f 4496 4461 4503
f 4461 4456 4503
f 4500 4496 4501
f 4496 4503 4501
f 4461 4466 4456
f 4466 4464 4456
f 4466 4507 4358
f 4507 4505 4358
f 4526 4470 4505
f 4470 4358 4505
f 4566 4501 4502
f 4500 4501 4565
f 4501 4566 4565
f 4448 4449 4495
f 4449 4489 4495
f 4374 4373 4371
f 4373 4372 4371
f 4364 4363 4367
f 4363 4385 4367
f 4375 4393 4372
f 4393 4392 4372
f 4425 4424 4404
f 4424 4406 4404
f 4362 4804 4365
f 4804 4807 4365
f 4632 4912 4565
f 4912 4567 4565
f 4931 4632 4566
f 4632 4565 4566
f 4527 4585 4531
f 4585 4547 4531
f 4547 4492 4531
f 4640 4925 4595
f 4925 4596 4595
f 4595 4596 4594
f 4596 4588 4594
f 4587 4594 4586
f 4594 4588 4586
f 4589 4499 4563
f 4499 4455 4563
f 4639 4640 4650
f 4640 4595 4650
f 4374 4371 4413
f 4371 4399 4413
f 4560 4558 4549
f 4558 4550 4549
f 4412 4409 4411
f 4409 4408 4411
f 4598 4591 4596
f 4591 4588 4596
f 4376 4375 4366
f 4375 4369 4366
f 4590 4589 4592
f 4589 4563 4592
f 4586 4588 4593
f 4588 4591 4593
f 4553 4559 4552
f 4559 4557 4552
f 4561 4554 4562
f 4554 4555 4562
f 4553 4561 4559
f 4561 4562 4559
f 4562 4555 4558
f 4555 4548 4558
f 4557 4593 4552
f 4593 4592 4552
f 4559 4562 4560
f 4562 4558 4560
f 4556 4586 4557
f 4586 4593 4557
f 4376 4366 4370
f 4366 4368 4370
f 4597 4590 4598
f 4590 4591 4598
f 4593 4591 4592
f 4591 4590 4592
f 4369 4375 4373
f 4375 4372 4373
f 4408 4404 4411
f 4404 4407 4411
f 4643 4644 4597
f 4644 4564 4597
f 4590 4597 4589
f 4597 4564 4589
f 4925 4642 4596
f 4642 4598 4596
f 4642 4643 4598
f 4643 4597 4598
f 4548 4547 4558
f 4547 4550 4558
f 4887 4533 4486
f 4825 4538 4887
f 4402 4403 4401
f 4403 4400 4401
f 4402 4398 4815
f 4398 4813 4815
f 4396 4377 4397
f 4377 4384 4397
f 4415 4422 4429
f 4422 4425 4429
f 4428 4416 4429
f 4416 4415 4429
f 4387 4392 4386
f 4392 4388 4386
f 4426 4418 4427
f 4418 4417 4427
f 4397 4383 4381
f 4383 4382 4381
f 4396 4395 4377
f 4395 4370 4377
f 4360 4383 4363
f 4383 4385 4363
f 4383 4397 4385
f 4397 4384 4385
f 4388 4392 4389
f 4392 4393 4389
f 4387 4386 4426
f 4386 4418 4426
f 4387 4426 4371
f 4426 4399 4371
f 4372 4392 4371
f 4392 4387 4371
f 4394 4376 4395
f 4376 4370 4395
f 4410 4427 4409
f 4427 4428 4409
f 4399 4426 4410
f 4426 4427 4410
f 4424 4421 4423
f 4421 4420 4423
f 4422 4421 4425
f 4421 4424 4425
f 4408 4429 4404
f 4429 4425 4404
f 4380 4396 4381
f 4396 4397 4381
f 4423 4398 4401
f 4398 4402 4401
f 4424 4423 4406
f 4423 4401 4406
f 4409 4428 4408
f 4428 4429 4408
f 4376 4394 4375
f 4394 4393 4375
f 4427 4417 4428
f 4417 4416 4428
f 4393 4394 4389
f 4394 4390 4389
f 4360 4357 4383
f 4357 4382 4383
f 4361 4359 4806
f 4359 4805 4806
f 4358 4470 4359
f 4470 4805 4359
f 4489 4491 4493
f 4491 4494 4493
f 4470 4469 4805
f 4469 4819 4805
f 4450 4451 4491
f 4451 4490 4491
f 4492 4494 4490
f 4494 4491 4490
f 4398 4419 4813
f 4419 4817 4813
f 4532 4543 4933
f 4543 4845 4933
f 4655 4583 4653
f 4583 4581 4653
f 4578 4532 4580
f 4532 4577 4580
f 4551 4549 4583
f 4549 4582 4583
f 4530 4546 4451
f 4546 4490 4451
f 4825 4824 4538
f 4824 4535 4538
f 4543 4534 4845
f 4534 4846 4845
f 5010 4667 5009
f 4578 4527 4532
f 4490 4546 4492
f 4546 4531 4492
f 4657 4652 4935
f 4652 4934 4935
f 4653 4581 4652
f 4581 4579 4652
f 4549 4550 4582
f 4550 4584 4582
f 4547 4585 4550
f 4585 4584 4550
f 4582 4584 4580
f 4584 4578 4580
f 4648 4657 4801
f 4657 4935 4801
f 4584 4585 4578
f 4585 4527 4578
f 4652 4579 4934
f 4579 4933 4934
f 4649 4656 4648
f 4656 4657 4648
f 4656 4653 4657
f 4653 4652 4657
f 4582 4580 4583
f 4580 4581 4583
f 4580 4577 4581
f 4577 4579 4581
f 4658 4655 4656
f 4655 4653 4656
f 4655 4587 4583
f 4587 4551 4583
f 4650 4658 4649
f 4658 4656 4649
f 4650 4595 4658
f 4595 4594 4658
f 4594 4587 4658
f 4587 4655 4658
f 4544 4517 4651
f 4517 4803 4651
f 4669 4511 4545
f 4511 4518 4545
f 4940 4484 4941
f 4484 4485 4941
f 4481 4483 4939
f 4483 4940 4939
f 4517 4544 4518
f 4544 4545 4518
f 4669 4545 4947
f 4545 4539 4947
f 4950 4688 4949
f 4688 4687 4949
f 4946 4684 4668
f 4684 4683 4668
f 4480 4481 4661
f 4481 4939 4661
f 4674 4472 4473
f 4938 4677 4660
f 4677 4676 4660
f 4948 4686 4670
f 4686 4685 4670
f 4511 4669 4509
f 4669 4945 4509
f 4662 4678 4938
f 4678 4677 4938
f 4674 4473 4937
f 4473 4474 4937
f 4468 4942 4467
f 4942 4941 4467
f 4659 4675 4951
f 4675 4689 4951
f 4509 4945 4508
f 4945 4944 4508
f 4937 4476 4936
f 4476 4475 4936
f 4664 4680 4663
f 4680 4679 4663
f 4476 4937 4474
f 4943 4682 4665
f 4682 4681 4665
f 4508 4944 4524
f 4944 4666 4524
f 4524 4666 4468
f 4666 4942 4468
f 5018 5017 4446
f 4670 4685 4946
f 4685 4684 4946
f 4478 4936 4475
f 4672 4541 4673
f 4541 4471 4673
f 4951 4689 4950
f 4689 4688 4950
f 4477 4479 4936
f 4479 4661 4936
f 4949 4687 4948
f 4687 4686 4948
f 4651 4803 4654
f 4803 4802 4654
f 4941 4485 4467
f 4671 4540 4672
f 4540 4541 4672
f 4940 4482 4484
f 4539 4540 4947
f 4540 4671 4947
f 4665 4681 4664
f 4681 4680 4664
f 4480 4661 4479
f 4477 4936 4478
f 4660 4676 4659
f 4676 4675 4659
f 4673 4471 4674
f 4471 4472 4674
f 4483 4482 4940
f 4663 4679 4662
f 4679 4678 4662
f 4453 4561 4553
f 4453 4552 4563
f 4552 4592 4563
f 4561 4453 4554
f 4554 4453 4488
f 4453 4553 4552
f 4488 4453 4495
f 4453 4454 4495
f 4690 4373 4374
f 4690 4413 4414
f 4412 4690 4414
f 4412 4411 4690
f 4411 4407 4690
f 4407 4405 4690
f 4405 4400 4690
f 4400 4403 4690
f 4690 4369 4373
f 4364 4367 4690
f 4690 4366 4369
f 4367 4378 4690
f 4690 4368 4366
f 4378 4379 4690
f 4379 4368 4690
f 4690 4374 4413
f 4967 4968 4693
f 4968 4697 4693
f 4751 4752 4692
f 4752 4696 4692
f 4692 4696 4691
f 4696 4695 4691
f 4968 4971 4697
f 4971 4701 4697
f 4752 4753 4696
f 4753 4700 4696
f 4696 4700 4695
f 4700 4699 4695
f 4971 4973 4701
f 4973 4705 4701
f 4753 4754 4700
f 4754 4704 4700
f 4700 4704 4699
f 4704 4703 4699
f 4973 4975 4705
f 4975 4709 4705
f 4754 4755 4704
f 4755 4708 4704
f 4704 4708 4703
f 4708 4707 4703
f 4975 4977 4709
f 4977 4713 4709
f 4755 4756 4708
f 4756 4712 4708
f 4708 4712 4707
f 4712 4711 4707
f 4977 4979 4713
f 4979 4717 4713
f 4756 4757 4712
f 4757 4716 4712
f 4712 4716 4711
f 4716 4715 4711
f 4979 4981 4717
f 4981 4721 4717
f 4757 4758 4716
f 4758 4720 4716
f 4716 4720 4715
f 4720 4719 4715
f 4981 4983 4721
f 4983 4725 4721
f 4758 4759 4720
f 4759 4724 4720
f 4720 4724 4719
f 4724 4723 4719
f 4983 4985 4725
f 4985 4729 4725
f 4759 4760 4724
f 4760 4728 4724
f 4724 4728 4723
f 4728 4727 4723
f 4985 4987 4729
f 4987 4733 4729
f 4760 4761 4728
f 4761 4732 4728
f 4728 4732 4727
f 4732 4731 4727
f 4987 4738 4733
f 4738 4737 4733
f 4761 4762 4732
f 4762 4736 4732
f 4732 4736 4731
f 4736 4735 4731
f 4826 5015 4884
f 5015 4994 4884
f 4826 4446 5015
f 4668 5026 4667
f 4865 4992 4433
f 4992 5012 4433
f 4943 5027 4682
f 5027 4943 5010
f 4742 4996 4741
f 4996 4745 4741
f 4763 4764 4740
f 4764 4744 4740
f 4740 4744 4739
f 4744 4743 4739
f 4996 4999 4745
f 4999 4749 4745
f 4764 4765 4744
f 4765 4748 4744
f 4744 4748 4743
f 4748 4747 4743
f 4999 4967 4749
f 4967 4693 4749
f 4765 4751 4748
f 4751 4692 4748
f 4748 4692 4747
f 4692 4691 4747
f 4722 4347 4726
f 4347 4346 4726
f 4354 4353 4694
f 4353 4698 4694
f 4348 4718 4349
f 4718 4714 4349
f 4346 4345 4726
f 4345 4730 4726
f 4345 4344 4730
f 4344 4734 4730
f 4750 4355 4694
f 4355 4354 4694
f 4682 5027 5007
f 4710 4706 4350
f 4706 4351 4350
f 5025 4683 5003
f 4706 4702 4351
f 4702 4352 4351
f 4750 4746 4355
f 4746 4356 4355
f 4702 4698 4352
f 4698 4353 4352
f 4943 4667 5010
f 4718 4348 4722
f 4348 4347 4722
f 4710 4350 4714
f 4350 4349 4714
f 4749 4693 4765
f 4693 4751 4765
f 4745 4749 4764
f 4749 4765 4764
f 4741 4745 4763
f 4745 4764 4763
f 4959 4990 5004
f 4990 5001 5004
f 4997 4960 5005
f 4960 5008 5005
f 4733 4737 4761
f 4737 4762 4761
f 4729 4733 4760
f 4733 4761 4760
f 4725 4729 4759
f 4729 4760 4759
f 4721 4725 4758
f 4725 4759 4758
f 4717 4721 4757
f 4721 4758 4757
f 4713 4717 4756
f 4717 4757 4756
f 4709 4713 4755
f 4713 4756 4755
f 4705 4709 4754
f 4709 4755 4754
f 4701 4705 4753
f 4705 4754 4753
f 4697 4701 4752
f 4701 4753 4752
f 4693 4697 4751
f 4697 4752 4751
f 4989 4993 5013
f 4995 5034 4991
f 5011 4432 5012
f 5017 5016 4446
f 5019 4833 4432
f 4432 4433 5012
f 4833 4832 4432
f 4832 4431 4432
f 4432 5011 5019
f 5016 5015 4446
f 4446 4431 5018
f 4431 4832 5018
f 4737 4738 5020
f 4738 5014 5020
f 4762 4737 5021
f 4737 5020 5021
f 4736 4762 5022
f 4762 5021 5022
f 4735 4736 5023
f 4736 5022 5023
f 5023 5024 4735
f 4735 5024 5002
f 5006 5028 4739
f 5028 5029 4739
f 4740 4739 5030
f 4739 5029 5030
f 4763 4740 5031
f 4740 5030 5031
f 4741 4763 5032
f 4763 5031 5032
f 4742 4741 5033
f 4741 5032 5033
f 4771 4787 4770
f 4787 4786 4770
f 4772 4788 4771
f 4788 4787 4771
f 4770 4786 4769
f 4786 4785 4769
f 4773 4789 4772
f 4789 4788 4772
f 4775 4793 4774
f 4793 4792 4774
f 4768 4782 4767
f 4782 4781 4767
f 4783 4782 4784
f 4782 4768 4784
f 4769 4785 4768
f 4785 4784 4768
f 4774 4790 4773
f 4790 4789 4773
f 4791 4790 4792
f 4792 4790 4774
f 4775 4794 4793
f 4775 4776 4795
f 4776 4796 4795
f 4777 4766 4778
f 4766 4767 4778
f 4795 4794 4775
f 4796 4776 4797
f 4767 4779 4778
f 4781 4780 4767
f 4767 4780 4779
f 4469 4857 4819
f 4857 4357 4819
f 4817 4419 4486
f 4419 4887 4486
f 4802 4570 4654
f 4570 5036 4654
f 4917 4920 5035
f 4920 4570 5035
f 4919 4922 4801
f 4922 4648 4801
f 4571 5035 4802
f 5035 4570 4802
f 4803 4517 4802
f 4517 4571 4802
f 4933 4579 4532
f 4579 4577 4532
f 4805 4819 4806
f 4819 4821 4806
f 4806 4821 4804
f 4821 4818 4804
f 4810 4449 4809
f 4449 4448 4809
f 4808 4447 4807
f 4447 4365 4807
f 4807 4814 4812
f 4807 4804 4818
f 4818 4820 4814
f 4818 4814 4807
f 4811 4450 4810
f 4450 4449 4810
f 4808 4816 4809
f 4816 4815 4809
f 4808 4812 4816
f 4813 4810 4815
f 4810 4809 4815
f 4812 4808 4807
f 4817 4811 4813
f 4811 4810 4813
f 4811 4817 4487
f 4817 4486 4487
f 4816 4403 4815
f 4403 4402 4815
f 4812 4814 4820
f 4820 4364 4690
f 4820 4690 4812
f 4812 4690 4816
f 4690 4403 4816
f 4819 4357 4821
f 4357 4360 4821
f 4818 4363 4820
f 4363 4364 4820
f 4821 4360 4818
f 4360 4363 4818
f 4800 4620 4637
f 4620 4621 4637
f 4620 4636 4916
o Part.8
v -18.925 42.531 -101.797
v -18.938 42.6 -102.147
v -18.972 42.795 -102.444
v -19.025 43.087 -102.642
v -19.086 43.432 -102.712
v -19.147 43.776 -102.642
v -19.199 44.069 -102.444
v -19.234 44.264 -102.147
v -19.246 44.333 -101.797
v -19.234 44.264 -101.447
v -19.199 44.069 -101.15
v -19.147 43.776 -100.952
v -19.086 43.432 -100.882
v -15.125 44.24 -99.195
v -14.457 42.083 -99.148
v -13.859 42.342 -99.245
v -14.476 44.564 -99.483
v -13.415 42.602 -99.558
v -12.966 42.825 -100.06
v -13.959 44.821 -100.06
v -13.701 44.949 -100.785
v -12.708 42.954 -100.785
v -14.048 45.695 -101.256
v -13.776 45.134 -100.813
v -13.996 45.588 -101.104
v -14.086 45.775 -101.426
v -14.398 45.889 -100.637
v -14.575 46.292 -101.797
v -14.558 46.272 -101.483
v -14.11 45.823 -101.608
v -14.117 45.834 -101.797
v -14.525 46.193 -101.179
v -14.471 46.065 -100.893
v -14.306 45.671 -100.415
v -13.857 45.302 -100.878
v -13.932 45.456 -100.977
v -15.503 45.616 -99.661
v -15.386 45.193 -99.411
v -15.258 44.73 -99.249
v -14.613 44.985 -99.554
v -14.199 45.415 -100.24
v -14.079 45.131 -100.117
v -15.797 46.669 -101.797
v -15.162 46.588 -101.797
v -15.784 46.64 -101.302
v -15.748 46.504 -100.824
v -15.686 46.282 -100.382
v -15.604 45.984 -99.988
v -15.147 46.559 -101.376
v -15.111 46.451 -100.967
v -15.05 46.272 -100.585
v -14.968 46.029 -100.241
v -14.865 45.728 -99.947
v -14.746 45.377 -99.715
v -14.476 44.564 -104.112
v -14.558 46.272 -102.111
v -13.776 45.134 -102.781
v -14.079 45.131 -103.477
v -13.959 44.821 -103.535
v -13.701 44.949 -102.809
v -14.306 45.671 -103.179
v -13.857 45.302 -102.716
v -14.199 45.415 -103.354
v -13.932 45.456 -102.617
v -14.398 45.889 -102.958
v -14.471 46.065 -102.701
v -14.526 46.194 -102.416
v -13.996 45.588 -102.49
v -14.048 45.695 -102.339
v -14.11 45.823 -101.987
v -14.086 45.774 -102.169
v -15.604 45.984 -103.606
v -15.686 46.282 -103.213
v -15.748 46.504 -102.77
v -15.784 46.64 -102.292
v -15.125 44.241 -104.399
v -15.258 44.729 -104.346
v -15.386 45.193 -104.184
v -15.503 45.616 -103.933
v -14.613 44.985 -104.04
v -14.746 45.377 -103.879
v -14.865 45.728 -103.647
v -15.147 46.559 -102.219
v -15.111 46.451 -102.627
v -15.05 46.272 -103.009
v -14.968 46.029 -103.353
v -14.754 44.203 -101.797
v -14.641 43.566 -101.15
v -14.693 43.859 -100.952
v -14.754 44.203 -100.882
v -14.815 44.548 -100.952
v -14.868 44.84 -101.15
v -14.902 45.035 -101.447
v -14.915 45.104 -101.797
v -14.902 45.035 -102.147
v -14.868 44.84 -102.444
v -14.815 44.548 -102.642
v -14.754 44.203 -102.712
v -14.693 43.859 -102.642
v -14.641 43.566 -102.444
v -14.606 43.371 -102.147
v -14.594 43.302 -101.797
v -14.606 43.371 -101.447
v -12.732 43.001 -102.809
v -12.956 42.889 -103.419
v -13.44 42.649 -103.986
v -13.968 42.386 -104.27
v -14.481 42.132 -104.447
v -11.884 41.317 -100.789
v -11.749 41.06 -102.797
v -12.28 42.137 -102.804
v -11.542 40.571 -100.749
v -13.033 40.932 -99.269
v -12.554 41.096 -99.578
v -12.3 40.466 -99.532
v -12.111 41.256 -100.133
v -11.811 40.57 -100.083
v -13.431 40.815 -99.148
v -12.522 42.063 -100.114
v -12.971 41.859 -99.553
v -13.403 41.661 -99.316
v -12.29 42.154 -100.792
v -13.88 41.45 -99.147
v -16.026 44.502 -99.2
v -15.903 43.852 -99.147
v -15.522 43.294 -99.147
v -14.976 42.613 -99.148
v -15.89 43.905 -104.444
v -16.008 44.401 -104.405
v -16.101 44.919 -104.266
v -16.183 45.384 -104.031
v -16.314 46.119 -103.333
v -16.256 45.792 -103.707
v -16.39 46.543 -102.313
v -16.364 46.397 -102.809
v -16.399 46.593 -101.798
v -16.39 46.542 -101.282
v -16.363 46.395 -100.787
v -16.264 45.836 -99.925
v -16.324 46.173 -100.359
v -16.187 45.404 -99.569
v -16.113 44.99 -99.351
v -15.532 43.3 -104.447
v -14.976 42.637 -104.447
v -12.023 41.106 -103.385
v -12.939 41.853 -103.958
v -13.823 41.43 -104.447
v -13.47 41.601 -104.308
v -13.271 40.435 -104.447
v -12.36 40.914 -103.902
v -12.915 40.619 -104.299
v -12.525 42.039 -103.439
v -13.234 40.231 -99.131
v -11.72 40.074 -99.841
v -11.155 39.099 -99.732
v -11.329 39.841 -100.428
v -13.186 39.959 -99.064
v -12.7 40.051 -99.197
v -12.349 40.104 -99.324
v -12.833 40.362 -99.226
v -11.663 39.475 -99.273
v -14.851 41.992 -99.227
v -14.151 40.688 -99.327
v -14.458 41.334 -99.286
v -15.668 42.492 -99.854
v -15.557 41.866 -100.28
v -15.478 41.881 -99.864
v -15.429 41.151 -100.686
v -14.757 40.582 -99.709
v -14.971 41.243 -99.615
v -15.321 41.18 -100.156
v -15.178 40.507 -100.36
v -15.042 39.806 -100.412
v -15.21 39.917 -100.801
v -15.322 40.548 -100.831
v -15.23 41.925 -99.479
v -15.619 42.497 -99.59
v -15.783 43.244 -99.321
v -15.722 43.255 -99.228
v -15.466 42.524 -99.353
v -15.802 43.241 -99.423
v -15.63 43.271 -99.167
v -15.232 42.567 -99.196
v -14.66 40.14 -103.85
v -14.916 41.115 -103.948
v -15.235 41.956 -104.115
v -14.857 42.022 -104.368
v -13.951 40.235 -104.346
v -15.096 39.993 -103.154
v -15.632 43.282 -104.428
v -15.482 41.904 -103.852
v -15.623 42.52 -104.051
v -15.235 42.588 -104.398
v -15.469 42.545 -104.242
v -15.785 43.255 -104.273
v -15.556 41.889 -103.703
v -15.676 42.538 -103.935
v -15.805 43.258 -104.192
v -15.724 43.266 -104.366
v -15.289 41.05 -103.566
v -15.181 39.758 -102.881
v -15.404 41.006 -103.366
v -14.381 41.246 -104.361
v -13.21 40.088 -104.422
v -12.727 40.297 -104.261
v -13.069 39.304 -104.113
v -13.13 39.647 -104.295
v -13.014 38.996 -103.861
v -11.728 40.475 -103.116
v -11.775 40.621 -103.223
v -11.914 40.92 -103.349
v -12.226 40.679 -103.865
v -12.401 39.409 -103.762
v -11.892 39.992 -103.47
v -12.589 39.982 -104.153
v -11.975 40.195 -103.65
v -12.483 39.685 -103.991
v -11.842 40.766 -103.303
v -12.081 40.417 -103.774
v -11.457 40.385 -102.115
v -10.911 38.593 -100.273
v -13.128 39.635 -98.858
v -12.356 39.663 -98.966
v -13.862 39.395 -98.966
v -14.447 38.979 -99.273
v -14.794 38.451 -99.732
v -14.849 37.892 -100.273
v -15.064 39.097 -100.494
v -14.615 39.921 -99.724
v -13.99 40.077 -99.312
v -13.933 39.756 -99.229
v -14.911 39.155 -100.243
v -14.538 39.487 -99.612
v -14.991 39.714 -103.146
v -14.587 39.703 -103.769
v -14.986 39.529 -102.991
v -14.534 39.409 -103.634
v -14.478 39.154 -103.45
v -13.82 39.19 -103.984
v -13.78 38.933 -103.79
v -13.84 39.463 -104.155
v -13.881 39.923 -104.31
v -12.252 38.881 -103.296
v -12.931 38.528 -103.387
v -12.043 37.876 -102.294
v -11.14 39.344 -101.05
v -11.198 38.841 -101.579
v -11.5 38.314 -102.011
v -11.499 39.948 -102.596
v -11.708 39.441 -102.985
v -12.76 37.57 -102.412
v -12.632 36.85 -101.687
v -11.898 37.09 -101.579
v -10.966 38.034 -100.814
v -11.312 37.506 -101.273
v -13.321 40.721 -102.79
v -13.02 41.537 -102.039
v -12.622 41.429 -102.215
v -12.33 41.213 -102.479
v -12.189 40.922 -102.79
v -12.221 40.601 -103.101
v -12.42 40.297 -103.365
v -12.756 40.059 -103.541
v -13.179 39.92 -103.603
v -13.623 39.904 -103.541
v -14.021 40.012 -103.365
v -14.312 40.228 -103.101
v -14.453 40.519 -102.79
v -14.421 40.841 -102.479
v -14.222 41.144 -102.215
v -13.886 41.383 -102.039
v -13.464 41.521 -101.977
v -12.745 37.484 -97.876
v -13.167 37.345 -97.938
v -13.503 37.106 -98.114
v -13.702 36.803 -98.378
v -13.734 36.481 -98.689
v -13.593 36.19 -99
v -13.302 35.974 -99.264
v -12.904 35.867 -99.44
v -12.46 35.882 -99.502
v -12.037 36.021 -99.44
v -11.701 36.26 -99.264
v -11.502 36.563 -99
v -11.47 36.885 -98.689
v -11.611 37.175 -98.378
v -11.903 37.391 -98.114
v -12.301 37.499 -97.938
v -12.85 38.075 -97.275
v -13.584 37.835 -97.382
v -14.17 37.419 -97.689
v -14.516 36.892 -98.148
v -14.571 36.332 -98.689
v -14.327 35.826 -99.23
v -13.819 35.451 -99.689
v -13.126 35.262 -99.996
v -12.354 35.291 -100.103
v -11.62 35.531 -99.996
v -11.035 35.947 -99.689
v -10.688 36.474 -99.23
v -10.633 37.034 -98.689
v -10.878 37.54 -98.148
v -11.385 37.915 -97.689
v -12.078 38.104 -97.382
v -14.604 37.386 -100.814
v -14.097 37.01 -101.273
v -13.404 36.822 -101.579
v -15.085 39.219 -102.329
v -14.903 39.061 -102.516
v -14.395 38.686 -102.975
v -14.914 38.257 -101.351
v -13.702 38.497 -103.281
v -14.224 37.724 -101.997
v -14.732 38.099 -101.538
v -13.531 37.535 -102.304
v -16.169 45.306 -103.131
v -16.241 45.71 -102.52
v -16.267 45.852 -101.797
v -16.241 45.709 -101.074
v -16.169 45.306 -100.463
v -16.062 44.704 -100.053
v -15.935 43.993 -99.909
v -15.809 43.281 -100.053
v -15.702 42.679 -100.463
v -15.63 42.276 -101.075
v -15.604 42.134 -101.797
v -15.63 42.276 -102.52
v -15.701 42.678 -103.132
v -15.809 43.281 -103.541
v -15.935 43.993 -103.685
v -16.062 44.704 -103.541
v -17.154 45.131 -103.131
v -17.226 45.534 -102.52
v -17.251 45.676 -101.797
v -17.226 45.534 -101.074
v -17.154 45.131 -100.463
v -17.047 44.529 -100.053
v -16.92 43.817 -99.909
v -16.793 43.106 -100.053
v -16.614 42.101 -101.075
v -16.589 41.959 -101.797
v -16.614 42.101 -102.52
v -16.686 42.503 -103.132
v -16.793 43.106 -103.541
v -16.92 43.817 -103.685
v -17.047 44.529 -103.541
v -13.702 44.949 -101.797
v -17.173 45.238 -100.354
v -17.74 45.126 -100.365
v -18.816 44.77 -100.526
v -19.271 44.473 -100.739
v -17.251 45.674 -101.016
v -17.817 45.559 -101.021
v -18.885 45.154 -101.11
v -19.328 44.793 -101.225
v -17.278 45.827 -101.798
v -17.844 45.711 -101.797
v -18.909 45.289 -101.797
v -19.348 44.905 -101.797
v -17.251 45.674 -102.579
v -17.817 45.559 -102.573
v -18.885 45.154 -102.484
v -19.328 44.792 -102.37
v -17.173 45.239 -103.241
v -17.74 45.127 -103.23
v -18.816 44.77 -103.068
v -19.271 44.473 -102.855
v -17.057 44.587 -103.683
v -17.625 44.48 -103.669
v -18.714 44.196 -103.457
v -19.186 43.995 -103.18
v -16.92 43.817 -103.839
v -17.489 43.716 -103.824
v -18.594 43.519 -103.595
v -19.086 43.432 -103.293
v -16.783 43.048 -103.683
v -17.353 42.952 -103.669
v -18.473 42.843 -103.457
v -18.986 42.869 -103.18
v -16.667 42.396 -103.241
v -17.238 42.306 -103.23
v -18.371 42.268 -103.068
v -18.9 42.39 -102.855
v -16.589 41.961 -102.579
v -17.161 41.873 -102.573
v -18.303 41.885 -102.484
v -18.844 42.071 -102.369
v -16.562 41.807 -101.797
v -17.134 41.721 -101.797
v -18.279 41.75 -101.797
v -18.824 41.959 -101.797
v -16.589 41.961 -101.016
v -17.161 41.873 -101.021
v -18.303 41.885 -101.11
v -18.844 42.071 -101.225
v -16.783 43.048 -99.911
v -17.353 42.952 -99.925
v -18.473 42.843 -100.137
v -18.986 42.868 -100.415
v -16.92 43.817 -99.756
v -17.489 43.716 -99.771
v -18.594 43.519 -100
v -19.086 43.432 -100.301
v -17.057 44.587 -99.911
v -17.625 44.48 -99.925
v -18.714 44.196 -100.137
v -19.186 43.995 -100.415
v -18.297 44.99 -100.401
v -18.372 45.41 -101.042
v -18.398 45.559 -101.798
v -18.372 45.41 -102.552
v -18.297 44.99 -103.193
v -18.185 44.359 -103.62
v -18.052 43.616 -103.771
v -17.92 42.872 -103.62
v -17.807 42.242 -103.193
v -17.733 41.821 -102.552
v -17.706 41.672 -101.797
v -17.733 41.821 -101.042
v -17.92 42.872 -99.974
v -18.052 43.615 -99.824
v -18.185 44.359 -99.974
v -18.938 42.6 -101.447
v -16.963 42.952 -101.447
v -16.833 42.989 -101.425
v -16.73 43.051 -101.36
v -16.666 43.129 -101.264
v -16.653 43.208 -101.15
v -16.7 43.315 -101.075
v -16.791 43.397 -101.009
v -16.914 43.439 -100.967
v -17.05 43.439 -100.952
v -19.025 43.087 -100.952
v -18.866 42.195 -101.036
v -18.336 42.073 -100.824
v -17.773 42.047 -100.698
v -17.203 42.111 -100.662
v -16.824 42.17 -100.654
v -16.694 42.206 -100.629
v -16.639 42.239 -100.594
v -16.658 42.346 -100.703
v -16.609 42.375 -100.673
v -16.546 42.451 -100.576
v -16.532 42.531 -100.463
v -16.579 42.638 -100.387
v -16.671 42.72 -100.322
v -16.728 42.74 -100.302
v -16.709 42.633 -100.193
v -16.774 42.656 -100.172
v -16.911 42.658 -100.159
v -17.29 42.598 -100.167
v -17.86 42.534 -100.203
v -18.423 42.561 -100.329
v -18.953 42.683 -100.541
v -14.92 38.29 -99.868
v -14.633 36.68 -98.335
v -14.509 35.984 -99.042
v -14.787 37.544 -100.626
v -14.976 38.607 -100.999
v -15.081 39.196 -101.597
v -13.284 43.463 -100.06
v -14.263 42.948 -99.228
v -13.743 43.211 -99.536
v -13.022 43.583 -100.785
v -13.017 43.573 -102.81
v -13.251 43.459 -103.453
v -13.749 43.22 -104.025
v -14.319 42.949 -104.309
v -13.423 44.39 -101.807
v -14.112 43.891 -104.068
v -13.445 44.433 -100.785
v -13.617 44.163 -103.496
v -13.402 44.346 -102.81
v -14.734 43.613 -104.355
v -13.665 44.23 -100.06
v -14.715 43.627 -99.211
v -13.447 44.435 -100.785
v -14.129 43.924 -99.508
v -16.39 46.543 -102.313
v -16.364 46.397 -102.809
v -15.676 42.538 -103.935
v -15.805 43.258 -104.192
v -14.594 43.302 -101.797
v -14.606 43.371 -102.147
v -14.641 43.566 -102.444
v -14.693 43.859 -102.642
v -14.754 44.203 -102.712
v -14.815 44.548 -102.642
v -16.653 43.208 -101.15
v -16.7 43.315 -101.075
v -14.868 44.84 -101.15
v -14.815 44.548 -100.952
v -14.902 45.035 -101.447
v -14.754 44.203 -100.882
v -14.693 43.859 -100.952
v -14.915 45.104 -101.797
v -14.902 45.035 -102.147
v -14.868 44.84 -102.444
v -14.606 43.371 -101.447
v -16.399 46.593 -101.798
v -16.39 46.542 -101.282
v -15.404 41.006 -103.366
v -15.556 41.889 -103.703
v -16.314 46.119 -103.333
v -16.256 45.792 -103.707
v -16.183 45.384 -104.031
v -16.101 44.919 -104.266
v -15.557 41.866 -100.28
v -15.429 41.151 -100.686
v -15.668 42.492 -99.854
v -19.147 43.776 -102.642
v -19.199 44.069 -102.444
v -15.802 43.241 -99.423
v -15.903 43.852 -99.147
v -14.641 43.566 -101.15
v -19.234 44.264 -102.147
v -19.246 44.333 -101.797
v -19.234 44.264 -101.447
v -16.324 46.173 -100.359
v -16.363 46.395 -100.787
v -19.147 43.776 -100.952
v -19.086 43.432 -100.882
v -19.199 44.069 -101.15
v -16.008 44.401 -104.405
v -16.026 44.502 -99.2
v -14.453 40.519 -102.79
v -14.421 40.841 -102.479
v -13.02 41.537 -102.039
v -12.622 41.429 -102.215
v -19.025 43.087 -102.642
v -19.086 43.432 -102.712
v -12.221 40.601 -103.101
v -12.42 40.297 -103.365
v -12.756 40.059 -103.541
v -16.264 45.836 -99.925
v -18.938 42.6 -102.147
v -18.972 42.795 -102.444
v -13.623 39.904 -103.541
v -14.021 40.012 -103.365
v -12.33 41.213 -102.479
v -18.925 42.531 -101.797
v -15.21 39.917 -100.801
v -15.322 40.548 -100.831
v -15.89 43.905 -104.444
v -16.113 44.99 -99.351
v -16.187 45.404 -99.569
v -14.222 41.144 -102.215
v -13.886 41.383 -102.039
v -13.179 39.92 -103.603
v -14.312 40.228 -103.101
v -12.189 40.922 -102.79
v -13.464 41.521 -101.977
v -13.167 37.345 -97.938
v -12.745 37.484 -97.876
v -13.503 37.106 -98.114
v -13.702 36.803 -98.378
v -13.734 36.481 -98.689
v -13.593 36.19 -99
v -13.302 35.974 -99.264
v -12.904 35.867 -99.44
v -12.46 35.882 -99.502
v -12.037 36.021 -99.44
v -11.701 36.26 -99.264
v -11.502 36.563 -99
v -11.47 36.885 -98.689
v -11.611 37.175 -98.378
v -11.903 37.391 -98.114
v -12.301 37.499 -97.938
v -13.584 37.835 -97.382
v -12.85 38.075 -97.275
v -14.17 37.419 -97.689
v -14.516 36.892 -98.148
v -14.633 36.68 -98.335
v -14.633 36.68 -98.335
v -14.509 35.984 -99.042
v -14.509 35.984 -99.042
v -14.571 36.332 -98.689
v -13.819 35.451 -99.689
v -14.327 35.826 -99.23
v -13.126 35.262 -99.996
v -12.354 35.291 -100.103
v -11.62 35.531 -99.996
v -11.035 35.947 -99.689
v -10.688 36.474 -99.23
v -10.633 37.034 -98.689
v -10.878 37.54 -98.148
v -11.385 37.915 -97.689
v -12.078 38.104 -97.382
v -15.064 39.097 -100.494
v -15.181 39.758 -102.881
v -15.085 39.219 -102.329
v -14.914 38.257 -101.351
v -16.241 45.71 -102.52
v -16.169 45.306 -103.131
v -16.267 45.852 -101.797
v -16.241 45.709 -101.074
v -16.169 45.306 -100.463
v -16.062 44.704 -100.053
v -15.935 43.993 -99.909
v -15.809 43.281 -100.053
v -15.702 42.679 -100.463
v -15.63 42.276 -101.075
v -15.604 42.134 -101.797
v -15.63 42.276 -102.52
v -15.701 42.678 -103.132
v -15.809 43.281 -103.541
v -15.935 43.993 -103.685
v -16.062 44.704 -103.541
v -17.154 45.131 -103.131
v -17.047 44.529 -103.541
v -16.92 43.817 -103.685
v -16.793 43.106 -103.541
v -16.686 42.503 -103.132
v -16.614 42.101 -102.52
v -16.589 41.959 -101.797
v -16.614 42.101 -101.075
v -16.793 43.106 -100.053
v -16.92 43.817 -99.909
v -17.047 44.529 -100.053
v -17.154 45.131 -100.463
v -17.226 45.534 -101.074
v -17.251 45.676 -101.797
v -17.226 45.534 -102.52
v -19.271 44.473 -100.739
v -19.328 44.793 -101.225
v -17.173 45.238 -100.354
v -17.251 45.674 -101.016
v -19.348 44.905 -101.797
v -17.278 45.827 -101.798
v -19.328 44.792 -102.37
v -17.251 45.674 -102.579
v -19.271 44.473 -102.855
v -17.173 45.239 -103.241
v -19.186 43.995 -103.18
v -17.057 44.587 -103.683
v -19.086 43.432 -103.293
v -16.92 43.817 -103.839
v -18.986 42.869 -103.18
v -16.783 43.048 -103.683
v -18.9 42.39 -102.855
v -16.667 42.396 -103.241
v -18.844 42.071 -102.369
v -16.589 41.961 -102.579
v -18.824 41.959 -101.797
v -16.562 41.807 -101.797
v -18.844 42.071 -101.225
v -16.589 41.961 -101.016
v -19.025 43.087 -100.952
v -19.025 43.087 -100.952
v -18.938 42.6 -101.447
v -18.938 42.6 -101.447
v -18.986 42.868 -100.415
v -19.086 43.432 -100.301
v -16.783 43.048 -99.911
v -16.92 43.817 -99.756
v -19.186 43.995 -100.415
v -17.057 44.587 -99.911
v -16.639 42.239 -100.594
v -16.639 42.239 -100.594
v -16.658 42.346 -100.703
v -16.658 42.346 -100.703
v -16.709 42.633 -100.193
v -16.709 42.633 -100.193
v -16.728 42.74 -100.302
v -16.728 42.74 -100.302
v -16.532 42.531 -100.463
v -16.579 42.638 -100.387
v -16.914 43.439 -100.967
v -17.05 43.439 -100.952
v -18.866 42.195 -101.036
v -18.866 42.195 -101.036
v -16.963 42.952 -101.447
v -16.833 42.989 -101.425
v -16.73 43.051 -101.36
v -16.666 43.129 -101.264
v -16.791 43.397 -101.009
v -18.336 42.073 -100.824
v -17.773 42.047 -100.698
v -17.203 42.111 -100.662
v -16.824 42.17 -100.654
v -16.694 42.206 -100.629
v -16.609 42.375 -100.673
v -16.546 42.451 -100.576
v -16.671 42.72 -100.322
v -16.774 42.656 -100.172
v -16.911 42.658 -100.159
v -17.29 42.598 -100.167
v -17.86 42.534 -100.203
v -18.423 42.561 -100.329
v -18.953 42.683 -100.541
v -18.953 42.683 -100.541
v -14.92 38.29 -99.868
v -14.787 37.544 -100.626
usemtl MB_5
s off
f 5055 5054 5155
f 5054 5156 5155
f 5555 5571 5083
f 5571 5084 5083
f 5052 5157 5054
f 5157 5156 5054
f 5075 5561 5050
f 5561 5550 5050
f 5145 5158 5152
f 5158 5155 5152
f 5074 5581 5075
f 5581 5561 5075
f 5115 5114 5542
f 5114 5543 5542
f 5112 5580 5113
f 5580 5560 5113
f 5094 5099 5093
f 5099 5098 5093
f 5111 5110 5515
f 5110 5516 5515
f 5541 5108 5542
f 5108 5115 5542
f 5097 5100 5099
f 5100 5098 5099
f 5531 5123 5551
f 5527 5123 5528
f 5528 5123 5530
f 5535 5123 5138
f 5529 5123 5527
f 5138 5123 5137
f 5573 5521 5566
f 5521 5522 5566
f 5577 5519 5572
f 5519 5520 5572
f 5567 5523 5547
f 5523 5524 5547
f 5663 5657 5665
f 5657 5658 5665
f 5650 5651 5679
f 5651 5681 5679
f 5136 5123 5135
f 5135 5123 5134
f 5530 5123 5531
f 5533 5123 5532
f 5133 5123 5534
f 5532 5123 5529
f 5535 5551 5123
f 5134 5123 5133
f 5137 5123 5136
f 5534 5123 5533
f 5656 5662 5655
f 5662 5693 5655
f 5361 5718 5376
f 5554 5129 5559
f 5129 5128 5559
f 5566 5522 5567
f 5522 5523 5567
f 5655 5693 5654
f 5693 5691 5654
f 5654 5691 5653
f 5691 5690 5653
f 5559 5128 5557
f 5128 5127 5557
f 5360 5702 5719
f 5671 5646 5673
f 5646 5647 5673
f 5439 5049 5688
f 5049 5684 5688
f 5675 5648 5677
f 5648 5649 5677
f 5662 5656 5663
f 5656 5657 5663
f 5572 5520 5573
f 5520 5521 5573
f 5665 5658 5667
f 5658 5659 5667
f 5548 5132 5552
f 5132 5131 5552
f 5673 5647 5675
f 5647 5648 5675
f 5553 5130 5554
f 5130 5129 5554
f 5669 5645 5671
f 5645 5646 5671
f 5037 5427 5686
f 5427 5682 5686
f 5547 5524 5548
f 5524 5132 5548
f 5552 5131 5553
f 5131 5130 5553
f 5649 5650 5677
f 5650 5679 5677
f 5667 5659 5669
f 5659 5645 5669
f 5557 5127 5558
f 5127 5126 5558
f 5718 5361 5719
f 5651 5652 5681
f 5652 5683 5681
f 5192 5148 5190
f 5148 5153 5190
f 5536 5537 5079
f 5537 5081 5079
f 5146 5145 5256
f 5145 5148 5256
f 5153 5148 5152
f 5148 5145 5152
f 5106 5107 5092
f 5107 5103 5092
f 5188 5181 5182
f 5181 5186 5182
f 5149 5196 5150
f 5196 5151 5150
f 5196 5194 5151
f 5194 5195 5151
f 5149 5150 5157
f 5150 5156 5157
f 5218 5550 5215
f 5147 5140 5158
f 5140 5058 5158
f 5107 5105 5103
f 5105 5102 5103
f 5071 5077 5060
f 5077 5078 5060
f 5231 5235 5228
f 5235 5230 5228
f 5248 5241 5186
f 5241 5187 5186
f 5141 5502 5140
f 5502 5501 5140
f 5110 5109 5516
f 5109 5540 5516
f 5515 5536 5111
f 5536 5079 5111
f 5109 5108 5540
f 5108 5541 5540
f 5081 5537 5082
f 5537 5556 5082
f 5083 5084 5087
f 5084 5088 5087
f 5088 5084 5089
f 5084 5073 5089
f 5083 5082 5555
f 5082 5556 5555
f 5113 5116 5112
f 5116 5091 5112
f 5240 5185 5241
f 5185 5187 5241
f 5339 5197 5624
f 5197 5259 5624
f 5197 5191 5190
f 5191 5192 5190
f 5200 5206 5199
f 5206 5205 5199
f 5212 5198 5216
f 5198 5219 5216
f 5613 5263 5611
f 5263 5729 5611
f 5213 5203 5216
f 5203 5212 5216
f 5549 5214 5550
f 5216 5219 5215
f 5219 5218 5215
f 5208 5205 5207
f 5205 5206 5207
f 5545 5207 5544
f 5207 5203 5544
f 5209 5208 5578
f 5208 5579 5578
f 5268 5209 5625
f 5209 5578 5625
f 5235 5580 5226
f 5179 5180 5226
f 5180 5229 5226
f 5223 5239 5222
f 5239 5221 5222
f 5224 5220 5239
f 5220 5221 5239
f 5222 5221 5227
f 5221 5236 5227
f 5235 5231 5580
f 5144 5223 5180
f 5223 5229 5180
f 5220 5225 5221
f 5225 5236 5221
f 5229 5223 5230
f 5223 5222 5230
f 5227 5539 5228
f 5539 5517 5228
f 5253 5249 5242
f 5249 5244 5242
f 5181 5247 5186
f 5247 5248 5186
f 5147 5158 5146
f 5158 5145 5146
f 5280 5244 5279
f 5244 5249 5279
f 5199 5154 5200
f 5154 5159 5200
f 5269 5261 5267
f 5261 5260 5267
f 5605 5260 5607
f 5260 5261 5607
f 5144 5180 5143
f 5180 5504 5143
f 5199 5205 5266
f 5205 5265 5266
f 5550 5214 5215
f 5209 5265 5208
f 5265 5205 5208
f 5206 5200 5212
f 5200 5198 5212
f 5212 5203 5206
f 5203 5207 5206
f 5230 5235 5229
f 5235 5226 5229
f 5230 5222 5228
f 5222 5227 5228
f 5182 5184 5142
f 5184 5143 5142
f 5147 5188 5140
f 5188 5141 5140
f 5063 5070 5061
f 5070 5072 5061
f 5072 5070 5071
f 5070 5077 5071
f 5250 5249 5252
f 5249 5253 5252
f 5600 5568 5599
f 5568 5569 5599
f 5593 5562 5592
f 5562 5563 5592
f 5601 5587 5600
f 5587 5568 5600
f 5594 5586 5593
f 5586 5562 5593
f 5592 5563 5591
f 5563 5583 5591
f 5590 5588 5604
f 5588 5564 5604
f 5603 5565 5602
f 5565 5576 5602
f 5591 5583 5589
f 5583 5584 5589
f 5598 5570 5597
f 5570 5585 5597
f 5599 5569 5598
f 5569 5570 5598
f 5596 5574 5595
f 5574 5575 5595
f 5595 5575 5594
f 5575 5586 5594
f 5604 5564 5603
f 5564 5565 5603
f 5597 5585 5596
f 5585 5574 5596
f 5589 5584 5590
f 5584 5588 5590
f 5602 5576 5601
f 5576 5587 5601
f 5582 5581 5073
f 5581 5074 5073
f 5571 5582 5084
f 5582 5073 5084
f 5543 5114 5560
f 5114 5113 5560
f 5300 5292 5301
f 5297 5292 5298
f 5294 5292 5295
f 5305 5292 5306
f 5295 5292 5296
f 5298 5292 5299
f 5303 5292 5304
f 5307 5292 5308
f 5299 5292 5300
f 5293 5292 5294
f 5301 5292 5302
f 5306 5292 5307
f 5296 5292 5297
f 5304 5292 5305
f 5302 5292 5303
f 5308 5292 5293
f 5054 5055 5499
f 5055 5497 5499
f 5215 5214 5216
f 5214 5213 5216
f 5550 5218 5162
f 5219 5163 5218
f 5163 5162 5218
f 5317 5617 5318
f 5617 5334 5318
f 5315 5331 5316
f 5331 5616 5316
f 5309 5606 5310
f 5606 5326 5310
f 5320 5620 5321
f 5620 5621 5321
f 5620 5320 5619
f 5320 5319 5619
f 5340 5606 5324
f 5606 5309 5324
f 5313 5329 5493
f 5312 5608 5313
f 5608 5609 5313
f 5615 5341 5614
f 5341 5342 5614
f 5338 5322 5621
f 5322 5321 5621
f 5608 5312 5327
f 5312 5311 5327
f 5623 5323 5338
f 5323 5322 5338
f 5340 5324 5623
f 5324 5323 5623
f 5616 5617 5316
f 5617 5317 5316
f 5619 5319 5334
f 5319 5318 5334
f 5327 5311 5326
f 5311 5310 5326
f 5315 5314 5331
f 5314 5330 5331
f 5614 5342 5332
f 5342 5343 5332
f 5213 5546 5203
f 5546 5544 5203
f 5549 5546 5214
f 5546 5213 5214
f 5328 5262 5492
f 5262 5491 5492
f 5189 5154 5266
f 5154 5199 5266
f 5607 5261 5328
f 5261 5262 5328
f 5207 5545 5208
f 5545 5579 5208
f 5266 5267 5189
f 5267 5193 5189
f 5267 5260 5193
f 5260 5258 5193
f 5268 5262 5269
f 5262 5261 5269
f 5262 5268 5491
f 5268 5625 5491
f 5209 5268 5265
f 5268 5269 5265
f 5265 5269 5266
f 5269 5267 5266
f 5192 5191 5282
f 5191 5257 5282
f 5337 5257 5622
f 5257 5191 5622
f 5622 5191 5339
f 5191 5197 5339
f 5156 5150 5155
f 5150 5152 5155
f 5150 5151 5152
f 5151 5153 5152
f 5058 5055 5158
f 5055 5155 5158
f 5190 5153 5195
f 5153 5151 5195
f 5195 5259 5190
f 5259 5197 5190
f 5052 5051 5157
f 5051 5159 5157
f 5189 5196 5154
f 5196 5149 5154
f 5193 5194 5189
f 5194 5196 5189
f 5154 5149 5159
f 5149 5157 5159
f 5159 5051 5200
f 5051 5198 5200
f 5219 5198 5163
f 5198 5051 5163
f 5259 5195 5194
f 5193 5258 5194
f 5258 5259 5194
f 5141 5188 5142
f 5188 5182 5142
f 5067 5064 5066
f 5064 5065 5066
f 5057 5060 5056
f 5060 5078 5056
f 5068 5065 5086
f 5065 5085 5086
f 5118 5097 5117
f 5097 5099 5117
f 5055 5058 5497
f 5058 5500 5497
f 5325 5258 5605
f 5258 5260 5605
f 5624 5259 5325
f 5259 5258 5325
f 5220 5224 5278
f 5278 5224 5240
f 5224 5185 5240
f 5333 5288 5618
f 5288 5289 5618
f 5288 5287 5289
f 5287 5281 5289
f 5280 5279 5287
f 5279 5281 5287
f 5282 5256 5192
f 5256 5148 5192
f 5332 5343 5333
f 5343 5288 5333
f 5067 5106 5064
f 5106 5092 5064
f 5253 5242 5251
f 5242 5243 5251
f 5105 5104 5102
f 5104 5101 5102
f 5291 5289 5284
f 5289 5281 5284
f 5069 5059 5068
f 5059 5062 5068
f 5283 5285 5282
f 5285 5256 5282
f 5279 5286 5281
f 5286 5284 5281
f 5246 5245 5252
f 5245 5250 5252
f 5254 5255 5247
f 5255 5248 5247
f 5246 5252 5254
f 5252 5255 5254
f 5255 5251 5248
f 5251 5241 5248
f 5250 5245 5286
f 5245 5285 5286
f 5252 5253 5255
f 5253 5251 5255
f 5249 5250 5279
f 5250 5286 5279
f 5069 5063 5059
f 5063 5061 5059
f 5290 5291 5283
f 5291 5284 5283
f 5286 5285 5284
f 5285 5283 5284
f 5062 5066 5068
f 5066 5065 5068
f 5101 5104 5097
f 5104 5100 5097
f 5336 5290 5337
f 5290 5257 5337
f 5283 5282 5290
f 5282 5257 5290
f 5618 5289 5335
f 5289 5291 5335
f 5335 5291 5336
f 5291 5290 5336
f 5241 5251 5240
f 5251 5243 5240
f 5580 5179 5226
f 5518 5580 5231
f 5095 5094 5096
f 5094 5093 5096
f 5095 5508 5091
f 5508 5506 5091
f 5089 5090 5070
f 5090 5077 5070
f 5108 5122 5115
f 5122 5118 5115
f 5121 5122 5109
f 5122 5108 5109
f 5080 5079 5085
f 5079 5081 5085
f 5119 5120 5111
f 5120 5110 5111
f 5090 5074 5076
f 5074 5075 5076
f 5089 5070 5088
f 5070 5063 5088
f 5053 5056 5076
f 5056 5078 5076
f 5076 5078 5090
f 5078 5077 5090
f 5081 5082 5085
f 5082 5086 5085
f 5080 5119 5079
f 5119 5111 5079
f 5080 5064 5119
f 5064 5092 5119
f 5065 5064 5085
f 5064 5080 5085
f 5087 5088 5069
f 5088 5063 5069
f 5103 5102 5120
f 5102 5121 5120
f 5092 5103 5119
f 5103 5120 5119
f 5117 5116 5114
f 5116 5113 5114
f 5115 5118 5114
f 5118 5117 5114
f 5101 5097 5122
f 5097 5118 5122
f 5073 5074 5089
f 5074 5090 5089
f 5116 5094 5091
f 5094 5095 5091
f 5117 5099 5116
f 5099 5094 5116
f 5102 5101 5121
f 5101 5122 5121
f 5069 5068 5087
f 5068 5086 5087
f 5120 5121 5110
f 5121 5109 5110
f 5086 5082 5087
f 5082 5083 5087
f 5053 5076 5050
f 5076 5075 5050
f 5054 5499 5052
f 5499 5498 5052
f 5051 5052 5163
f 5052 5498 5163
f 5182 5186 5184
f 5186 5187 5184
f 5163 5498 5162
f 5498 5512 5162
f 5143 5184 5144
f 5184 5183 5144
f 5185 5183 5187
f 5183 5184 5187
f 5091 5506 5112
f 5506 5510 5112
f 5225 5626 5236
f 5626 5538 5236
f 5348 5346 5276
f 5346 5274 5276
f 5271 5273 5225
f 5273 5270 5225
f 5244 5276 5242
f 5276 5275 5242
f 5223 5144 5239
f 5144 5183 5239
f 5518 5231 5517
f 5231 5228 5517
f 5236 5538 5227
f 5538 5539 5227
f 5703 5702 5360
f 5271 5225 5220
f 5183 5185 5239
f 5185 5224 5239
f 5350 5628 5345
f 5628 5627 5345
f 5346 5345 5274
f 5345 5272 5274
f 5242 5275 5243
f 5275 5277 5243
f 5240 5243 5278
f 5243 5277 5278
f 5275 5273 5277
f 5273 5271 5277
f 5341 5494 5350
f 5494 5628 5350
f 5277 5271 5278
f 5271 5220 5278
f 5345 5627 5272
f 5627 5626 5272
f 5342 5341 5349
f 5341 5350 5349
f 5349 5350 5346
f 5350 5345 5346
f 5275 5276 5273
f 5276 5274 5273
f 5273 5274 5270
f 5274 5272 5270
f 5351 5349 5348
f 5349 5346 5348
f 5348 5276 5280
f 5276 5244 5280
f 5343 5342 5351
f 5342 5349 5351
f 5343 5351 5288
f 5351 5287 5288
f 5287 5351 5280
f 5351 5348 5280
f 5237 5344 5210
f 5344 5496 5210
f 5362 5238 5204
f 5238 5211 5204
f 5633 5634 5177
f 5634 5178 5177
f 5174 5632 5176
f 5632 5633 5176
f 5210 5211 5237
f 5211 5238 5237
f 5362 5640 5238
f 5640 5232 5238
f 5643 5642 5381
f 5642 5380 5381
f 5639 5361 5377
f 5361 5376 5377
f 5173 5354 5174
f 5354 5632 5174
f 5367 5166 5165
f 5631 5353 5370
f 5353 5369 5370
f 5641 5363 5379
f 5363 5378 5379
f 5204 5202 5362
f 5202 5638 5362
f 5355 5631 5371
f 5631 5370 5371
f 5367 5630 5166
f 5630 5167 5166
f 5161 5160 5635
f 5160 5634 5635
f 5352 5644 5368
f 5644 5382 5368
f 5202 5201 5638
f 5201 5637 5638
f 5630 5629 5169
f 5629 5168 5169
f 5357 5356 5373
f 5356 5372 5373
f 5169 5167 5630
f 5636 5358 5375
f 5358 5374 5375
f 5201 5217 5637
f 5217 5359 5637
f 5217 5161 5359
f 5161 5635 5359
f 5711 5139 5710
f 5363 5639 5378
f 5639 5377 5378
f 5171 5168 5629
f 5365 5366 5234
f 5366 5164 5234
f 5644 5643 5382
f 5643 5381 5382
f 5170 5629 5172
f 5629 5354 5172
f 5642 5641 5380
f 5641 5379 5380
f 5344 5347 5496
f 5347 5495 5496
f 5634 5160 5178
f 5364 5365 5233
f 5365 5234 5233
f 5633 5177 5175
f 5232 5640 5233
f 5640 5364 5233
f 5358 5357 5374
f 5357 5373 5374
f 5173 5172 5354
f 5170 5171 5629
f 5353 5352 5369
f 5352 5368 5369
f 5366 5367 5164
f 5367 5165 5164
f 5176 5633 5175
f 5356 5355 5372
f 5355 5371 5372
f 5146 5246 5254
f 5146 5256 5245
f 5256 5285 5245
f 5254 5247 5146
f 5247 5181 5146
f 5146 5245 5246
f 5181 5188 5146
f 5188 5147 5146
f 5383 5067 5066
f 5383 5107 5106
f 5105 5107 5383
f 5105 5383 5104
f 5104 5383 5100
f 5100 5383 5098
f 5098 5383 5093
f 5093 5383 5096
f 5383 5066 5062
f 5057 5383 5060
f 5383 5062 5059
f 5060 5383 5071
f 5383 5059 5061
f 5071 5383 5072
f 5072 5383 5061
f 5383 5106 5067
f 5660 5386 5661
f 5386 5390 5661
f 5444 5385 5445
f 5385 5389 5445
f 5385 5384 5389
f 5384 5388 5389
f 5661 5390 5664
f 5390 5394 5664
f 5445 5389 5446
f 5389 5393 5446
f 5389 5388 5393
f 5388 5392 5393
f 5664 5394 5666
f 5394 5398 5666
f 5446 5393 5447
f 5393 5397 5447
f 5393 5392 5397
f 5392 5396 5397
f 5666 5398 5668
f 5398 5402 5668
f 5447 5397 5448
f 5397 5401 5448
f 5397 5396 5401
f 5396 5400 5401
f 5668 5402 5670
f 5402 5406 5670
f 5448 5401 5449
f 5401 5405 5449
f 5401 5400 5405
f 5400 5404 5405
f 5670 5406 5672
f 5406 5410 5672
f 5449 5405 5450
f 5405 5409 5450
f 5405 5404 5409
f 5404 5408 5409
f 5672 5410 5674
f 5410 5414 5674
f 5450 5409 5451
f 5409 5413 5451
f 5409 5408 5413
f 5408 5412 5413
f 5674 5414 5676
f 5414 5418 5676
f 5451 5413 5452
f 5413 5417 5452
f 5413 5412 5417
f 5412 5416 5417
f 5676 5418 5678
f 5418 5422 5678
f 5452 5417 5453
f 5417 5421 5453
f 5417 5416 5421
f 5416 5420 5421
f 5678 5422 5680
f 5422 5426 5680
f 5453 5421 5454
f 5421 5425 5454
f 5421 5420 5425
f 5420 5424 5425
f 5680 5426 5431
f 5426 5430 5431
f 5454 5425 5455
f 5425 5429 5455
f 5425 5424 5429
f 5424 5428 5429
f 5519 5577 5708
f 5577 5687 5708
f 5519 5708 5139
f 5361 5360 5719
f 5558 5126 5685
f 5126 5705 5685
f 5636 5375 5720
f 5720 5703 5636
f 5435 5434 5689
f 5434 5438 5689
f 5456 5433 5457
f 5433 5437 5457
f 5433 5432 5437
f 5432 5436 5437
f 5689 5438 5692
f 5438 5442 5692
f 5457 5437 5458
f 5437 5441 5458
f 5437 5436 5441
f 5436 5440 5441
f 5692 5442 5660
f 5442 5386 5660
f 5458 5441 5444
f 5441 5385 5444
f 5441 5440 5385
f 5440 5384 5385
f 5415 5419 5040
f 5419 5039 5040
f 5047 5387 5046
f 5387 5391 5046
f 5041 5042 5411
f 5042 5407 5411
f 5039 5419 5038
f 5419 5423 5038
f 5427 5037 5423
f 5037 5038 5423
f 5443 5387 5048
f 5387 5047 5048
f 5375 5700 5720
f 5403 5043 5399
f 5043 5044 5399
f 5718 5696 5376
f 5399 5044 5395
f 5044 5045 5395
f 5443 5048 5439
f 5048 5049 5439
f 5395 5045 5391
f 5045 5046 5391
f 5636 5703 5360
f 5411 5415 5041
f 5415 5040 5041
f 5403 5407 5043
f 5407 5042 5043
f 5442 5458 5386
f 5458 5444 5386
f 5438 5457 5442
f 5457 5458 5442
f 5434 5456 5438
f 5456 5457 5438
f 5652 5697 5683
f 5697 5694 5683
f 5690 5698 5653
f 5698 5701 5653
f 5426 5454 5430
f 5454 5455 5430
f 5422 5453 5426
f 5453 5454 5426
f 5418 5452 5422
f 5452 5453 5422
f 5414 5451 5418
f 5451 5452 5418
f 5410 5450 5414
f 5450 5451 5414
f 5406 5449 5410
f 5449 5450 5410
f 5402 5448 5406
f 5448 5449 5406
f 5398 5447 5402
f 5447 5448 5402
f 5394 5446 5398
f 5446 5447 5398
f 5390 5445 5394
f 5445 5446 5394
f 5386 5444 5390
f 5444 5445 5390
f 5682 5706 5686
f 5688 5684 5727
f 5704 5705 5125
f 5710 5139 5709
f 5712 5125 5526
f 5125 5705 5126
f 5526 5125 5525
f 5125 5124 5525
f 5125 5712 5704
f 5709 5139 5708
f 5139 5711 5124
f 5711 5525 5124
f 5430 5713 5431
f 5713 5707 5431
f 5455 5714 5430
f 5714 5713 5430
f 5429 5715 5455
f 5715 5714 5455
f 5428 5716 5429
f 5716 5715 5429
f 5716 5428 5717
f 5428 5695 5717
f 5699 5432 5721
f 5721 5432 5722
f 5433 5723 5432
f 5723 5722 5432
f 5456 5724 5433
f 5724 5723 5433
f 5434 5725 5456
f 5725 5724 5456
f 5435 5726 5434
f 5726 5725 5434
f 5464 5463 5480
f 5463 5479 5480
f 5465 5464 5481
f 5464 5480 5481
f 5463 5462 5479
f 5462 5478 5479
f 5466 5465 5482
f 5465 5481 5482
f 5468 5467 5486
f 5467 5485 5486
f 5461 5460 5475
f 5460 5474 5475
f 5476 5477 5475
f 5475 5477 5461
f 5462 5461 5478
f 5461 5477 5478
f 5467 5466 5483
f 5466 5482 5483
f 5484 5485 5483
f 5485 5467 5483
f 5468 5486 5487
f 5468 5488 5469
f 5488 5489 5469
f 5470 5471 5459
f 5471 5460 5459
f 5488 5468 5487
f 5489 5490 5469
f 5460 5471 5472
f 5474 5460 5473
f 5460 5472 5473
f 5162 5512 5550
f 5512 5050 5550
f 5510 5179 5112
f 5179 5580 5112
f 5495 5347 5263
f 5347 5729 5263
f 5610 5728 5613
f 5728 5263 5613
f 5612 5494 5615
f 5494 5341 5615
f 5264 5495 5728
f 5495 5263 5728
f 5496 5495 5210
f 5495 5264 5210
f 5626 5225 5272
f 5225 5270 5272
f 5498 5499 5512
f 5499 5514 5512
f 5499 5497 5514
f 5497 5511 5514
f 5503 5502 5142
f 5502 5141 5142
f 5501 5500 5140
f 5500 5058 5140
f 5500 5505 5507
f 5511 5497 5500
f 5507 5513 5511
f 5500 5507 5511
f 5504 5503 5143
f 5503 5142 5143
f 5501 5502 5509
f 5502 5508 5509
f 5501 5509 5505
f 5506 5508 5503
f 5508 5502 5503
f 5505 5500 5501
f 5510 5506 5504
f 5506 5503 5504
f 5504 5180 5510
f 5180 5179 5510
f 5509 5508 5096
f 5508 5095 5096
f 5513 5507 5505
f 5505 5383 5057
f 5505 5057 5513
f 5505 5509 5383
f 5509 5096 5383
f 5512 5514 5050
f 5514 5053 5050
f 5511 5513 5056
f 5513 5057 5056
f 5514 5511 5053
f 5511 5056 5053
f 5493 5330 5313
f 5330 5314 5313
f 5313 5609 5329
o Part.9
v -30.433 37.503 -101.65
v -30.472 37.448 -101.614
v -30.451 37.568 -101.685
v -30.482 37.747 -101.254
v -30.52 37.687 -101.228
v -30.499 37.807 -101.3
v -30.703 37.987 -100.919
v -30.736 37.921 -100.9
v -30.715 38.041 -100.972
v -31.064 38.186 -100.694
v -31.088 38.114 -100.682
v -31.067 38.234 -100.754
v -31.261 37.08 -102.606
v -31.28 37.035 -102.547
v -31.259 37.155 -102.618
v -30.854 37.141 -102.382
v -30.883 37.095 -102.327
v -30.862 37.216 -102.4
v -30.563 37.29 -102.046
v -30.6 37.24 -102.001
v -30.578 37.36 -102.072
v -31.567 35.577 -101.597
v -31.195 35.634 -101.391
v -30.929 35.77 -101.083
v -30.809 35.965 -100.721
v -30.854 36.19 -100.357
v -31.057 36.409 -100.05
v -31.387 36.591 -99.844
v -30.854 40.59 -104.077
v -30.638 40.623 -103.958
v -30.484 40.701 -103.78
v -30.415 40.815 -103.569
v -30.441 40.945 -103.359
v -30.558 41.072 -103.181
v -30.75 41.177 -103.062
v -30.389 40.157 -104.094
v -30.762 40.1 -104.299
v -30.581 41.114 -102.547
v -30.251 40.932 -102.752
v -30.048 40.713 -103.06
v -30.003 40.488 -103.423
v -30.123 40.293 -103.786
v -30.902 37.274 -102.373
v -31.094 38.232 -100.827
v -30.561 37.831 -101.34
v -30.636 37.411 -102.065
v -31.275 37.219 -102.58
v -30.764 38.05 -101.033
v -30.516 37.606 -101.703
v -30.933 37.104 -102.271
v -31.125 38.061 -100.724
v -30.592 37.66 -101.238
v -30.667 37.24 -101.963
v -31.305 37.047 -102.477
v -30.795 37.879 -100.93
v -30.547 37.435 -101.601
v -31.9 33.749 -101.241
v -31.547 33.529 -101.198
v -31.264 33.23 -101.13
v -31.069 32.871 -101.042
v -30.978 32.477 -100.939
v -30.993 32.075 -100.829
v -31.114 31.709 -100.652
v -31.173 31.383 -100.404
v -31.524 34.533 -101.472
v -30.972 34.19 -101.406
v -30.529 33.723 -101.3
v -30.226 33.162 -101.162
v -30.082 32.546 -101.001
v -30.107 31.917 -100.829
v -30.294 31.355 -100.519
v -31.28 30.778 -98.709
v -30.277 32.164 -96.323
v -30.095 32.471 -96.416
v -29.902 33.07 -96.588
v -29.876 33.699 -96.76
v -30.021 34.315 -96.921
v -30.324 34.876 -97.059
v -30.767 35.344 -97.164
v -31.318 35.687 -97.231
v -30.978 32.478 -96.375
v -30.912 32.845 -96.478
v -30.788 33.228 -96.588
v -30.772 33.63 -96.698
v -30.864 34.025 -96.801
v -31.059 34.383 -96.889
v -31.342 34.682 -96.957
v -31.695 34.902 -96.999
v -30.546 31.863 -96.229
v -31.246 30.969 -99.861
v -31.07 31.956 -96.229
v -31.134 30.709 -99.015
v -31.288 30.736 -99.015
v -31.485 35.429 -101.819
v -31.017 35.5 -101.561
v -30.683 35.67 -101.176
v -30.533 35.916 -100.721
v -30.589 36.198 -100.265
v -30.844 36.474 -99.879
v -30.87 34.764 -99.296
v -30.903 36.102 -99.658
v -31.016 36.566 -99.779
v -31.421 35.107 -99.362
v -31.624 34.599 -101.354
v -31.182 34.46 -100.971
v -30.877 34.398 -100.44
v -30.753 34.449 -99.854
v -30.819 34.687 -99.354
v -30.465 31.102 -100.222
v -30.721 30.875 -99.861
v -31.21 30.766 -98.709
v -31.174 31.372 -96.524
v -31.109 31.74 -96.203
v -31.161 31.449 -96.371
v -31.138 31.578 -96.257
v -31.104 31.36 -96.524
v -30.947 31.544 -96.257
v -31.058 31.431 -96.371
v -31.274 30.812 -99.494
v -30.935 30.752 -99.494
v -31.283 30.765 -99.288
v -31.035 30.721 -99.288
v -30.785 31.682 -96.203
v -30.778 40.453 -104.283
v -30.747 40.217 -104.351
v -30.748 40.334 -104.358
v -30.474 40.5 -104.115
v -30.381 40.273 -104.148
v -30.401 40.387 -104.166
v -30.257 40.61 -103.865
v -30.118 40.407 -103.845
v -30.152 40.514 -103.879
v -30.16 40.77 -103.569
v -29.999 40.599 -103.488
v -30.04 40.697 -103.539
v -30.197 40.952 -103.274
v -30.044 40.82 -103.13
v -30.082 40.906 -103.201
v -30.362 41.132 -103.023
v -30.245 41.036 -102.826
v -30.272 41.112 -102.914
v -30.631 41.279 -102.856
v -30.569 41.215 -102.624
v -30.58 41.281 -102.722
v -32.796 37.924 -101.65
v -32.778 37.858 -101.614
v -32.757 37.979 -101.685
v -32.666 38.136 -101.254
v -32.651 38.066 -101.228
v -32.629 38.186 -101.3
v -32.375 38.285 -100.919
v -32.367 38.212 -100.9
v -32.345 38.331 -100.972
v -31.968 38.347 -100.694
v -31.97 38.271 -100.682
v -31.949 38.391 -100.754
v -32.165 37.241 -102.606
v -32.162 37.192 -102.547
v -32.141 37.312 -102.618
v -32.526 37.439 -102.382
v -32.514 37.386 -102.327
v -32.492 37.506 -102.4
v -32.747 37.679 -102.046
v -32.73 37.619 -102.001
v -32.709 37.74 -102.072
v -32.396 35.724 -101.597
v -32.726 35.906 -101.391
v -32.929 36.126 -101.083
v -32.974 36.35 -100.721
v -32.854 36.546 -100.357
v -32.588 36.682 -100.05
v -32.216 36.738 -99.844
v -31.335 40.675 -104.077
v -31.526 40.781 -103.958
v -31.644 40.908 -103.78
v -31.669 41.039 -103.569
v -31.6 41.152 -103.359
v -31.446 41.23 -103.181
v -31.23 41.263 -103.062
v -31.921 40.429 -104.094
v -31.591 40.248 -104.299
v -31.41 41.261 -102.547
v -31.783 41.205 -102.752
v -32.049 41.069 -103.06
v -32.169 40.873 -103.423
v -32.124 40.649 -103.786
v -32.434 37.547 -102.373
v -31.923 38.38 -100.827
v -32.562 38.188 -101.34
v -32.637 37.768 -102.065
v -32.104 37.366 -102.58
v -32.296 38.323 -101.033
v -32.682 37.992 -101.703
v -32.465 37.377 -102.271
v -31.954 38.209 -100.724
v -32.592 38.016 -101.238
v -32.667 37.596 -101.963
v -32.134 37.195 -102.477
v -32.327 38.152 -100.93
v -32.713 37.821 -101.601
v -32.715 33.894 -101.241
v -33.122 33.81 -101.198
v -33.491 33.627 -101.13
v -33.798 33.357 -101.042
v -34.02 33.019 -100.94
v -34.144 32.636 -100.829
v -34.157 32.251 -100.653
v -34.215 31.924 -100.404
v -32.798 34.76 -101.472
v -33.433 34.629 -101.406
v -34.011 34.343 -101.3
v -34.489 33.921 -101.162
v -34.837 33.392 -101.002
v -35.03 32.793 -100.829
v -35.049 32.202 -100.519
v -34.322 31.32 -98.709
v -34.786 32.967 -96.324
v -34.85 33.318 -96.416
v -34.825 33.947 -96.588
v -34.632 34.546 -96.76
v -34.284 35.074 -96.921
v -33.805 35.496 -97.059
v -33.228 35.782 -97.165
v -32.592 35.914 -97.231
v -34.02 33.02 -96.375
v -33.954 33.386 -96.478
v -33.939 33.789 -96.588
v -33.814 34.172 -96.698
v -33.593 34.511 -96.801
v -33.286 34.78 -96.889
v -32.917 34.963 -96.957
v -32.51 35.047 -96.999
v -34.637 32.592 -96.229
v -34.288 31.51 -99.861
v -34.113 32.498 -96.229
v -34.483 31.305 -99.015
v -34.33 31.278 -99.015
v -32.525 35.614 -101.819
v -32.939 35.843 -101.562
v -33.194 36.117 -101.176
v -33.25 36.399 -100.721
v -33.1 36.645 -100.266
v -32.766 36.816 -99.879
v -33.331 35.203 -99.296
v -32.839 36.446 -99.658
v -32.572 36.843 -99.779
v -32.695 35.334 -99.362
v -32.681 34.788 -101.354
v -33.143 34.81 -100.971
v -33.451 34.856 -100.44
v -33.549 34.947 -99.854
v -33.406 35.148 -99.354
v -34.976 31.906 -100.222
v -34.814 31.604 -99.861
v -34.392 31.333 -98.709
v -34.217 31.914 -96.524
v -34.151 32.281 -96.203
v -34.203 31.991 -96.371
v -34.18 32.12 -96.257
v -34.288 31.927 -96.524
v -34.371 32.154 -96.257
v -34.305 32.009 -96.371
v -34.316 31.354 -99.494
v -34.656 31.414 -99.494
v -34.325 31.307 -99.288
v -34.572 31.351 -99.288
v -34.475 32.339 -96.203
v -31.508 38.312 -100.615
v -31.521 38.237 -100.605
v -31.5 38.357 -100.677
v -31.721 37.115 -102.684
v -31.729 37.069 -102.624
v -31.708 37.189 -102.695
v -31.989 35.609 -101.668
v -30.986 41.244 -103.02
v -31.099 40.609 -104.119
v -31.184 40.132 -104.371
v -30.988 41.23 -102.475
v -31.042 40.927 -103.569
v -31.697 37.25 -102.651
v -31.502 38.347 -100.754
v -31.727 37.079 -102.549
v -31.532 38.177 -100.652
v -32.298 33.873 -101.255
v -31.941 35.881 -97.254
v -32.093 35.027 -97.014
v -32.014 35.469 -101.91
v -31.794 36.705 -99.779
v -32.044 35.301 -99.385
v -32.146 34.727 -101.495
v -31.453 40.573 -104.283
v -31.564 40.362 -104.351
v -31.522 40.472 -104.358
v -31.723 40.722 -104.115
v -31.889 40.541 -104.148
v -31.83 40.642 -104.166
v -31.888 40.901 -103.865
v -32.089 40.758 -103.845
v -32.02 40.847 -103.879
v -31.924 41.084 -103.569
v -32.134 40.979 -103.488
v -32.062 41.057 -103.54
v -31.827 41.242 -103.274
v -32.015 41.171 -103.13
v -31.95 41.239 -103.201
v -31.61 41.354 -103.023
v -31.753 41.305 -102.826
v -31.701 41.366 -102.914
v -31.306 41.4 -102.856
v -31.386 41.361 -102.624
v -31.354 41.419 -102.722
v -30.963 41.373 -102.797
v -30.97 41.33 -102.553
v -30.96 41.389 -102.654
v -31.163 40.249 -104.422
v -31.122 40.48 -104.342
v -31.142 40.364 -104.425
v -31.567 35.577 -101.597
v -31.989 35.609 -101.668
v -31.195 35.634 -101.391
v -30.929 35.77 -101.083
v -30.809 35.965 -100.721
v -30.854 36.19 -100.357
v -31.057 36.409 -100.05
v -31.387 36.591 -99.844
v -31.275 37.219 -102.58
v -30.902 37.274 -102.373
v -30.764 38.05 -101.033
v -31.094 38.232 -100.827
v -30.516 37.606 -101.703
v -30.561 37.831 -101.34
v -30.636 37.411 -102.065
v -31.697 37.25 -102.651
v -31.502 38.347 -100.754
v -30.667 37.24 -101.963
v -30.547 37.435 -101.601
v -30.592 37.66 -101.238
v -30.795 37.879 -100.93
v -31.125 38.061 -100.724
v -31.532 38.177 -100.652
v -31.727 37.079 -102.549
v -31.305 37.047 -102.477
v -30.933 37.104 -102.271
v -32.298 33.873 -101.255
v -31.9 33.749 -101.241
v -31.547 33.529 -101.198
v -31.264 33.23 -101.13
v -31.069 32.871 -101.042
v -30.978 32.477 -100.939
v -30.993 32.075 -100.829
v -31.114 31.709 -100.652
v -31.114 31.709 -100.652
v -31.173 31.383 -100.404
v -31.524 34.533 -101.472
v -30.972 34.19 -101.406
v -30.529 33.723 -101.3
v -30.226 33.162 -101.162
v -30.082 32.546 -101.001
v -30.107 31.917 -100.829
v -30.294 31.355 -100.519
v -30.277 32.164 -96.323
v -30.095 32.471 -96.416
v -29.902 33.07 -96.588
v -29.876 33.699 -96.76
v -30.021 34.315 -96.921
v -30.324 34.876 -97.059
v -30.767 35.344 -97.164
v -31.318 35.687 -97.231
v -31.182 34.46 -100.971
v -31.624 34.599 -101.354
v -31.941 35.881 -97.254
v -30.978 32.478 -96.375
v -30.912 32.845 -96.478
v -30.912 32.845 -96.478
v -30.788 33.228 -96.588
v -30.772 33.63 -96.698
v -30.864 34.025 -96.801
v -31.059 34.383 -96.889
v -31.342 34.682 -96.957
v -31.695 34.902 -96.999
v -32.093 35.027 -97.014
v -30.546 31.863 -96.229
v -31.246 30.969 -99.861
v -31.07 31.956 -96.229
v -31.21 30.766 -98.709
v -31.134 30.709 -99.015
v -30.465 31.102 -100.222
v -31.28 30.778 -98.709
v -31.288 30.736 -99.015
v -31.283 30.765 -99.288
v -31.485 35.429 -101.819
v -32.014 35.469 -101.91
v -31.017 35.5 -101.561
v -30.683 35.67 -101.176
v -30.533 35.916 -100.721
v -30.589 36.198 -100.265
v -30.844 36.474 -99.879
v -31.794 36.705 -99.779
v -31.794 36.705 -99.779
v -31.794 36.705 -99.779
v -31.016 36.566 -99.779
v -31.016 36.566 -99.779
v -30.903 36.102 -99.658
v -32.044 35.301 -99.385
v -31.421 35.107 -99.362
v -32.146 34.727 -101.495
v -32.146 34.727 -101.495
v -32.146 34.727 -101.495
v -30.877 34.398 -100.44
v -30.753 34.449 -99.854
v -30.819 34.687 -99.354
v -30.87 34.764 -99.296
v -30.87 34.764 -99.296
v -30.721 30.875 -99.861
v -31.035 30.721 -99.288
v -31.161 31.449 -96.371
v -31.174 31.372 -96.524
v -31.104 31.36 -96.524
v -31.058 31.431 -96.371
v -31.138 31.578 -96.257
v -30.947 31.544 -96.257
v -31.274 30.812 -99.494
v -30.935 30.752 -99.494
v -31.109 31.74 -96.203
v -30.785 31.682 -96.203
v -32.396 35.724 -101.597
v -32.726 35.906 -101.391
v -32.929 36.126 -101.083
v -32.974 36.35 -100.721
v -32.854 36.546 -100.357
v -32.588 36.682 -100.05
v -32.216 36.738 -99.844
v -32.104 37.366 -102.58
v -32.434 37.547 -102.373
v -32.296 38.323 -101.033
v -31.923 38.38 -100.827
v -32.682 37.992 -101.703
v -32.562 38.188 -101.34
v -32.637 37.768 -102.065
v -32.667 37.596 -101.963
v -32.713 37.821 -101.601
v -32.592 38.016 -101.238
v -32.327 38.152 -100.93
v -31.954 38.209 -100.724
v -32.134 37.195 -102.477
v -32.465 37.377 -102.271
v -32.715 33.894 -101.241
v -33.122 33.81 -101.198
v -33.491 33.627 -101.13
v -33.798 33.357 -101.042
v -34.02 33.019 -100.94
v -34.144 32.636 -100.829
v -34.157 32.251 -100.653
v -34.157 32.251 -100.653
v -34.215 31.924 -100.404
v -32.798 34.76 -101.472
v -33.433 34.629 -101.406
v -34.011 34.343 -101.3
v -34.489 33.921 -101.162
v -34.837 33.392 -101.002
v -35.03 32.793 -100.829
v -35.049 32.202 -100.519
v -34.786 32.967 -96.324
v -34.85 33.318 -96.416
v -34.825 33.947 -96.588
v -34.632 34.546 -96.76
v -34.284 35.074 -96.921
v -33.805 35.496 -97.059
v -33.228 35.782 -97.165
v -32.592 35.914 -97.231
v -33.143 34.81 -100.971
v -32.681 34.788 -101.354
v -34.02 33.02 -96.375
v -33.954 33.386 -96.478
v -33.954 33.386 -96.478
v -33.939 33.789 -96.588
v -33.814 34.172 -96.698
v -33.593 34.511 -96.801
v -33.286 34.78 -96.889
v -32.917 34.963 -96.957
v -32.51 35.047 -96.999
v -34.637 32.592 -96.229
v -34.288 31.51 -99.861
v -34.113 32.498 -96.229
v -34.392 31.333 -98.709
v -34.483 31.305 -99.015
v -34.976 31.906 -100.222
v -34.322 31.32 -98.709
v -34.33 31.278 -99.015
v -34.325 31.307 -99.288
v -32.525 35.614 -101.819
v -32.939 35.843 -101.562
v -33.194 36.117 -101.176
v -33.25 36.399 -100.721
v -33.1 36.645 -100.266
v -32.766 36.816 -99.879
v -32.572 36.843 -99.779
v -32.572 36.843 -99.779
v -32.839 36.446 -99.658
v -32.695 35.334 -99.362
v -33.451 34.856 -100.44
v -33.549 34.947 -99.854
v -33.406 35.148 -99.354
v -33.331 35.203 -99.296
v -33.331 35.203 -99.296
v -34.814 31.604 -99.861
v -34.572 31.351 -99.288
v -34.203 31.991 -96.371
v -34.217 31.914 -96.524
v -34.288 31.927 -96.524
v -34.305 32.009 -96.371
v -34.18 32.12 -96.257
v -34.371 32.154 -96.257
v -34.316 31.354 -99.494
v -34.656 31.414 -99.494
v -34.151 32.281 -96.203
v -34.475 32.339 -96.203
usemtl MB_283
s off
f 5730 5731 5748
f 5731 5749 5748
f 5749 5731 6064
f 5731 6065 6064
f 5998 5740 5997
f 5740 5739 5997
f 6059 5732 6061
f 5732 5750 6061
f 5732 5730 5750
f 5730 5748 5750
f 5746 5749 6072
f 5749 6064 6072
f 5738 5736 5735
f 5736 5733 5735
f 5741 5739 5738
f 5739 5736 5738
f 5740 5737 5739
f 5737 5736 5739
f 6055 6056 5744
f 6056 5747 5744
f 6059 6060 5732
f 6060 5735 5732
f 5730 5732 5733
f 5732 5735 5733
f 5747 5745 5744
f 5745 5742 5744
f 5737 5734 5736
f 5734 5733 5736
f 5749 5746 5748
f 5746 5745 5748
f 5750 5748 5747
f 5748 5745 5747
f 6061 5750 6056
f 5750 5747 6056
f 6070 6001 6071
f 6001 5743 6071
f 6067 5737 6068
f 5737 5740 6068
f 6055 5744 6062
f 5744 6002 6062
f 6058 6063 5741
f 6063 5999 5741
f 6068 5740 6069
f 5740 5998 6069
f 5999 5997 5741
f 5997 5739 5741
f 6057 6058 5738
f 6058 5741 5738
f 5743 5746 6071
f 5746 6072 6071
f 6065 5731 6066
f 5731 5734 6066
f 5731 5730 5734
f 5730 5733 5734
f 6066 5734 6067
f 5734 5737 6067
f 6060 6057 5735
f 6057 5738 5735
f 5744 5742 6002
f 5742 6000 6002
f 5743 6001 5742
f 6001 6000 5742
f 5766 6006 5854
f 6006 6044 5854
f 6041 5871 6004
f 5871 5764 6004
f 5868 5865 5763
f 5865 5762 5763
f 5862 5859 5761
f 5859 5760 5761
f 5856 5853 5759
f 5853 5758 5759
f 5871 5868 5764
f 5868 5763 5764
f 5865 5862 5762
f 5862 5761 5762
f 5768 5769 5869
f 5769 5866 5869
f 5770 5771 5863
f 5771 5860 5863
f 5859 5856 5760
f 5856 5759 5760
f 5767 5768 5872
f 5768 5869 5872
f 5769 5770 5866
f 5770 5863 5866
f 5771 5765 5860
f 5765 5857 5860
f 5765 5766 5857
f 5766 5854 5857
f 6007 5767 6042
f 5767 5872 6042
f 5778 5775 5770
f 5775 5771 5770
f 5777 5774 5768
f 5774 5769 5768
f 6010 5773 6007
f 5773 5767 6007
f 5776 6009 5766
f 6009 6006 5766
f 5775 5772 5771
f 5772 5765 5771
f 5774 5778 5769
f 5778 5770 5769
f 5773 5777 5767
f 5777 5768 5767
f 5772 5776 5765
f 5776 5766 5765
f 5764 5763 6008
f 5762 5761 6008
f 5760 5759 6008
f 5758 6005 6008
f 6004 5764 6008
f 5763 5762 6008
f 5761 5760 6008
f 5759 5758 6008
f 6051 6050 5785
f 6050 5782 5785
f 6053 6052 5784
f 6052 5781 5784
f 6047 6048 5783
f 6048 6011 5783
f 6050 6049 5782
f 6049 5779 5782
f 6052 6051 5781
f 6051 5785 5781
f 6054 6053 5780
f 6053 5784 5780
f 6049 6047 5779
f 6047 5783 5779
f 6099 6120 6098
f 6120 6122 6098
f 5786 6083 6075
f 6083 6084 6075
f 6075 6084 6076
f 6084 6085 6076
f 6076 6085 6077
f 6085 6086 6077
f 6077 6086 6078
f 6086 6087 6078
f 6078 6087 6079
f 6087 6088 6079
f 6079 6088 6080
f 6088 6089 6080
f 5800 5799 6091
f 5799 6092 6091
f 5799 5798 6092
f 5798 6093 6092
f 5798 5797 6093
f 5797 6094 6093
f 5797 5796 6094
f 5796 6095 6094
f 5796 5795 6139
f 5795 5835 6139
f 5794 5833 5795
f 5833 5834 5795
f 6120 6099 6121
f 6099 6135 6121
f 5832 6142 6132
f 6081 6082 6102
f 6082 6101 6102
f 5791 5792 6104
f 5792 6103 6104
f 5790 5791 6105
f 5791 6104 6105
f 5789 5790 6106
f 5790 6105 6106
f 5788 5789 6107
f 5789 6106 6107
f 5787 5788 6108
f 5788 6107 6108
f 6074 5787 6109
f 5787 6108 6109
f 6073 6074 6110
f 6074 6109 6110
f 6097 6134 6100
f 6134 6018 6100
f 6096 6141 6097
f 6141 6134 6097
f 6096 6095 6141
f 6095 6140 6141
f 5809 6014 5817
f 6014 6015 5817
f 5808 5809 5816
f 5809 5817 5816
f 5807 5808 5815
f 5808 5816 5815
f 5806 5807 5814
f 5807 5815 5814
f 5805 5806 5813
f 5806 5814 5813
f 5804 5805 5812
f 5805 5813 5812
f 5803 5804 5811
f 5804 5812 5811
f 6090 5803 5810
f 5803 5811 5810
f 6082 6112 6101
f 6112 6113 6101
f 6090 5810 6111
f 5810 5820 6111
f 6115 6148 6114
f 6148 5845 6114
f 6117 6118 5840
f 6118 5821 5840
f 6122 6123 6098
f 6123 6138 6098
f 6140 6095 6139
f 5793 6080 6116
f 6080 6089 6116
f 6132 5831 6133
f 5831 6127 6133
f 6124 5836 6123
f 5836 6138 6123
f 5753 5825 5752
f 5825 5824 5752
f 5824 5823 5752
f 5823 5751 5752
f 5754 5826 5753
f 5826 5825 5753
f 5756 6126 5755
f 6126 6125 5755
f 5754 5755 5826
f 5755 6125 5826
f 6003 5751 6016
f 5751 5823 6016
f 6128 6054 6012
f 6054 5780 6012
f 6013 6136 5786
f 6136 6083 5786
f 6131 5830 5828
f 5757 6129 6130
f 5833 5794 6137
f 5756 5757 6126
f 5757 6130 6126
f 6133 5832 6132
f 6095 5796 6139
f 5834 5835 5795
f 5837 5836 5827
f 5836 6124 5827
f 5827 5828 5830
f 5830 5829 5827
f 5829 5837 5827
f 5793 6116 5819
f 6116 6143 5819
f 6119 6144 6118
f 6144 5821 6118
f 5818 5839 5802
f 5839 5838 5802
f 5800 6091 5838
f 6091 5802 5838
f 5852 6152 5818
f 6152 5839 5818
f 6146 6147 6145
f 6147 5847 6145
f 6145 5847 6149
f 5847 6150 6149
f 6117 5840 6146
f 5840 6147 6146
f 5819 6143 6151
f 6143 5849 6151
f 6111 5820 6154
f 5820 6153 6154
f 6112 5848 6113
f 5848 5842 6113
f 5801 5841 5822
f 5841 5843 5822
f 5851 5846 6115
f 5846 6148 6115
f 5822 5843 5850
f 5843 5844 5850
f 5842 5848 5844
f 5848 5850 5844
f 6149 6150 6153
f 6150 6154 6153
f 6151 5849 6119
f 5849 6144 6119
f 5846 5851 5852
f 5851 6152 5852
f 6046 6045 5855
f 6045 5853 5855
f 5854 5855 5857
f 5855 5858 5857
f 5855 5853 5858
f 5853 5856 5858
f 5857 5858 5860
f 5858 5861 5860
f 5858 5856 5861
f 5856 5859 5861
f 5860 5861 5863
f 5861 5864 5863
f 5861 5859 5864
f 5859 5862 5864
f 5863 5864 5866
f 5864 5867 5866
f 5864 5862 5867
f 5862 5865 5867
f 5866 5867 5869
f 5867 5870 5869
f 5867 5865 5870
f 5865 5868 5870
f 5869 5870 5872
f 5870 5873 5872
f 5870 5868 5873
f 5868 5871 5873
f 5872 5873 6042
f 5873 6043 6042
f 5873 5871 6043
f 5871 6041 6043
f 5853 6045 5758
f 6045 6005 5758
f 5746 5743 5745
f 5743 5742 5745
f 6044 6046 5854
f 6046 5855 5854
f 5874 5892 5875
f 5892 5893 5875
f 5893 6169 5875
f 6169 6170 5875
f 5998 5997 5884
f 5997 5883 5884
f 6166 6168 5876
f 6168 5894 5876
f 5876 5894 5874
f 5894 5892 5874
f 5890 6175 5893
f 6175 6169 5893
f 5882 5879 5880
f 5879 5877 5880
f 5885 5882 5883
f 5882 5880 5883
f 5884 5883 5881
f 5883 5880 5881
f 6162 5888 6163
f 5888 5891 6163
f 6166 5876 6167
f 5876 5879 6167
f 5874 5877 5876
f 5877 5879 5876
f 5891 5888 5889
f 5888 5886 5889
f 5881 5880 5878
f 5880 5877 5878
f 5893 5892 5890
f 5892 5889 5890
f 5894 5891 5892
f 5891 5889 5892
f 6168 6163 5894
f 6163 5891 5894
f 6070 6174 6001
f 6174 5887 6001
f 6172 6173 5881
f 6173 5884 5881
f 6162 6062 5888
f 6062 6002 5888
f 6165 5885 6063
f 5885 5999 6063
f 6173 6069 5884
f 6069 5998 5884
f 5999 5885 5997
f 5885 5883 5997
f 6164 5882 6165
f 5882 5885 6165
f 5887 6174 5890
f 6174 6175 5890
f 6170 6171 5875
f 6171 5878 5875
f 5877 5874 5878
f 5874 5875 5878
f 6171 6172 5878
f 6172 5881 5878
f 6167 5879 6164
f 5879 5882 6164
f 5888 6002 5886
f 6002 6000 5886
f 5887 5886 6001
f 5886 6000 6001
f 5910 6021 6006
f 6021 6044 6006
f 6041 6004 6038
f 6004 5908 6038
f 6035 5907 6032
f 5907 5906 6032
f 6029 5905 6026
f 5905 5904 6026
f 6023 5903 6020
f 5903 5902 6020
f 6038 5908 6035
f 5908 5907 6035
f 6032 5906 6029
f 5906 5905 6029
f 5912 6036 5913
f 6036 6033 5913
f 5914 6030 5915
f 6030 6027 5915
f 6026 5904 6023
f 5904 5903 6023
f 5911 6039 5912
f 6039 6036 5912
f 5913 6033 5914
f 6033 6030 5914
f 5915 6027 5909
f 6027 6024 5909
f 5909 6024 5910
f 6024 6021 5910
f 6007 6042 5911
f 6042 6039 5911
f 5922 5914 5919
f 5914 5915 5919
f 5921 5912 5918
f 5912 5913 5918
f 6010 6007 5917
f 6007 5911 5917
f 5920 5910 6009
f 5910 6006 6009
f 5919 5915 5916
f 5915 5909 5916
f 5918 5913 5922
f 5913 5914 5922
f 5917 5911 5921
f 5911 5912 5921
f 5916 5909 5920
f 5909 5910 5920
f 5908 6008 5907
f 5906 6008 5905
f 5904 6008 5903
f 5902 6008 6005
f 6004 6008 5908
f 5907 6008 5906
f 5905 6008 5904
f 5903 6008 5902
f 6158 5929 6157
f 5929 5926 6157
f 6160 5928 6159
f 5928 5925 6159
f 6155 5927 6048
f 5927 6011 6048
f 6157 5926 6156
f 5926 5923 6156
f 6159 5925 6158
f 5925 5929 6158
f 6161 5924 6160
f 5924 5928 6160
f 6156 5923 6155
f 5923 5927 6155
f 6201 6200 6220
f 6200 6221 6220
f 5930 6177 6185
f 6177 6186 6185
f 6177 6178 6186
f 6178 6187 6186
f 6178 6179 6187
f 6179 6188 6187
f 6179 6180 6188
f 6180 6189 6188
f 6180 6181 6189
f 6181 6190 6189
f 6181 6182 6190
f 6182 6191 6190
f 5944 6193 5943
f 6193 6194 5943
f 5943 6194 5942
f 6194 6195 5942
f 5942 6195 5941
f 6195 6196 5941
f 5941 6196 5940
f 6196 6197 5940
f 5940 6231 5939
f 6231 5979 5939
f 5938 5939 5977
f 5939 5978 5977
f 6220 6121 6201
f 6121 6135 6201
f 5976 6228 6234
f 6183 6203 6184
f 6203 6202 6184
f 5935 6205 5936
f 6205 6204 5936
f 5934 6206 5935
f 6206 6205 5935
f 5933 6207 5934
f 6207 6206 5934
f 5932 6208 5933
f 6208 6207 5933
f 5931 6209 5932
f 6209 6208 5932
f 6176 6210 5931
f 6210 6209 5931
f 6073 6110 6176
f 6110 6210 6176
f 6199 6100 6229
f 6100 6018 6229
f 6198 6199 6233
f 6199 6229 6233
f 6198 6233 6197
f 6233 6232 6197
f 5953 5961 6014
f 5961 6015 6014
f 5952 5960 5953
f 5960 5961 5953
f 5951 5959 5952
f 5959 5960 5952
f 5950 5958 5951
f 5958 5959 5951
f 5949 5957 5950
f 5957 5958 5950
f 5948 5956 5949
f 5956 5957 5949
f 5947 5955 5948
f 5955 5956 5948
f 6192 5954 5947
f 5954 5955 5947
f 6184 6202 6212
f 6202 6213 6212
f 6192 6211 5954
f 6211 5964 5954
f 6215 6214 6240
f 6214 5989 6240
f 6217 5984 6218
f 5984 5965 6218
f 6221 6200 6222
f 6200 6230 6222
f 6232 6231 6197
f 5937 6216 6182
f 6216 6191 6182
f 6228 6133 5975
f 6133 6127 5975
f 6223 6222 5980
f 6222 6230 5980
f 5897 5896 5969
f 5896 5968 5969
f 5968 5896 5967
f 5896 5895 5967
f 5898 5897 5970
f 5897 5969 5970
f 5900 5899 6225
f 5899 6224 6225
f 5898 5970 5899
f 5970 6224 5899
f 6003 6016 5895
f 6016 5967 5895
f 6128 6012 6161
f 6012 5924 6161
f 6013 5930 6136
f 5930 6185 6136
f 6227 5972 5974
f 5901 6226 6017
f 5977 6019 5938
f 5900 6225 5901
f 6225 6226 5901
f 6133 6228 5976
f 6197 6231 5940
f 5978 5939 5979
f 5981 5971 5980
f 5971 6223 5980
f 5971 5974 5972
f 5974 5971 5973
f 5971 5981 5973
f 5937 5963 6216
f 5963 6235 6216
f 6219 6218 6236
f 6218 5965 6236
f 5962 5946 5983
f 5946 5982 5983
f 5944 5982 6193
f 5982 5946 6193
f 5996 5962 6244
f 5962 5983 6244
f 6238 6237 6239
f 6237 5991 6239
f 6237 6241 5991
f 6241 6242 5991
f 6217 6238 5984
f 6238 6239 5984
f 5963 6243 6235
f 6243 5993 6235
f 6211 6246 5964
f 6246 6245 5964
f 6212 6213 5992
f 6213 5986 5992
f 5945 5966 5985
f 5966 5987 5985
f 5995 6215 5990
f 6215 6240 5990
f 5966 5994 5987
f 5994 5988 5987
f 5986 5988 5992
f 5988 5994 5992
f 6241 6245 6242
f 6245 6246 6242
f 6243 6219 5993
f 6219 6236 5993
f 5990 5996 5995
f 5996 6244 5995
f 6046 6022 6045
f 6022 6020 6045
f 6021 6024 6022
f 6024 6025 6022
f 6022 6025 6020
f 6025 6023 6020
f 6024 6027 6025
f 6027 6028 6025
f 6025 6028 6023
f 6028 6026 6023
f 6027 6030 6028
f 6030 6031 6028
f 6028 6031 6026
f 6031 6029 6026
f 6030 6033 6031
f 6033 6034 6031
f 6031 6034 6029
f 6034 6032 6029
f 6033 6036 6034
f 6036 6037 6034
f 6034 6037 6032
f 6037 6035 6032
f 6036 6039 6037
f 6039 6040 6037
f 6037 6040 6035
f 6040 6038 6035
f 6039 6042 6040
f 6042 6043 6040
f 6040 6043 6038
f 6043 6041 6038
f 6020 5902 6045
f 5902 6005 6045
f 5890 5889 5887
f 5889 5886 5887
f 6044 6021 6046
f 6021 6022 6046
o Part.10
v -11.648 38.172 -99.969
v -11.668 38.117 -99.919
v -11.686 38.216 -100.019
v -11.795 38.475 -99.644
v -11.811 38.413 -99.602
v -11.829 38.512 -99.702
v -12.099 38.7 -99.369
v -12.108 38.633 -99.333
v -12.126 38.731 -99.433
v -12.515 38.813 -99.185
v -12.514 38.743 -99.154
v -12.531 38.841 -99.254
v -12.241 37.271 -100.754
v -12.246 37.238 -100.685
v -12.264 37.337 -100.785
v -11.889 37.52 -100.57
v -11.903 37.482 -100.505
v -11.921 37.58 -100.605
v -11.681 37.836 -100.295
v -11.7 37.79 -100.237
v -11.718 37.889 -100.336
v -12.062 36.051 -99.394
v -11.74 36.28 -99.224
v -11.55 36.57 -98.971
v -11.519 36.877 -98.674
v -11.654 37.155 -98.376
v -11.933 37.361 -98.123
v -12.314 37.465 -97.954
v -12.986 40.232 -103.061
v -12.8 40.365 -102.964
v -12.689 40.532 -102.817
v -12.673 40.711 -102.645
v -12.75 40.872 -102.472
v -12.911 40.991 -102.326
v -13.132 41.051 -102.228
v -12.401 39.993 -102.991
v -12.723 39.764 -103.16
v -12.975 41.178 -101.721
v -12.594 41.074 -101.889
v -12.315 40.868 -102.142
v -12.181 40.59 -102.441
v -12.211 40.283 -102.738
v -11.98 37.627 -100.593
v -12.554 38.812 -99.323
v -11.894 38.503 -99.744
v -11.79 37.917 -100.34
v -12.302 37.398 -100.762
v -12.173 38.708 -99.492
v -11.759 38.224 -100.043
v -11.955 37.487 -100.451
v -12.529 38.671 -99.18
v -11.869 38.362 -99.602
v -11.765 37.776 -100.198
v -12.277 37.258 -100.619
v -12.148 38.568 -99.349
v -11.734 38.084 -99.9
v -11.769 34.367 -98.583
v -11.365 34.298 -98.503
v -11 34.139 -98.376
v -10.699 33.902 -98.211
v -10.484 33.6 -98.019
v -10.367 33.257 -97.812
v -10.364 32.928 -97.546
v -10.319 32.673 -97.222
v -11.672 35.15 -99.017
v -11.04 35.042 -98.893
v -10.47 34.794 -98.694
v -10 34.422 -98.436
v -9.663 33.952 -98.135
v -9.481 33.414 -97.812
v -9.479 32.918 -97.365
v -10.289 32.506 -95.427
v -9.921 34.692 -93.503
v -9.851 35.01 -93.676
v -9.866 35.576 -93.999
v -10.048 36.114 -94.322
v -10.385 36.584 -94.623
v -10.855 36.956 -94.882
v -11.425 37.204 -95.08
v -12.057 37.312 -95.205
v -10.684 34.727 -93.6
v -10.743 35.056 -93.793
v -10.752 35.419 -93.999
v -10.869 35.762 -94.206
v -11.084 36.064 -94.399
v -11.385 36.301 -94.564
v -11.75 36.46 -94.69
v -12.154 36.529 -94.77
v -10.076 34.351 -93.325
v -10.271 32.406 -96.591
v -10.601 34.257 -93.325
v -10.114 32.416 -95.713
v -10.268 32.389 -95.713
v -11.925 35.89 -99.576
v -11.521 36.178 -99.364
v -11.282 36.54 -99.047
v -11.244 36.926 -98.674
v -11.412 37.275 -98.3
v -11.762 37.535 -97.983
v -11.232 36.118 -96.996
v -11.701 37.231 -97.674
v -11.96 37.585 -97.901
v -11.863 36.225 -97.12
v -11.793 35.205 -98.914
v -11.348 35.323 -98.529
v -11.064 35.501 -98.013
v -10.991 35.734 -97.463
v -11.155 36.051 -97.035
v -9.566 32.703 -97.008
v -9.745 32.499 -96.591
v -10.219 32.518 -95.427
v -10.487 33.619 -93.463
v -10.564 34.054 -93.246
v -10.507 33.731 -93.334
v -10.534 33.884 -93.257
v -10.416 33.632 -93.463
v -10.343 33.918 -93.257
v -10.405 33.749 -93.334
v -10.26 32.345 -96.196
v -9.92 32.405 -96.196
v -10.261 32.35 -95.984
v -10.014 32.394 -95.984
v -10.241 34.111 -93.246
v -12.859 40.083 -103.231
v -12.747 39.862 -103.239
v -12.788 39.967 -103.275
v -12.597 40.27 -103.093
v -12.43 40.088 -103.073
v -12.488 40.18 -103.118
v -12.442 40.506 -102.888
v -12.243 40.373 -102.824
v -12.309 40.451 -102.882
v -12.418 40.757 -102.645
v -12.212 40.676 -102.531
v -12.281 40.738 -102.603
v -12.527 40.982 -102.402
v -12.345 40.95 -102.237
v -12.407 40.998 -102.326
v -12.754 41.151 -102.196
v -12.62 41.153 -101.987
v -12.667 41.19 -102.09
v -13.064 41.235 -102.059
v -12.995 41.255 -101.821
v -13.023 41.287 -101.932
v -14.011 37.751 -99.969
v -13.974 37.706 -99.919
v -13.991 37.806 -100.019
v -13.978 38.086 -99.644
v -13.942 38.034 -99.602
v -13.959 38.132 -99.702
v -13.771 38.402 -99.369
v -13.739 38.343 -99.333
v -13.756 38.441 -99.433
v -13.419 38.652 -99.185
v -13.396 38.586 -99.154
v -13.414 38.684 -99.254
v -13.144 37.11 -100.754
v -13.128 37.081 -100.685
v -13.146 37.18 -100.785
v -13.561 37.222 -100.57
v -13.534 37.191 -100.505
v -13.551 37.29 -100.605
v -13.865 37.448 -100.295
v -13.831 37.41 -100.237
v -13.848 37.509 -100.336
v -12.891 35.904 -99.394
v -13.272 36.007 -99.224
v -13.55 36.214 -98.971
v -13.685 36.491 -98.674
v -13.655 36.799 -98.376
v -13.464 37.088 -98.123
v -13.143 37.317 -97.954
v -13.467 40.147 -103.061
v -13.688 40.206 -102.964
v -13.849 40.326 -102.817
v -13.927 40.488 -102.645
v -13.91 40.665 -102.472
v -13.799 40.833 -102.326
v -13.613 40.966 -102.228
v -13.933 39.72 -102.991
v -13.552 39.617 -103.16
v -13.804 41.03 -101.721
v -14.126 40.802 -101.889
v -14.316 40.512 -102.142
v -14.347 40.204 -102.441
v -14.212 39.926 -102.738
v -13.512 37.354 -100.592
v -13.383 38.665 -99.323
v -13.895 38.146 -99.744
v -13.79 37.561 -100.34
v -13.131 37.251 -100.762
v -13.704 38.436 -99.492
v -13.925 37.839 -100.043
v -13.487 37.214 -100.451
v -13.358 38.524 -99.18
v -13.87 38.006 -99.602
v -13.765 37.42 -100.198
v -13.106 37.111 -100.619
v -13.679 38.295 -99.349
v -13.9 37.698 -99.9
v -12.584 34.222 -98.583
v -12.94 34.017 -98.503
v -13.227 33.743 -98.376
v -13.428 33.416 -98.211
v -13.526 33.058 -98.019
v -13.517 32.696 -97.812
v -13.406 32.386 -97.546
v -13.361 32.131 -97.222
v -12.946 34.923 -99.017
v -13.502 34.604 -98.893
v -13.951 34.174 -98.694
v -14.263 33.663 -98.436
v -14.418 33.105 -98.135
v -14.403 32.538 -97.812
v -14.234 32.071 -97.365
v -13.331 31.964 -95.427
v -14.43 33.889 -93.503
v -14.606 34.163 -93.676
v -14.788 34.7 -93.999
v -14.803 35.267 -94.322
v -14.648 35.825 -94.623
v -14.336 36.336 -94.882
v -13.886 36.766 -95.08
v -13.331 37.085 -95.205
v -13.726 34.185 -93.6
v -13.785 34.514 -93.793
v -13.902 34.858 -93.999
v -13.911 35.22 -94.206
v -13.813 35.578 -94.398
v -13.612 35.905 -94.564
v -13.325 36.179 -94.69
v -12.969 36.384 -94.77
v -14.168 33.622 -93.325
v -13.313 31.864 -96.591
v -13.643 33.716 -93.325
v -13.464 31.82 -95.713
v -13.31 31.847 -95.713
v -12.964 35.705 -99.576
v -13.442 35.835 -99.364
v -13.792 36.093 -99.047
v -13.961 36.442 -98.674
v -13.923 36.828 -98.3
v -13.684 37.192 -97.983
v -13.693 35.68 -96.996
v -13.637 36.887 -97.674
v -13.516 37.308 -97.901
v -13.137 35.999 -97.12
v -12.851 35.017 -98.914
v -13.309 34.974 -98.529
v -13.638 35.043 -98.013
v -13.787 35.236 -97.463
v -13.742 35.59 -97.035
v -14.077 31.9 -97.008
v -13.839 31.77 -96.591
v -13.401 31.951 -95.427
v -13.529 33.077 -93.463
v -13.607 33.512 -93.246
v -13.549 33.189 -93.334
v -13.576 33.342 -93.257
v -13.6 33.065 -93.463
v -13.767 33.308 -93.257
v -13.651 33.171 -93.334
v -13.302 31.803 -96.196
v -13.642 31.742 -96.196
v -13.303 31.808 -95.984
v -13.55 31.764 -95.984
v -13.93 33.454 -93.246
v -12.978 38.796 -99.12
v -12.966 38.726 -99.09
v -12.983 38.825 -99.191
v -12.681 37.127 -100.818
v -12.676 37.097 -100.748
v -12.694 37.197 -100.848
v -12.466 35.919 -99.452
v -13.378 41.042 -102.194
v -13.221 40.156 -103.096
v -13.127 39.632 -103.219
v -13.4 41.162 -101.662
v -13.3 40.6 -102.645
v -12.706 37.267 -100.821
v -12.978 38.796 -99.263
v -12.681 37.126 -100.678
v -12.954 38.656 -99.121
v -12.185 34.341 -98.611
v -12.707 37.271 -95.247
v -12.57 36.503 -94.798
v -12.431 35.725 -99.651
v -12.738 37.446 -97.901
v -12.513 36.185 -97.163
v -12.322 35.109 -99.06
v -13.535 39.963 -103.231
v -13.564 39.717 -103.239
v -13.562 39.829 -103.275
v -13.845 40.048 -103.093
v -13.939 39.819 -103.073
v -13.917 39.926 -103.118
v -14.072 40.215 -102.888
v -14.214 40.022 -102.824
v -14.178 40.118 -102.882
v -14.182 40.442 -102.645
v -14.347 40.296 -102.531
v -14.303 40.378 -102.603
v -14.157 40.692 -102.402
v -14.316 40.599 -102.237
v -14.275 40.665 -102.326
v -14.002 40.929 -102.196
v -14.128 40.884 -101.987
v -14.097 40.936 -102.09
v -13.74 41.115 -102.059
v -13.812 41.11 -101.821
v -13.797 41.149 -101.932
v -13.41 41.222 -102.01
v -13.414 41.24 -101.764
v -13.42 41.273 -101.876
v -13.145 39.732 -103.298
v -13.189 39.976 -103.279
v -13.165 39.844 -103.33
v -12.062 36.051 -99.394
v -12.466 35.919 -99.452
v -11.74 36.28 -99.224
v -11.55 36.57 -98.971
v -11.519 36.877 -98.674
v -11.654 37.155 -98.376
v -11.933 37.361 -98.123
v -12.314 37.465 -97.954
v -12.302 37.398 -100.762
v -11.98 37.627 -100.593
v -12.173 38.708 -99.492
v -12.554 38.812 -99.323
v -11.759 38.224 -100.043
v -11.894 38.503 -99.744
v -11.79 37.917 -100.34
v -12.706 37.267 -100.821
v -12.978 38.796 -99.263
v -11.765 37.776 -100.198
v -11.734 38.084 -99.9
v -11.869 38.362 -99.602
v -12.148 38.568 -99.349
v -12.529 38.671 -99.18
v -12.954 38.656 -99.121
v -12.681 37.126 -100.678
v -12.277 37.258 -100.619
v -11.955 37.487 -100.451
v -12.185 34.341 -98.611
v -11.769 34.367 -98.583
v -11.365 34.298 -98.503
v -11 34.139 -98.376
v -10.699 33.902 -98.211
v -10.484 33.6 -98.019
v -10.367 33.257 -97.812
v -10.364 32.928 -97.546
v -10.364 32.928 -97.546
v -10.319 32.673 -97.222
v -11.672 35.15 -99.017
v -11.04 35.042 -98.893
v -10.47 34.794 -98.694
v -10 34.422 -98.436
v -9.663 33.952 -98.135
v -9.481 33.414 -97.812
v -9.479 32.918 -97.365
v -9.921 34.692 -93.503
v -9.851 35.01 -93.676
v -9.866 35.576 -93.999
v -10.048 36.114 -94.322
v -10.385 36.584 -94.623
v -10.855 36.956 -94.882
v -11.425 37.204 -95.08
v -12.057 37.312 -95.205
v -11.348 35.323 -98.529
v -11.793 35.205 -98.914
v -12.707 37.271 -95.247
v -10.684 34.727 -93.6
v -10.743 35.056 -93.793
v -10.743 35.056 -93.793
v -10.752 35.419 -93.999
v -10.869 35.762 -94.206
v -11.084 36.064 -94.399
v -11.385 36.301 -94.564
v -11.75 36.46 -94.69
v -12.154 36.529 -94.77
v -12.57 36.503 -94.798
v -10.076 34.351 -93.325
v -10.271 32.406 -96.591
v -10.601 34.257 -93.325
v -10.219 32.518 -95.427
v -10.114 32.416 -95.713
v -9.566 32.703 -97.008
v -10.289 32.506 -95.427
v -10.268 32.389 -95.713
v -10.261 32.35 -95.984
v -11.925 35.89 -99.576
v -12.431 35.725 -99.651
v -11.521 36.178 -99.364
v -11.282 36.54 -99.047
v -11.244 36.926 -98.674
v -11.412 37.275 -98.3
v -11.762 37.535 -97.983
v -12.738 37.446 -97.901
v -12.738 37.446 -97.901
v -12.738 37.446 -97.901
v -11.96 37.585 -97.901
v -11.96 37.585 -97.901
v -11.701 37.231 -97.674
v -12.513 36.185 -97.163
v -11.863 36.225 -97.12
v -12.322 35.109 -99.06
v -12.322 35.109 -99.06
v -12.322 35.109 -99.06
v -11.064 35.501 -98.013
v -10.991 35.734 -97.463
v -11.155 36.051 -97.035
v -11.232 36.118 -96.996
v -11.232 36.118 -96.996
v -9.745 32.499 -96.591
v -10.014 32.394 -95.984
v -10.507 33.731 -93.334
v -10.487 33.619 -93.463
v -10.416 33.632 -93.463
v -10.405 33.749 -93.334
v -10.534 33.884 -93.257
v -10.343 33.918 -93.257
v -10.26 32.345 -96.196
v -9.92 32.405 -96.196
v -10.564 34.054 -93.246
v -10.241 34.111 -93.246
v -12.891 35.904 -99.394
v -13.272 36.007 -99.224
v -13.55 36.214 -98.971
v -13.685 36.491 -98.674
v -13.655 36.799 -98.376
v -13.464 37.088 -98.123
v -13.143 37.317 -97.954
v -13.131 37.251 -100.762
v -13.512 37.354 -100.592
v -13.704 38.436 -99.492
v -13.383 38.665 -99.323
v -13.925 37.839 -100.043
v -13.895 38.146 -99.744
v -13.79 37.561 -100.34
v -13.765 37.42 -100.198
v -13.9 37.698 -99.9
v -13.87 38.006 -99.602
v -13.679 38.295 -99.349
v -13.358 38.524 -99.18
v -13.106 37.111 -100.619
v -13.487 37.214 -100.451
v -12.584 34.222 -98.583
v -12.94 34.017 -98.503
v -13.227 33.743 -98.376
v -13.428 33.416 -98.211
v -13.526 33.058 -98.019
v -13.517 32.696 -97.812
v -13.406 32.386 -97.546
v -13.406 32.386 -97.546
v -13.361 32.131 -97.222
v -12.946 34.923 -99.017
v -13.502 34.604 -98.893
v -13.951 34.174 -98.694
v -14.263 33.663 -98.436
v -14.418 33.105 -98.135
v -14.403 32.538 -97.812
v -14.234 32.071 -97.365
v -14.43 33.889 -93.503
v -14.606 34.163 -93.676
v -14.788 34.7 -93.999
v -14.803 35.267 -94.322
v -14.648 35.825 -94.623
v -14.336 36.336 -94.882
v -13.886 36.766 -95.08
v -13.331 37.085 -95.205
v -13.309 34.974 -98.529
v -12.851 35.017 -98.914
v -13.726 34.185 -93.6
v -13.785 34.514 -93.793
v -13.785 34.514 -93.793
v -13.902 34.858 -93.999
v -13.911 35.22 -94.206
v -13.813 35.578 -94.398
v -13.612 35.905 -94.564
v -13.325 36.179 -94.69
v -12.969 36.384 -94.77
v -14.168 33.622 -93.325
v -13.313 31.864 -96.591
v -13.643 33.716 -93.325
v -13.401 31.951 -95.427
v -13.464 31.82 -95.713
v -14.077 31.9 -97.008
v -13.331 31.964 -95.427
v -13.31 31.847 -95.713
v -13.303 31.808 -95.984
v -12.964 35.705 -99.576
v -13.442 35.835 -99.364
v -13.792 36.093 -99.047
v -13.961 36.442 -98.674
v -13.923 36.828 -98.3
v -13.684 37.192 -97.983
v -13.516 37.308 -97.901
v -13.516 37.308 -97.901
v -13.637 36.887 -97.674
v -13.137 35.999 -97.12
v -13.638 35.043 -98.013
v -13.787 35.236 -97.463
v -13.742 35.59 -97.035
v -13.693 35.68 -96.996
v -13.693 35.68 -96.996
v -13.839 31.77 -96.591
v -13.55 31.764 -95.984
v -13.549 33.189 -93.334
v -13.529 33.077 -93.463
v -13.6 33.065 -93.463
v -13.651 33.171 -93.334
v -13.576 33.342 -93.257
v -13.767 33.308 -93.257
v -13.302 31.803 -96.196
v -13.642 31.742 -96.196
v -13.607 33.512 -93.246
v -13.93 33.454 -93.246
usemtl MB_283
s off
f 6247 6248 6265
f 6248 6266 6265
f 6266 6248 6581
f 6248 6582 6581
f 6515 6257 6514
f 6257 6256 6514
f 6576 6249 6578
f 6249 6267 6578
f 6249 6247 6267
f 6247 6265 6267
f 6263 6266 6589
f 6266 6581 6589
f 6255 6253 6252
f 6253 6250 6252
f 6258 6256 6255
f 6256 6253 6255
f 6257 6254 6256
f 6254 6253 6256
f 6572 6573 6261
f 6573 6264 6261
f 6576 6577 6249
f 6577 6252 6249
f 6247 6249 6250
f 6249 6252 6250
f 6264 6262 6261
f 6262 6259 6261
f 6254 6251 6253
f 6251 6250 6253
f 6266 6263 6265
f 6263 6262 6265
f 6267 6265 6264
f 6265 6262 6264
f 6578 6267 6573
f 6267 6264 6573
f 6587 6518 6588
f 6518 6260 6588
f 6584 6254 6585
f 6254 6257 6585
f 6572 6261 6579
f 6261 6519 6579
f 6575 6580 6258
f 6580 6516 6258
f 6585 6257 6586
f 6257 6515 6586
f 6516 6514 6258
f 6514 6256 6258
f 6574 6575 6255
f 6575 6258 6255
f 6260 6263 6588
f 6263 6589 6588
f 6582 6248 6583
f 6248 6251 6583
f 6248 6247 6251
f 6247 6250 6251
f 6583 6251 6584
f 6251 6254 6584
f 6577 6574 6252
f 6574 6255 6252
f 6261 6259 6519
f 6259 6517 6519
f 6260 6518 6259
f 6518 6517 6259
f 6283 6523 6371
f 6523 6561 6371
f 6558 6388 6521
f 6388 6281 6521
f 6385 6382 6280
f 6382 6279 6280
f 6379 6376 6278
f 6376 6277 6278
f 6373 6370 6276
f 6370 6275 6276
f 6388 6385 6281
f 6385 6280 6281
f 6382 6379 6279
f 6379 6278 6279
f 6285 6286 6386
f 6286 6383 6386
f 6287 6288 6380
f 6288 6377 6380
f 6376 6373 6277
f 6373 6276 6277
f 6284 6285 6389
f 6285 6386 6389
f 6286 6287 6383
f 6287 6380 6383
f 6288 6282 6377
f 6282 6374 6377
f 6282 6283 6374
f 6283 6371 6374
f 6524 6284 6559
f 6284 6389 6559
f 6295 6292 6287
f 6292 6288 6287
f 6294 6291 6285
f 6291 6286 6285
f 6527 6290 6524
f 6290 6284 6524
f 6293 6526 6283
f 6526 6523 6283
f 6292 6289 6288
f 6289 6282 6288
f 6291 6295 6286
f 6295 6287 6286
f 6290 6294 6284
f 6294 6285 6284
f 6289 6293 6282
f 6293 6283 6282
f 6281 6280 6525
f 6279 6278 6525
f 6277 6276 6525
f 6275 6522 6525
f 6521 6281 6525
f 6280 6279 6525
f 6278 6277 6525
f 6276 6275 6525
f 6568 6567 6302
f 6567 6299 6302
f 6570 6569 6301
f 6569 6298 6301
f 6564 6565 6300
f 6565 6528 6300
f 6567 6566 6299
f 6566 6296 6299
f 6569 6568 6298
f 6568 6302 6298
f 6571 6570 6297
f 6570 6301 6297
f 6566 6564 6296
f 6564 6300 6296
f 6616 6637 6615
f 6637 6639 6615
f 6303 6600 6592
f 6600 6601 6592
f 6592 6601 6593
f 6601 6602 6593
f 6593 6602 6594
f 6602 6603 6594
f 6594 6603 6595
f 6603 6604 6595
f 6595 6604 6596
f 6604 6605 6596
f 6596 6605 6597
f 6605 6606 6597
f 6317 6316 6608
f 6316 6609 6608
f 6316 6315 6609
f 6315 6610 6609
f 6315 6314 6610
f 6314 6611 6610
f 6314 6313 6611
f 6313 6612 6611
f 6313 6312 6656
f 6312 6352 6656
f 6311 6350 6312
f 6350 6351 6312
f 6637 6616 6638
f 6616 6652 6638
f 6349 6659 6649
f 6598 6599 6619
f 6599 6618 6619
f 6308 6309 6621
f 6309 6620 6621
f 6307 6308 6622
f 6308 6621 6622
f 6306 6307 6623
f 6307 6622 6623
f 6305 6306 6624
f 6306 6623 6624
f 6304 6305 6625
f 6305 6624 6625
f 6591 6304 6626
f 6304 6625 6626
f 6590 6591 6627
f 6591 6626 6627
f 6614 6651 6617
f 6651 6535 6617
f 6613 6658 6614
f 6658 6651 6614
f 6613 6612 6658
f 6612 6657 6658
f 6326 6531 6334
f 6531 6532 6334
f 6325 6326 6333
f 6326 6334 6333
f 6324 6325 6332
f 6325 6333 6332
f 6323 6324 6331
f 6324 6332 6331
f 6322 6323 6330
f 6323 6331 6330
f 6321 6322 6329
f 6322 6330 6329
f 6320 6321 6328
f 6321 6329 6328
f 6607 6320 6327
f 6320 6328 6327
f 6599 6629 6618
f 6629 6630 6618
f 6607 6327 6628
f 6327 6337 6628
f 6632 6665 6631
f 6665 6362 6631
f 6634 6635 6357
f 6635 6338 6357
f 6639 6640 6615
f 6640 6655 6615
f 6657 6612 6656
f 6310 6597 6633
f 6597 6606 6633
f 6649 6348 6650
f 6348 6644 6650
f 6641 6353 6640
f 6353 6655 6640
f 6270 6342 6269
f 6342 6341 6269
f 6341 6340 6269
f 6340 6268 6269
f 6271 6343 6270
f 6343 6342 6270
f 6273 6643 6272
f 6643 6642 6272
f 6271 6272 6343
f 6272 6642 6343
f 6520 6268 6533
f 6268 6340 6533
f 6645 6571 6529
f 6571 6297 6529
f 6530 6653 6303
f 6653 6600 6303
f 6648 6347 6345
f 6274 6646 6647
f 6350 6311 6654
f 6273 6274 6643
f 6274 6647 6643
f 6650 6349 6649
f 6612 6313 6656
f 6351 6352 6312
f 6354 6353 6344
f 6353 6641 6344
f 6344 6345 6347
f 6347 6346 6344
f 6346 6354 6344
f 6310 6633 6336
f 6633 6660 6336
f 6636 6661 6635
f 6661 6338 6635
f 6335 6356 6319
f 6356 6355 6319
f 6317 6608 6355
f 6608 6319 6355
f 6369 6669 6335
f 6669 6356 6335
f 6663 6664 6662
f 6664 6364 6662
f 6662 6364 6666
f 6364 6667 6666
f 6634 6357 6663
f 6357 6664 6663
f 6336 6660 6668
f 6660 6366 6668
f 6628 6337 6671
f 6337 6670 6671
f 6629 6365 6630
f 6365 6359 6630
f 6318 6358 6339
f 6358 6360 6339
f 6368 6363 6632
f 6363 6665 6632
f 6339 6360 6367
f 6360 6361 6367
f 6359 6365 6361
f 6365 6367 6361
f 6666 6667 6670
f 6667 6671 6670
f 6668 6366 6636
f 6366 6661 6636
f 6363 6368 6369
f 6368 6669 6369
f 6563 6562 6372
f 6562 6370 6372
f 6371 6372 6374
f 6372 6375 6374
f 6372 6370 6375
f 6370 6373 6375
f 6374 6375 6377
f 6375 6378 6377
f 6375 6373 6378
f 6373 6376 6378
f 6377 6378 6380
f 6378 6381 6380
f 6378 6376 6381
f 6376 6379 6381
f 6380 6381 6383
f 6381 6384 6383
f 6381 6379 6384
f 6379 6382 6384
f 6383 6384 6386
f 6384 6387 6386
f 6384 6382 6387
f 6382 6385 6387
f 6386 6387 6389
f 6387 6390 6389
f 6387 6385 6390
f 6385 6388 6390
f 6389 6390 6559
f 6390 6560 6559
f 6390 6388 6560
f 6388 6558 6560
f 6370 6562 6275
f 6562 6522 6275
f 6263 6260 6262
f 6260 6259 6262
f 6561 6563 6371
f 6563 6372 6371
f 6391 6409 6392
f 6409 6410 6392
f 6410 6686 6392
f 6686 6687 6392
f 6515 6514 6401
f 6514 6400 6401
f 6683 6685 6393
f 6685 6411 6393
f 6393 6411 6391
f 6411 6409 6391
f 6407 6692 6410
f 6692 6686 6410
f 6399 6396 6397
f 6396 6394 6397
f 6402 6399 6400
f 6399 6397 6400
f 6401 6400 6398
f 6400 6397 6398
f 6679 6405 6680
f 6405 6408 6680
f 6683 6393 6684
f 6393 6396 6684
f 6391 6394 6393
f 6394 6396 6393
f 6408 6405 6406
f 6405 6403 6406
f 6398 6397 6395
f 6397 6394 6395
f 6410 6409 6407
f 6409 6406 6407
f 6411 6408 6409
f 6408 6406 6409
f 6685 6680 6411
f 6680 6408 6411
f 6587 6691 6518
f 6691 6404 6518
f 6689 6690 6398
f 6690 6401 6398
f 6679 6579 6405
f 6579 6519 6405
f 6682 6402 6580
f 6402 6516 6580
f 6690 6586 6401
f 6586 6515 6401
f 6516 6402 6514
f 6402 6400 6514
f 6681 6399 6682
f 6399 6402 6682
f 6404 6691 6407
f 6691 6692 6407
f 6687 6688 6392
f 6688 6395 6392
f 6394 6391 6395
f 6391 6392 6395
f 6688 6689 6395
f 6689 6398 6395
f 6684 6396 6681
f 6396 6399 6681
f 6405 6519 6403
f 6519 6517 6403
f 6404 6403 6518
f 6403 6517 6518
f 6427 6538 6523
f 6538 6561 6523
f 6558 6521 6555
f 6521 6425 6555
f 6552 6424 6549
f 6424 6423 6549
f 6546 6422 6543
f 6422 6421 6543
f 6540 6420 6537
f 6420 6419 6537
f 6555 6425 6552
f 6425 6424 6552
f 6549 6423 6546
f 6423 6422 6546
f 6429 6553 6430
f 6553 6550 6430
f 6431 6547 6432
f 6547 6544 6432
f 6543 6421 6540
f 6421 6420 6540
f 6428 6556 6429
f 6556 6553 6429
f 6430 6550 6431
f 6550 6547 6431
f 6432 6544 6426
f 6544 6541 6426
f 6426 6541 6427
f 6541 6538 6427
f 6524 6559 6428
f 6559 6556 6428
f 6439 6431 6436
f 6431 6432 6436
f 6438 6429 6435
f 6429 6430 6435
f 6527 6524 6434
f 6524 6428 6434
f 6437 6427 6526
f 6427 6523 6526
f 6436 6432 6433
f 6432 6426 6433
f 6435 6430 6439
f 6430 6431 6439
f 6434 6428 6438
f 6428 6429 6438
f 6433 6426 6437
f 6426 6427 6437
f 6425 6525 6424
f 6423 6525 6422
f 6421 6525 6420
f 6419 6525 6522
f 6521 6525 6425
f 6424 6525 6423
f 6422 6525 6421
f 6420 6525 6419
f 6675 6446 6674
f 6446 6443 6674
f 6677 6445 6676
f 6445 6442 6676
f 6672 6444 6565
f 6444 6528 6565
f 6674 6443 6673
f 6443 6440 6673
f 6676 6442 6675
f 6442 6446 6675
f 6678 6441 6677
f 6441 6445 6677
f 6673 6440 6672
f 6440 6444 6672
f 6718 6717 6737
f 6717 6738 6737
f 6447 6694 6702
f 6694 6703 6702
f 6694 6695 6703
f 6695 6704 6703
f 6695 6696 6704
f 6696 6705 6704
f 6696 6697 6705
f 6697 6706 6705
f 6697 6698 6706
f 6698 6707 6706
f 6698 6699 6707
f 6699 6708 6707
f 6461 6710 6460
f 6710 6711 6460
f 6460 6711 6459
f 6711 6712 6459
f 6459 6712 6458
f 6712 6713 6458
f 6458 6713 6457
f 6713 6714 6457
f 6457 6748 6456
f 6748 6496 6456
f 6455 6456 6494
f 6456 6495 6494
f 6737 6638 6718
f 6638 6652 6718
f 6493 6745 6751
f 6700 6720 6701
f 6720 6719 6701
f 6452 6722 6453
f 6722 6721 6453
f 6451 6723 6452
f 6723 6722 6452
f 6450 6724 6451
f 6724 6723 6451
f 6449 6725 6450
f 6725 6724 6450
f 6448 6726 6449
f 6726 6725 6449
f 6693 6727 6448
f 6727 6726 6448
f 6590 6627 6693
f 6627 6727 6693
f 6716 6617 6746
f 6617 6535 6746
f 6715 6716 6750
f 6716 6746 6750
f 6715 6750 6714
f 6750 6749 6714
f 6470 6478 6531
f 6478 6532 6531
f 6469 6477 6470
f 6477 6478 6470
f 6468 6476 6469
f 6476 6477 6469
f 6467 6475 6468
f 6475 6476 6468
f 6466 6474 6467
f 6474 6475 6467
f 6465 6473 6466
f 6473 6474 6466
f 6464 6472 6465
f 6472 6473 6465
f 6709 6471 6464
f 6471 6472 6464
f 6701 6719 6729
f 6719 6730 6729
f 6709 6728 6471
f 6728 6481 6471
f 6732 6731 6757
f 6731 6506 6757
f 6734 6501 6735
f 6501 6482 6735
f 6738 6717 6739
f 6717 6747 6739
f 6749 6748 6714
f 6454 6733 6699
f 6733 6708 6699
f 6745 6650 6492
f 6650 6644 6492
f 6740 6739 6497
f 6739 6747 6497
f 6414 6413 6486
f 6413 6485 6486
f 6485 6413 6484
f 6413 6412 6484
f 6415 6414 6487
f 6414 6486 6487
f 6417 6416 6742
f 6416 6741 6742
f 6415 6487 6416
f 6487 6741 6416
f 6520 6533 6412
f 6533 6484 6412
f 6645 6529 6678
f 6529 6441 6678
f 6530 6447 6653
f 6447 6702 6653
f 6744 6489 6491
f 6418 6743 6534
f 6494 6536 6455
f 6417 6742 6418
f 6742 6743 6418
f 6650 6745 6493
f 6714 6748 6457
f 6495 6456 6496
f 6498 6488 6497
f 6488 6740 6497
f 6488 6491 6489
f 6491 6488 6490
f 6488 6498 6490
f 6454 6480 6733
f 6480 6752 6733
f 6736 6735 6753
f 6735 6482 6753
f 6479 6463 6500
f 6463 6499 6500
f 6461 6499 6710
f 6499 6463 6710
f 6513 6479 6761
f 6479 6500 6761
f 6755 6754 6756
f 6754 6508 6756
f 6754 6758 6508
f 6758 6759 6508
f 6734 6755 6501
f 6755 6756 6501
f 6480 6760 6752
f 6760 6510 6752
f 6728 6763 6481
f 6763 6762 6481
f 6729 6730 6509
f 6730 6503 6509
f 6462 6483 6502
f 6483 6504 6502
f 6512 6732 6507
f 6732 6757 6507
f 6483 6511 6504
f 6511 6505 6504
f 6503 6505 6509
f 6505 6511 6509
f 6758 6762 6759
f 6762 6763 6759
f 6760 6736 6510
f 6736 6753 6510
f 6507 6513 6512
f 6513 6761 6512
f 6563 6539 6562
f 6539 6537 6562
f 6538 6541 6539
f 6541 6542 6539
f 6539 6542 6537
f 6542 6540 6537
f 6541 6544 6542
f 6544 6545 6542
f 6542 6545 6540
f 6545 6543 6540
f 6544 6547 6545
f 6547 6548 6545
f 6545 6548 6543
f 6548 6546 6543
f 6547 6550 6548
f 6550 6551 6548
f 6548 6551 6546
f 6551 6549 6546
f 6550 6553 6551
f 6553 6554 6551
f 6551 6554 6549
f 6554 6552 6549
f 6553 6556 6554
f 6556 6557 6554
f 6554 6557 6552
f 6557 6555 6552
f 6556 6559 6557
f 6559 6560 6557
f 6557 6560 6555
f 6560 6558 6555
f 6537 6419 6562
f 6419 6522 6562
f 6407 6406 6404
f 6406 6403 6404
f 6561 6538 6563
f 6538 6539 6563
o Part.11
v -34.296 32.158 -99.733
v -35.658 32.216 -100.391
v -34.418 31.959 -100.519
v -33.804 31.455 -99.632
v -34.141 30.049 -100.079
v -33.926 31.256 -100.418
v -34.549 32.033 -100.914
v -34.298 31.47 -100.811
v -33.851 31.036 -100.77
v -35.264 31.984 -100.394
v -34.889 31.139 -100.239
v -34.218 30.489 -100.179
v -35.268 32.135 -100.431
v -35.444 31.849 -101.562
v -35.834 31.93 -101.522
v -34.25 30.143 -101.317
v -34.318 29.763 -101.21
v -34.074 30.428 -100.186
v -34.269 30.358 -103.455
v -34.716 30.792 -103.495
v -34.967 31.354 -103.598
v -35.738 31.213 -103.442
v -35.363 30.369 -103.287
v -34.692 29.718 -103.227
v -33.145 34.311 -91.903
v -32.895 33.748 -91.799
v -32.448 33.314 -91.759
v -32.996 34.553 -90.944
v -32.745 33.991 -90.841
v -32.298 33.557 -90.801
v -33.651 34.601 -90.04
v -33.276 33.757 -89.885
v -32.605 33.106 -89.825
v -33.979 33.513 -94.701
v -33.593 33.584 -94.779
v -33.666 32.81 -94.571
v -33.343 33.021 -94.675
v -33.107 32.267 -94.521
v -32.896 32.587 -94.635
v -33.86 33.707 -93.934
v -33.474 33.778 -94.012
v -33.547 33.004 -93.805
v -33.223 33.215 -93.908
v -32.988 32.461 -93.754
v -32.776 32.781 -93.868
v -33.755 33.877 -93.263
v -33.442 33.173 -93.134
v -33.119 33.385 -93.237
v -32.883 32.631 -93.083
v -32.672 32.951 -93.197
v -33.636 34.071 -92.496
v -33.25 34.141 -92.574
v -33.323 33.367 -92.367
v -32.999 33.579 -92.47
v -32.764 32.824 -92.316
v -32.552 33.145 -92.43
v -33.672 31.327 -99.62
v -34.242 31.562 -100.446
v -34.369 32.324 -99.763
v -33.369 33.947 -93.341
v -34.22 32.566 -98.805
v -33.97 32.003 -98.702
v -33.523 31.569 -98.661
v -34.231 34.495 -89.923
v -34.496 34.063 -91.63
v -33.761 33.44 -89.73
v -34.027 33.009 -91.436
v -32.923 32.626 -89.654
v -33.189 32.194 -91.361
v -31.615 31.603 -100.01
v -30.498 31.147 -100.924
v -31.737 31.404 -100.796
v -32.313 31.146 -99.786
v -32.651 29.74 -100.233
v -32.436 30.947 -100.572
v -31.669 31.436 -101.212
v -32.095 31.014 -101.038
v -32.659 30.789 -100.894
v -33.276 30.797 -100.8
v -32.947 31.33 -98.691
v -30.944 31.089 -100.84
v -31.582 30.455 -100.58
v -32.429 30.118 -100.364
v -30.888 31.228 -100.884
v -31.064 30.942 -102.015
v -30.674 30.861 -102.056
v -33.598 29.464 -101.247
v -33.53 29.844 -101.354
v -32.759 29.834 -101.471
v -32.827 29.454 -101.365
v -32.583 30.12 -100.34
v -33.422 29.75 -100.116
v -33.097 31.088 -99.649
v -33.694 30.118 -103.484
v -33.077 30.111 -103.578
v -32.513 30.335 -103.723
v -32.087 30.758 -103.896
v -31.419 30.318 -103.889
v -32.057 29.684 -103.629
v -32.904 29.348 -103.412
v -33.829 29.359 -103.271
v -30.265 33.714 -92.2
v -30.691 33.292 -92.027
v -31.255 33.067 -91.883
v -31.872 33.075 -91.788
v -30.116 33.957 -91.242
v -30.542 33.534 -91.069
v -31.106 33.31 -90.924
v -31.723 33.317 -90.83
v -29.331 33.706 -90.487
v -29.969 33.072 -90.227
v -30.816 32.736 -90.01
v -31.742 32.747 -89.869
v -30.379 32.768 -95.073
v -30.713 32.987 -95.076
v -30.911 32.239 -94.856
v -31.139 32.565 -94.903
v -31.617 31.958 -94.675
v -31.703 32.34 -94.759
v -32.388 31.968 -94.558
v -32.32 32.348 -94.664
v -30.259 32.961 -94.306
v -30.594 33.181 -94.309
v -30.792 32.433 -94.089
v -31.02 32.759 -94.136
v -31.497 32.152 -93.909
v -31.584 32.534 -93.992
v -32.268 32.162 -93.791
v -32.201 32.542 -93.897
v -30.155 33.131 -93.635
v -30.687 32.603 -93.418
v -30.915 32.928 -93.465
v -31.393 32.322 -93.237
v -31.479 32.704 -93.321
v -32.164 32.332 -93.12
v -32.096 32.712 -93.226
v -30.035 33.325 -92.868
v -30.37 33.545 -92.871
v -30.568 32.797 -92.651
v -30.796 33.122 -92.698
v -31.273 32.516 -92.471
v -31.36 32.898 -92.554
v -32.044 32.526 -92.353
v -31.977 32.905 -92.46
v -32.48 31.08 -99.743
v -32.038 31.106 -100.674
v -31.49 31.727 -100.061
v -30.489 33.351 -93.638
v -31.34 31.969 -99.103
v -31.766 31.547 -98.929
v -32.33 31.322 -98.785
v -28.829 33.376 -90.482
v -29.095 32.945 -92.188
v -29.628 32.584 -90.157
v -29.894 32.153 -91.863
v -30.686 32.163 -89.886
v -30.952 31.731 -91.592
v -31.843 32.178 -89.709
v -32.109 31.746 -91.416
v -34.037 33.61 -100.14
v -35.399 33.668 -100.798
v -34.16 33.411 -100.926
v -33.339 34.066 -100.364
v -33.246 35.075 -101.489
v -33.461 33.868 -101.151
v -34.564 32.638 -101.064
v -34.342 33.194 -101.24
v -33.916 33.617 -101.413
v -33.352 33.841 -101.557
v -34.953 33.726 -100.882
v -34.315 34.36 -101.142
v -33.468 34.696 -101.359
v -34.236 33.171 -98.955
v -34.259 35.63 -90.206
v -35.009 33.587 -100.839
v -35.186 33.301 -101.97
v -35.575 33.382 -101.929
v -35.853 32.686 -101.71
v -35.463 32.606 -101.751
v -35.676 32.972 -100.579
v -34.385 32.929 -99.914
v -33.49 34.409 -102.514
v -33.423 34.789 -102.62
v -33.314 34.695 -101.383
v -34.982 31.96 -103.749
v -33.77 33.163 -104.242
v -34.334 32.938 -104.097
v -34.76 32.516 -103.924
v -35.762 32.121 -103.668
v -35.428 32.955 -103.931
v -34.79 33.59 -104.191
v -33.943 33.926 -104.408
v -33.161 34.916 -92.053
v -32.938 35.472 -92.228
v -32.512 35.895 -92.402
v -31.948 36.119 -92.546
v -34.524 35.199 -91.912
v -32.789 35.715 -91.27
v -32.363 36.137 -91.443
v -31.799 36.362 -91.588
v -33.011 35.159 -91.095
v -33.674 35.509 -90.266
v -33.341 36.343 -90.529
v -32.702 36.978 -90.789
v -31.856 37.314 -91.006
v -33.608 34.189 -94.929
v -33.998 34.27 -94.889
v -33.721 34.965 -95.108
v -33.386 34.745 -95.104
v -33.188 35.493 -95.324
v -32.96 35.168 -95.278
v -32.483 35.774 -95.505
v -32.396 35.392 -95.422
v -33.489 34.383 -94.162
v -33.879 34.464 -94.122
v -33.601 35.159 -94.341
v -33.267 34.939 -94.337
v -33.069 35.687 -94.557
v -32.841 35.362 -94.511
v -32.363 35.968 -94.738
v -32.277 35.586 -94.655
v -33.384 34.553 -93.491
v -33.774 34.633 -93.451
v -33.497 35.329 -93.67
v -32.964 35.857 -93.886
v -32.736 35.531 -93.84
v -32.259 36.138 -94.067
v -32.172 35.756 -93.984
v -33.265 34.747 -92.724
v -33.655 34.827 -92.684
v -33.377 35.523 -92.903
v -33.043 35.303 -92.9
v -32.845 36.051 -93.12
v -32.617 35.725 -93.073
v -32.139 36.332 -93.3
v -32.053 35.95 -93.217
v -33.173 34.132 -100.407
v -33.859 33.709 -101.048
v -34.163 33.485 -100.089
v -33.162 35.109 -93.666
v -34.013 33.727 -99.131
v -33.588 34.15 -99.304
v -33.023 34.375 -99.448
v -33.843 36.673 -90.534
v -34.108 36.242 -92.241
v -33.044 37.465 -90.859
v -33.31 37.034 -92.565
v -31.986 37.887 -91.13
v -32.252 37.456 -92.837
v -31.356 33.054 -100.418
v -30.239 32.599 -101.332
v -31.479 32.856 -101.204
v -31.848 33.758 -100.519
v -31.756 34.766 -101.643
v -31.971 33.559 -101.305
v -33.005 32.315 -101.226
v -31.447 31.992 -101.387
v -31.462 32.598 -101.537
v -31.712 33.16 -101.641
v -32.159 33.594 -101.681
v -32.735 33.834 -101.652
v -32.406 34.367 -99.543
v -30.634 32.831 -101.329
v -31.008 33.675 -101.484
v -31.68 34.326 -101.544
v -31.118 32.526 -99.278
v -31.452 34.836 -91.256
v -28.413 34.419 -90.81
v -30.629 32.68 -101.291
v -30.805 32.394 -102.423
v -30.416 32.313 -102.463
v -30.397 31.556 -102.275
v -30.787 31.637 -102.234
v -30.221 31.842 -101.143
v -31.267 32.283 -100.236
v -32.652 34.779 -102.738
v -32.719 34.399 -102.631
v -32 34.1 -102.668
v -31.932 34.48 -102.775
v -31.823 34.386 -101.537
v -32.475 35.065 -101.607
v -32.556 34.124 -100.501
v -31.865 31.314 -104.071
v -33.153 33.155 -104.336
v -32.577 32.916 -104.365
v -32.13 32.482 -104.325
v -31.88 31.919 -104.222
v -31.085 31.152 -104.152
v -31.108 32.061 -104.377
v -31.483 32.905 -104.532
v -32.154 33.555 -104.592
v -33.018 33.914 -104.549
v -30.043 34.271 -92.376
v -30.058 34.876 -92.526
v -30.309 35.438 -92.63
v -30.756 35.872 -92.67
v -31.331 36.112 -92.64
v -28.679 33.988 -92.517
v -29.909 35.118 -91.568
v -30.159 35.681 -91.671
v -30.606 36.115 -91.711
v -31.182 36.354 -91.682
v -29.894 34.513 -91.417
v -28.998 34.541 -90.75
v -29.021 35.449 -90.976
v -29.396 36.293 -91.131
v -30.067 36.943 -91.191
v -30.93 37.302 -91.147
v -30.491 33.544 -95.252
v -30.101 33.463 -95.292
v -30.12 34.219 -95.48
v -30.506 34.149 -95.402
v -30.433 34.923 -95.609
v -30.757 34.711 -95.505
v -30.992 35.466 -95.659
v -31.204 35.145 -95.545
v -31.712 35.764 -95.623
v -31.779 35.385 -95.516
v -30.371 33.737 -94.485
v -29.982 33.657 -94.525
v -30.001 34.413 -94.713
v -30.387 34.343 -94.635
v -30.314 35.117 -94.842
v -30.637 34.905 -94.738
v -30.873 35.66 -94.893
v -31.084 35.339 -94.779
v -31.592 35.958 -94.856
v -31.66 35.579 -94.749
v -30.267 33.907 -93.814
v -29.877 33.826 -93.854
v -29.896 34.583 -94.042
v -30.209 35.286 -94.171
v -30.533 35.075 -94.067
v -30.768 35.829 -94.221
v -30.98 35.509 -94.108
v -31.488 36.128 -94.185
v -31.555 35.748 -94.078
v -30.147 34.101 -93.047
v -29.758 34.02 -93.087
v -29.777 34.777 -93.275
v -30.163 34.706 -93.197
v -30.09 35.48 -93.404
v -30.413 35.269 -93.301
v -30.649 36.023 -93.455
v -30.86 35.703 -93.341
v -31.368 36.322 -93.418
v -31.436 35.942 -93.311
v -31.98 33.885 -100.53
v -31.656 33.252 -101.276
v -31.283 32.889 -100.387
v -30.282 34.512 -93.964
v -31.133 33.131 -99.428
v -31.384 33.694 -99.532
v -31.831 34.128 -99.572
v -28.441 35.555 -91.093
v -28.707 35.123 -92.799
v -28.911 36.61 -91.286
v -29.177 36.178 -92.993
v -29.749 37.424 -91.362
v -30.015 36.992 -93.068
v -30.829 37.872 -91.307
v -31.095 37.44 -93.013
v -31.606 33.506 -90.082
v -32.182 33.746 -90.053
v -32.629 34.18 -90.093
v -32.879 34.742 -90.196
v -32.895 35.348 -90.347
v -30.989 33.499 -90.176
v -30.425 33.723 -90.321
v -29.999 34.146 -90.494
v -29.777 34.702 -90.669
v -31.066 36.543 -90.934
v -31.682 36.551 -90.84
v -32.247 36.326 -90.695
v -32.672 35.904 -90.522
v -30.49 36.304 -90.963
v -30.043 35.87 -90.923
v -29.793 35.307 -90.82
v -34.296 32.158 -99.733
v -34.296 32.158 -99.733
v -35.658 32.216 -100.391
v -35.658 32.216 -100.391
v -34.692 29.718 -103.227
v -33.829 29.359 -103.271
v -33.369 33.947 -93.341
v -33.119 33.385 -93.237
v -33.161 34.916 -92.053
v -33.145 34.311 -91.903
v -34.418 31.959 -100.519
v -34.418 31.959 -100.519
v -35.268 32.135 -100.431
v -35.268 32.135 -100.431
v -35.444 31.849 -101.562
v -35.444 31.849 -101.562
v -33.694 30.118 -103.484
v -34.269 30.358 -103.455
v -35.363 30.369 -103.287
v -33.384 34.553 -93.491
v -33.598 29.464 -101.247
v -34.318 29.763 -101.21
v -34.318 29.763 -101.21
v -33.323 33.367 -92.367
v -32.764 32.824 -92.316
v -33.655 34.827 -92.684
v -33.636 34.071 -92.496
v -32.044 32.526 -92.353
v -32.999 33.579 -92.47
v -32.552 33.145 -92.43
v -33.25 34.141 -92.574
v -32.895 33.748 -91.799
v -34.549 32.033 -100.914
v -34.298 31.47 -100.811
v -34.141 30.049 -100.079
v -34.141 30.049 -100.079
v -33.422 29.75 -100.116
v -31.977 32.905 -92.46
v -35.834 31.93 -101.522
v -35.834 31.93 -101.522
v -35.853 32.686 -101.71
v -33.547 33.004 -93.805
v -32.988 32.461 -93.754
v -33.879 34.464 -94.122
v -33.86 33.707 -93.934
v -32.896 32.587 -94.635
v -32.32 32.348 -94.664
v -33.265 34.747 -92.724
v -33.474 33.778 -94.012
v -33.223 33.215 -93.908
v -34.25 30.143 -101.317
v -34.25 30.143 -101.317
v -34.074 30.428 -100.186
v -34.074 30.428 -100.186
v -32.268 32.162 -93.791
v -34.564 32.638 -101.064
v -32.776 32.781 -93.868
v -32.201 32.542 -93.897
v -33.998 34.27 -94.889
v -33.979 33.513 -94.701
v -33.593 33.584 -94.779
v -33.343 33.021 -94.675
v -33.666 32.81 -94.571
v -33.926 31.256 -100.418
v -33.926 31.256 -100.418
v -33.53 29.844 -101.354
v -33.851 31.036 -100.77
v -34.242 31.562 -100.446
v -32.448 33.314 -91.759
v -31.872 33.075 -91.788
v -33.489 34.383 -94.162
v -35.762 32.121 -103.668
v -35.738 31.213 -103.442
v -33.804 31.455 -99.632
v -33.804 31.455 -99.632
v -32.883 32.631 -93.083
v -32.164 32.332 -93.12
v -34.716 30.792 -103.495
v -34.967 31.354 -103.598
v -32.298 33.557 -90.801
v -32.745 33.991 -90.841
v -33.442 33.173 -93.134
v -33.276 30.797 -100.8
v -33.774 34.633 -93.451
v -33.755 33.877 -93.263
v -32.672 32.951 -93.197
v -34.982 31.96 -103.749
v -34.889 31.139 -100.239
v -34.218 30.489 -100.179
v -35.264 31.984 -100.394
v -33.011 35.159 -91.095
v -32.996 34.553 -90.944
v -33.608 34.189 -94.929
v -33.107 32.267 -94.521
v -31.723 33.317 -90.83
v -32.388 31.968 -94.558
v -35.463 32.606 -101.751
v -32.096 32.712 -93.226
v -35.676 32.972 -100.579
v -33.672 31.327 -99.62
v -34.369 32.324 -99.763
v -34.385 32.929 -99.914
v -33.097 31.088 -99.649
v -34.231 34.495 -89.923
v -34.259 35.63 -90.206
v -34.524 35.199 -91.912
v -34.496 34.063 -91.63
v -33.761 33.44 -89.73
v -34.027 33.009 -91.436
v -32.923 32.626 -89.654
v -33.189 32.194 -91.361
v -31.843 32.178 -89.709
v -32.109 31.746 -91.416
v -31.615 31.603 -100.01
v -31.615 31.603 -100.01
v -30.498 31.147 -100.924
v -30.498 31.147 -100.924
v -32.904 29.348 -103.412
v -30.489 33.351 -93.638
v -30.915 32.928 -93.465
v -30.043 34.271 -92.376
v -30.265 33.714 -92.2
v -31.737 31.404 -100.796
v -31.737 31.404 -100.796
v -30.888 31.228 -100.884
v -30.888 31.228 -100.884
v -31.064 30.942 -102.015
v -31.064 30.942 -102.015
v -33.077 30.111 -103.578
v -32.057 29.684 -103.629
v -30.267 33.907 -93.814
v -32.827 29.454 -101.365
v -32.827 29.454 -101.365
v -30.568 32.797 -92.651
v -31.273 32.516 -92.471
v -29.758 34.02 -93.087
v -30.035 33.325 -92.868
v -30.796 33.122 -92.698
v -31.36 32.898 -92.554
v -30.37 33.545 -92.871
v -30.691 33.292 -92.027
v -31.669 31.436 -101.212
v -32.095 31.014 -101.038
v -32.651 29.74 -100.233
v -32.651 29.74 -100.233
v -30.674 30.861 -102.056
v -30.674 30.861 -102.056
v -30.397 31.556 -102.275
v -30.792 32.433 -94.089
v -31.497 32.152 -93.909
v -29.982 33.657 -94.525
v -30.259 32.961 -94.306
v -31.703 32.34 -94.759
v -30.147 34.101 -93.047
v -30.594 33.181 -94.309
v -31.02 32.759 -94.136
v -32.759 29.834 -101.471
v -32.759 29.834 -101.471
v -32.583 30.12 -100.34
v -32.583 30.12 -100.34
v -31.447 31.992 -101.387
v -31.584 32.534 -93.992
v -30.101 33.463 -95.292
v -30.379 32.768 -95.073
v -30.713 32.987 -95.076
v -31.139 32.565 -94.903
v -30.911 32.239 -94.856
v -32.436 30.947 -100.572
v -32.436 30.947 -100.572
v -32.659 30.789 -100.894
v -32.038 31.106 -100.674
v -31.255 33.067 -91.883
v -30.371 33.737 -94.485
v -31.085 31.152 -104.152
v -31.419 30.318 -103.889
v -32.313 31.146 -99.786
v -32.313 31.146 -99.786
v -31.393 32.322 -93.237
v -32.513 30.335 -103.723
v -32.087 30.758 -103.896
v -31.106 33.31 -90.924
v -30.542 33.534 -91.069
v -30.687 32.603 -93.418
v -29.877 33.826 -93.854
v -30.155 33.131 -93.635
v -31.479 32.704 -93.321
v -31.865 31.314 -104.071
v -31.582 30.455 -100.58
v -32.429 30.118 -100.364
v -30.944 31.089 -100.84
v -29.894 34.513 -91.417
v -30.116 33.957 -91.242
v -30.491 33.544 -95.252
v -31.617 31.958 -94.675
v -30.787 31.637 -102.234
v -30.221 31.842 -101.143
v -32.48 31.08 -99.743
v -31.49 31.727 -100.061
v -31.267 32.283 -100.236
v -28.829 33.376 -90.482
v -28.413 34.419 -90.81
v -28.679 33.988 -92.517
v -29.095 32.945 -92.188
v -29.628 32.584 -90.157
v -29.894 32.153 -91.863
v -30.686 32.163 -89.886
v -30.952 31.731 -91.592
v -34.037 33.61 -100.14
v -34.037 33.61 -100.14
v -35.399 33.668 -100.798
v -35.399 33.668 -100.798
v -33.943 33.926 -104.408
v -33.018 33.914 -104.549
v -33.162 35.109 -93.666
v -32.736 35.531 -93.84
v -32.938 35.472 -92.228
v -34.16 33.411 -100.926
v -34.16 33.411 -100.926
v -35.009 33.587 -100.839
v -35.009 33.587 -100.839
v -35.186 33.301 -101.97
v -35.186 33.301 -101.97
v -33.153 33.155 -104.336
v -33.77 33.163 -104.242
v -34.79 33.59 -104.191
v -32.652 34.779 -102.738
v -33.423 34.789 -102.62
v -33.423 34.789 -102.62
v -32.845 36.051 -93.12
v -32.139 36.332 -93.3
v -33.377 35.523 -92.903
v -31.368 36.322 -93.418
v -32.617 35.725 -93.073
v -32.053 35.95 -93.217
v -33.043 35.303 -92.9
v -32.512 35.895 -92.402
v -34.342 33.194 -101.24
v -33.916 33.617 -101.413
v -33.246 35.075 -101.489
v -33.246 35.075 -101.489
v -32.475 35.065 -101.607
v -31.436 35.942 -93.311
v -35.575 33.382 -101.929
v -35.575 33.382 -101.929
v -33.069 35.687 -94.557
v -32.363 35.968 -94.738
v -33.601 35.159 -94.341
v -32.396 35.392 -95.422
v -31.779 35.385 -95.516
v -33.267 34.939 -94.337
v -32.841 35.362 -94.511
v -33.49 34.409 -102.514
v -33.49 34.409 -102.514
v -33.314 34.695 -101.383
v -33.314 34.695 -101.383
v -31.592 35.958 -94.856
v -32.277 35.586 -94.655
v -31.66 35.579 -94.749
v -33.721 34.965 -95.108
v -33.386 34.745 -95.104
v -32.96 35.168 -95.278
v -33.188 35.493 -95.324
v -33.461 33.868 -101.151
v -33.461 33.868 -101.151
v -32.719 34.399 -102.631
v -33.352 33.841 -101.557
v -33.859 33.709 -101.048
v -31.948 36.119 -92.546
v -31.331 36.112 -92.64
v -35.428 32.955 -103.931
v -33.339 34.066 -100.364
v -33.339 34.066 -100.364
v -32.259 36.138 -94.067
v -31.488 36.128 -94.185
v -34.334 32.938 -104.097
v -34.76 32.516 -103.924
v -31.799 36.362 -91.588
v -32.363 36.137 -91.443
v -32.964 35.857 -93.886
v -32.735 33.834 -101.652
v -33.497 35.329 -93.67
v -32.172 35.756 -93.984
v -34.315 34.36 -101.142
v -33.468 34.696 -101.359
v -34.953 33.726 -100.882
v -32.789 35.715 -91.27
v -32.483 35.774 -95.505
v -31.182 36.354 -91.682
v -31.712 35.764 -95.623
v -31.555 35.748 -94.078
v -33.173 34.132 -100.407
v -34.163 33.485 -100.089
v -32.556 34.124 -100.501
v -33.843 36.673 -90.534
v -34.108 36.242 -92.241
v -33.044 37.465 -90.859
v -33.31 37.034 -92.565
v -31.986 37.887 -91.13
v -32.252 37.456 -92.837
v -30.829 37.872 -91.307
v -31.095 37.44 -93.013
v -31.356 33.054 -100.418
v -31.356 33.054 -100.418
v -30.239 32.599 -101.332
v -30.239 32.599 -101.332
v -32.154 33.555 -104.592
v -30.282 34.512 -93.964
v -30.533 35.075 -94.067
v -30.058 34.876 -92.526
v -31.479 32.856 -101.204
v -31.479 32.856 -101.204
v -30.629 32.68 -101.291
v -30.629 32.68 -101.291
v -30.805 32.394 -102.423
v -30.805 32.394 -102.423
v -32.577 32.916 -104.365
v -31.483 32.905 -104.532
v -31.932 34.48 -102.775
v -31.932 34.48 -102.775
v -30.09 35.48 -93.404
v -30.649 36.023 -93.455
v -29.777 34.777 -93.275
v -30.413 35.269 -93.301
v -30.86 35.703 -93.341
v -30.163 34.706 -93.197
v -30.309 35.438 -92.63
v -31.462 32.598 -101.537
v -31.712 33.16 -101.641
v -31.756 34.766 -101.643
v -31.756 34.766 -101.643
v -30.416 32.313 -102.463
v -30.416 32.313 -102.463
v -30.314 35.117 -94.842
v -30.873 35.66 -94.893
v -30.001 34.413 -94.713
v -31.204 35.145 -95.545
v -30.387 34.343 -94.635
v -30.637 34.905 -94.738
v -32 34.1 -102.668
v -32 34.1 -102.668
v -31.823 34.386 -101.537
v -31.823 34.386 -101.537
v -31.084 35.339 -94.779
v -30.12 34.219 -95.48
v -30.506 34.149 -95.402
v -30.757 34.711 -95.505
v -30.433 34.923 -95.609
v -31.971 33.559 -101.305
v -31.971 33.559 -101.305
v -32.159 33.594 -101.681
v -31.656 33.252 -101.276
v -30.756 35.872 -92.67
v -31.108 32.061 -104.377
v -31.848 33.758 -100.519
v -31.848 33.758 -100.519
v -30.768 35.829 -94.221
v -32.13 32.482 -104.325
v -31.88 31.919 -104.222
v -30.606 36.115 -91.711
v -30.159 35.681 -91.671
v -30.209 35.286 -94.171
v -29.896 34.583 -94.042
v -30.98 35.509 -94.108
v -31.008 33.675 -101.484
v -31.68 34.326 -101.544
v -30.634 32.831 -101.329
v -29.909 35.118 -91.568
v -30.992 35.466 -95.659
v -31.98 33.885 -100.53
v -31.283 32.889 -100.387
v -28.441 35.555 -91.093
v -28.707 35.123 -92.799
v -28.911 36.61 -91.286
v -29.177 36.178 -92.993
v -29.749 37.424 -91.362
v -30.015 36.992 -93.068
v -32.371 33.487 -88.32
v -32.199 33.751 -88.153
v -32.305 33.589 -88.172
v -32.798 34.332 -88.207
v -33.042 34.137 -88.38
v -32.955 34.22 -88.23
v -33.417 34.981 -88.535
v -33.134 35.087 -88.345
v -33.318 35.037 -88.38
v -33.154 35.899 -88.547
v -33.44 35.89 -88.761
v -33.34 35.917 -88.599
v -33.106 36.724 -89.024
v -32.856 36.645 -88.782
v -33.017 36.726 -88.854
v -32.468 37.358 -89.284
v -32.286 37.212 -89.014
v -32.399 37.34 -89.105
v -31.621 37.694 -89.501
v -31.529 37.512 -89.208
v -31.579 37.666 -89.316
v -30.696 37.683 -89.642
v -30.702 37.501 -89.334
v -30.682 37.655 -89.452
v -29.929 37.181 -89.374
v -29.832 37.324 -89.686
v -29.845 37.307 -89.495
v -29.161 36.673 -89.626
v -29.33 36.599 -89.32
v -29.196 36.677 -89.437
v -28.786 35.829 -89.471
v -28.994 35.845 -89.182
v -28.832 35.859 -89.287
v -28.763 34.921 -89.245
v -28.974 35.033 -88.979
v -28.81 34.979 -89.068
v -29.097 34.087 -88.982
v -29.272 34.287 -88.744
v -29.133 34.17 -88.813
v -29.843 33.72 -88.512
v -29.735 33.452 -88.722
v -29.751 33.556 -88.561
v -30.582 33.116 -88.505
v -30.599 33.419 -88.318
v -30.571 33.23 -88.351
v -31.507 33.128 -88.364
v -31.427 33.43 -88.192
v -31.468 33.242 -88.214
v -31.719 32.784 -89.725
v -31.767 32.602 -89.828
v -31.743 32.715 -89.815
v -30.783 32.589 -89.978
v -30.794 32.772 -89.867
v -30.799 32.703 -89.959
v -29.882 32.948 -90.209
v -29.947 33.108 -90.083
v -29.937 33.046 -90.18
v -29.203 33.622 -90.486
v -29.309 33.743 -90.343
v -29.287 33.691 -90.444
v -28.849 34.51 -90.765
v -28.975 34.577 -90.606
v -28.947 34.542 -90.712
v -28.873 35.476 -91.006
v -28.999 35.485 -90.832
v -28.97 35.468 -90.943
v -29.272 36.373 -91.17
v -29.373 36.329 -90.987
v -29.353 36.327 -91.1
v -29.985 37.066 -91.235
v -30.044 36.98 -91.047
v -30.036 36.99 -91.162
v -30.904 37.447 -91.188
v -30.908 37.339 -91.003
v -30.916 37.356 -91.117
v -31.889 37.461 -91.038
v -31.833 37.35 -90.862
v -31.859 37.368 -90.973
v -32.789 37.102 -90.807
v -32.68 37.014 -90.645
v -32.722 37.025 -90.752
v -33.469 36.428 -90.531
v -33.318 36.38 -90.385
v -33.372 36.379 -90.488
v -33.823 35.54 -90.251
v -33.652 35.545 -90.123
v -33.711 35.529 -90.22
v -33.799 34.574 -90.01
v -33.629 34.637 -89.897
v -33.688 34.603 -89.989
v -33.4 33.676 -89.846
v -33.254 33.793 -89.742
v -33.306 33.744 -89.831
v -32.686 32.983 -89.782
v -32.583 33.142 -89.682
v -32.623 33.081 -89.77
v -31.606 33.506 -90.082
v -30.989 33.499 -90.176
v -30.425 33.723 -90.321
v -29.999 34.146 -90.494
v -29.777 34.702 -90.669
v -29.793 35.307 -90.82
v -30.043 35.87 -90.923
v -30.49 36.304 -90.963
v -31.066 36.543 -90.934
v -31.682 36.551 -90.84
v -32.247 36.326 -90.695
v -32.672 35.904 -90.522
v -32.895 35.348 -90.347
v -32.879 34.742 -90.196
v -32.629 34.18 -90.093
v -32.182 33.746 -90.053
v -31.364 33.899 -88.529
v -31.369 33.754 -88.283
v -31.354 33.876 -88.378
v -30.674 33.745 -88.389
v -30.748 33.891 -88.623
v -30.713 33.869 -88.476
v -30.037 33.997 -88.552
v -30.183 34.116 -88.768
v -30.128 34.101 -88.626
v -29.557 34.475 -88.748
v -29.758 34.538 -88.941
v -29.687 34.54 -88.805
v -29.307 35.102 -88.945
v -29.535 35.095 -89.116
v -29.456 35.117 -88.987
v -29.324 35.784 -89.115
v -29.551 35.7 -89.267
v -29.472 35.745 -89.143
v -29.605 36.419 -89.232
v -29.801 36.262 -89.37
v -29.731 36.329 -89.251
v -30.11 36.909 -89.277
v -30.248 36.696 -89.41
v -30.195 36.778 -89.292
v -30.759 37.178 -89.244
v -30.824 36.936 -89.381
v -30.792 37.027 -89.262
v -31.455 37.187 -89.138
v -31.44 36.943 -89.287
v -31.433 37.034 -89.164
v -32.092 36.934 -88.975
v -32.005 36.719 -89.142
v -32.018 36.803 -89.014
v -32.572 36.457 -88.779
v -32.431 36.296 -88.969
v -32.459 36.363 -88.835
v -32.822 35.83 -88.582
v -32.653 35.74 -88.794
v -32.69 35.786 -88.653
v -32.805 35.147 -88.412
v -32.637 35.135 -88.643
v -32.674 35.158 -88.496
v -32.523 34.512 -88.295
v -32.387 34.572 -88.54
v -32.415 34.574 -88.389
v -32.018 34.023 -88.25
v -31.94 34.138 -88.5
v -31.951 34.125 -88.348
v -32.386 34.554 -90.945
v -32.365 34.516 -91.033
v -32.011 35.331 -91.294
v -32.489 35.546 -91.274
v -32.441 35.553 -91.189
v -32.421 34.569 -90.944
v -32.407 35.537 -91.191
v -32.468 34.563 -91.029
v -32.113 35.377 -91.29
v -32.386 35.5 -91.278
v -32.741 34.685 -91.017
v -32.456 34.467 -90.912
v -32.448 34.415 -90.994
v -32.479 34.497 -90.916
v -32.514 34.505 -91.007
v -32.563 34.428 -90.886
v -32.573 34.37 -90.964
v -32.568 34.465 -90.894
v -32.586 34.479 -90.989
v -32.678 34.448 -90.873
v -32.705 34.394 -90.949
v -32.663 34.481 -90.884
v -32.662 34.492 -90.98
v -32.769 34.521 -90.877
v -32.811 34.479 -90.954
v -32.739 34.542 -90.887
v -32.722 34.541 -90.983
v -32.812 34.627 -90.897
v -32.862 34.602 -90.977
v -32.774 34.63 -90.904
v -32.752 34.612 -90.997
v -32.797 34.738 -90.928
v -32.844 34.732 -91.013
v -32.762 34.723 -90.93
v -32.406 35.647 -91.312
v -32.37 35.64 -91.222
v -32.348 35.61 -91.218
v -32.339 35.559 -91.3
v -32.282 35.692 -91.343
v -32.263 35.679 -91.249
v -32.259 35.641 -91.24
v -32.268 35.584 -91.318
v -32.148 35.67 -91.358
v -32.15 35.659 -91.261
v -32.164 35.626 -91.251
v -32.191 35.57 -91.326
v -32.042 35.585 -91.353
v -32.059 35.586 -91.257
v -32.088 35.565 -91.247
v -32.131 35.522 -91.324
v -31.992 35.461 -91.33
v -32.015 35.48 -91.237
v -32.052 35.477 -91.231
v -32.102 35.452 -91.31
v -32.031 35.368 -91.206
v -32.065 35.384 -91.205
v -30.462 35.278 -91.428
v -30.482 35.221 -91.504
v -30.139 35.15 -91.54
v -30.073 35.198 -91.468
v -30.629 34.024 -91.179
v -30.581 34.03 -91.094
v -30.577 34.009 -91.089
v -30.614 33.961 -91.165
v -30.582 33.947 -91.167
v -30.566 34.005 -91.09
v -30.555 34.006 -91.092
v -30.549 33.953 -91.173
v -30.526 33.978 -91.183
v -30.548 34.015 -91.095
v -30.051 35.242 -91.577
v -30.043 35.229 -91.481
v -30.473 35.284 -91.428
v -30.513 35.237 -91.504
v -30.477 35.294 -91.43
v -30.528 35.269 -91.509
v -30.475 35.305 -91.433
v -30.522 35.301 -91.518
v -30.468 35.313 -91.436
v -30.498 35.325 -91.528
v -30.456 35.314 -91.438
v -30.463 35.327 -91.534
v -30.582 34.019 -91.091
v -30.632 33.991 -91.17
v -30.027 35.232 -91.578
v -30.036 35.225 -91.481
v -30.011 35.213 -91.576
v -30.03 35.219 -91.48
v -30.004 35.19 -91.571
v -30.027 35.211 -91.479
v -30.009 35.165 -91.564
v -30.029 35.203 -91.477
v -31.537 34.361 -91.123
v -31.282 34.374 -91.166
v -31.073 34.511 -91.233
v -30.965 34.735 -91.306
v -30.988 34.986 -91.366
v -31.136 35.196 -91.396
v -31.368 35.31 -91.389
v -31.623 35.297 -91.346
v -31.832 35.16 -91.279
v -31.94 34.937 -91.205
v -31.917 34.686 -91.146
v -31.769 34.475 -91.115
v -31.512 34.475 -91.114
v -31.314 34.485 -91.147
v -31.15 34.592 -91.2
v -31.066 34.767 -91.257
v -31.084 34.962 -91.303
v -31.199 35.127 -91.327
v -31.381 35.216 -91.321
v -31.579 35.206 -91.288
v -31.743 35.099 -91.235
v -31.826 34.924 -91.178
v -31.809 34.729 -91.132
v -31.694 34.564 -91.108
v -31.471 34.661 -91.09
v -31.363 34.667 -91.108
v -31.274 34.726 -91.137
v -31.228 34.82 -91.168
v -31.238 34.927 -91.193
v -31.301 35.017 -91.206
v -31.399 35.065 -91.203
v -31.508 35.059 -91.185
v -31.597 35.001 -91.156
v -31.643 34.906 -91.125
v -31.633 34.8 -91.1
v -31.57 34.71 -91.087
v -31.427 34.876 -91.095
v -30.139 35.15 -91.54
usemtl MB_2004
s off
f 7142 7154 7152
f 7142 7144 7154
f 7019 6770 7197
f 7019 7175 6770
f 7019 7208 7175
f 7019 7224 7208
f 6898 6812 6899
f 6812 6813 6899
f 7160 7229 7214
f 7229 7231 7214
f 6772 6842 7159
f 6842 7158 7159
f 6964 7233 7030
f 6977 7190 7161
f 7190 7148 7161
f 6801 7184 6799
f 7184 7183 6799
f 6805 6806 6803
f 6806 6804 6803
f 6803 6804 6978
f 6804 7212 6978
f 6797 6970 6798
f 6970 7234 6798
f 6821 7153 6774
f 7153 6773 6774
f 6812 7223 6813
f 7223 7149 6813
f 6786 6785 6783
f 6785 6784 6783
f 7147 7146 6857
f 7146 6782 6857
f 7146 6786 6782
f 6786 6783 6782
f 6800 7202 6825
f 7202 6824 6825
f 7192 7164 7194
f 7164 7176 7194
f 6787 6864 7193
f 6864 6851 7193
f 6943 6941 7145
f 6941 7181 7145
f 7226 7168 7225
f 7168 7167 7225
f 7174 6771 7220
f 6771 7219 7220
f 7204 6797 7203
f 6797 6798 7203
f 7195 7205 6775
f 7170 7171 7173
f 7171 7210 7173
f 6816 6817 6814
f 6817 7172 6814
f 7217 7166 6810
f 7166 7165 6810
f 7155 6773 7153
f 6766 7209 7143
f 7209 6825 7143
f 7162 7163 7207
f 7163 6779 7207
f 6810 7165 7226
f 7165 7168 7226
f 6992 6815 7150
f 6815 7151 7150
f 7182 7238 7180
f 7238 7157 7180
f 7237 7196 6801
f 7196 7184 6801
f 7188 6802 6843
f 6802 6826 6843
f 6929 7174 7228
f 7174 7220 7228
f 7191 7198 6811
f 7198 7227 6811
f 7201 7186 7200
f 7186 7185 7200
f 6883 7235 6884
f 7235 7187 6884
f 7218 7169 7217
f 7169 7166 7217
f 7230 6787 6781
f 6787 7193 6781
f 7130 7129 7232
f 7129 6791 7232
f 6787 7230 7160
f 7230 7229 7160
f 7198 7199 7227
f 7199 7239 7227
f 6785 7213 6784
f 7213 6948 6784
f 6814 7172 6993
f 7172 7189 6993
f 6815 7170 7151
f 7170 7173 7151
f 6891 6892 6807
f 6892 6808 6807
f 7156 7154 6778
f 7154 7144 6778
f 6809 6986 6823
f 6986 6985 6823
f 6825 7209 7216
f 7209 7206 7216
f 7235 7204 7187
f 7204 7203 7187
f 6774 6775 6821
f 6775 7205 6821
f 6906 7179 6818
f 7179 6819 6818
f 6855 7177 6850
f 7177 6780 6850
f 6807 6808 6805
f 6808 6806 6805
f 6777 7214 6776
f 7214 7231 6776
f 7171 6907 7210
f 6907 7211 7210
f 6777 6942 7214
f 6942 6952 7214
f 6771 6772 7219
f 6772 7159 7219
f 6799 7183 7201
f 7183 7186 7201
f 7190 7191 7148
f 7191 6811 7148
f 7223 6809 7149
f 6809 6823 7149
f 6818 6819 6816
f 6819 6817 6816
f 7030 6792 6793
f 7030 6793 6872
f 7030 7233 6792
f 7202 6969 6824
f 6969 6936 6824
f 6802 6800 6826
f 6800 6825 6826
f 6825 7216 6826
f 7216 7241 6826
f 6825 6824 7143
f 6824 7242 7143
f 6765 6764 6822
f 7240 6765 7243
f 6765 6822 7243
f 6768 6820 6767
f 7215 7194 7176
f 7215 6769 7194
f 6824 6936 7242
f 6936 6944 7242
f 6843 6826 6856
f 6826 7241 6856
f 7178 7244 6768
f 7244 6820 6768
f 7246 7247 7245
f 7247 7248 7245
f 7245 7248 7249
f 7248 7250 7249
f 7249 7250 7251
f 7250 7252 7251
f 7251 7252 7253
f 7252 7254 7253
f 6829 6831 6795
f 6831 6796 6795
f 6795 6794 6829
f 6794 6827 6829
f 6832 6790 6922
f 6790 6868 6922
f 6876 6796 6921
f 6796 6831 6921
f 6788 6828 6956
f 6828 6960 6956
f 6830 6828 6789
f 6828 6788 6789
f 6794 6965 6827
f 6965 6937 6827
f 6790 6832 6789
f 6832 6830 6789
f 7255 7264 7266
f 7255 7266 7257
f 7019 7302 6839
f 7019 6839 7284
f 7019 7284 7311
f 7019 7311 7224
f 6898 6899 6896
f 6899 6897 6896
f 7271 7316 7329
f 7316 7331 7329
f 6841 7270 6842
f 7270 7158 6842
f 7066 7030 7333
f 7082 7272 7296
f 7272 7260 7296
f 6881 6879 7291
f 6879 7290 7291
f 6887 6885 6888
f 6885 6886 6888
f 6885 7083 6886
f 7083 7314 6886
f 6877 6878 7073
f 6878 7334 7073
f 6909 6845 7265
f 6845 6844 7265
f 6896 6897 7324
f 6897 7261 7324
f 6862 6859 6861
f 6859 6860 6861
f 7147 6857 7259
f 6857 6858 7259
f 7259 6858 6862
f 6858 6859 6862
f 6880 6913 7306
f 6913 6912 7306
f 7298 7300 7274
f 7300 7285 7274
f 6863 7299 6864
f 7299 6851 6864
f 7037 7258 7035
f 7258 7288 7035
f 7326 7325 7278
f 7325 7277 7278
f 7283 7321 6840
f 7321 7320 6840
f 7308 7307 6877
f 7307 6878 6877
f 7301 6846 7309
f 7279 7282 7280
f 7282 7313 7280
f 6902 6900 6903
f 6900 7281 6903
f 7319 6894 7276
f 6894 7275 7276
f 7267 7265 6844
f 6835 7256 7312
f 7256 6913 7312
f 7162 7207 7273
f 7207 6852 7273
f 6894 7326 7275
f 7326 7278 7275
f 7101 7262 6901
f 7262 7263 6901
f 7289 7287 7336
f 7287 7269 7336
f 7237 6881 7196
f 6881 7291 7196
f 7188 6843 6882
f 6843 6914 6882
f 7020 7328 7283
f 7328 7321 7283
f 7297 6895 7303
f 6895 7327 7303
f 7305 7304 7293
f 7304 7292 7293
f 6883 6884 7335
f 6884 7294 7335
f 7218 7319 7169
f 7319 7276 7169
f 7330 6854 6863
f 6854 7299 6863
f 7134 7332 7133
f 7332 6869 7133
f 6863 7271 7330
f 7271 7329 7330
f 7303 7327 7199
f 7327 7239 7199
f 6861 6860 7315
f 6860 7046 7315
f 6900 7102 7281
f 7102 7295 7281
f 6901 7263 7279
f 7263 7282 7279
f 6891 6889 6892
f 6889 6890 6892
f 7268 6849 7266
f 6849 7257 7266
f 6893 6911 7093
f 6911 7092 7093
f 6913 7318 7312
f 7318 7310 7312
f 7335 7294 7308
f 7294 7307 7308
f 6845 6909 6846
f 6909 7309 6846
f 6906 6904 7179
f 6904 6905 7179
f 6855 6850 7286
f 6850 6853 7286
f 6889 6887 6890
f 6887 6888 6890
f 6848 6847 7316
f 6847 7331 7316
f 7280 7313 6907
f 7313 7211 6907
f 6848 7316 7036
f 7316 7051 7036
f 6840 7320 6841
f 7320 7270 6841
f 6879 7305 7290
f 7305 7293 7290
f 7296 7260 7297
f 7260 6895 7297
f 7324 7261 6893
f 7261 6911 6893
f 6904 6902 6905
f 6902 6903 6905
f 7030 6871 6870
f 7030 6872 6871
f 7030 6870 7333
f 7306 6912 7072
f 6912 7029 7072
f 6882 6914 6880
f 6914 6913 6880
f 6913 6914 7318
f 6914 7338 7318
f 6913 7256 6912
f 7256 7339 6912
f 6834 6910 6833
f 7337 7340 6834
f 7340 6910 6834
f 6837 6836 6908
f 7317 7285 7300
f 7317 7300 6838
f 6912 7339 7029
f 7339 7038 7029
f 6843 6856 6914
f 6856 7338 6914
f 7178 6837 7244
f 6837 6908 7244
f 7342 7341 7343
f 7341 7344 7343
f 7341 7345 7344
f 7345 7346 7344
f 7345 7347 7346
f 7347 7348 7346
f 7347 7253 7348
f 7253 7254 7348
f 6917 6874 6919
f 6874 6875 6919
f 6874 6917 6873
f 6917 6915 6873
f 6920 6922 6867
f 6922 6868 6867
f 6876 6921 6875
f 6921 6919 6875
f 6865 7056 6916
f 7056 7061 6916
f 6918 6866 6916
f 6866 6865 6916
f 6873 6915 7067
f 6915 7031 7067
f 6867 6866 6920
f 6866 6918 6920
f 7349 7358 7360
f 7349 7360 7351
f 7019 7197 6930
f 7019 6930 7379
f 7019 7379 7407
f 7019 7407 7421
f 7099 7100 6990
f 7100 6991 6990
f 7366 7411 7424
f 7411 7426 7424
f 6932 7365 7024
f 7365 7364 7024
f 6964 7030 7427
f 6977 7161 7391
f 7161 7355 7391
f 6975 6973 7387
f 6973 7386 7387
f 6981 6979 6982
f 6979 6980 6982
f 6979 6978 6980
f 6978 7212 6980
f 6971 6972 6970
f 6972 7234 6970
f 7001 6934 7359
f 6934 6933 7359
f 6990 6991 7420
f 6991 7356 7420
f 6954 6950 6953
f 6950 6951 6953
f 7354 7047 7353
f 7047 6949 7353
f 7353 6949 6954
f 6949 6950 6954
f 6974 7005 7401
f 7005 7004 7401
f 7393 7395 7369
f 7395 7380 7369
f 6955 7394 7055
f 7394 7040 7055
f 6943 7352 6941
f 7352 7385 6941
f 7422 7225 7372
f 7225 7167 7372
f 7378 7417 6931
f 7417 7416 6931
f 7403 7402 6971
f 7402 6972 6971
f 7396 6935 7404
f 7374 7377 7375
f 7377 7409 7375
f 6996 6994 6997
f 6994 7376 6997
f 7414 6988 7371
f 6988 7370 7371
f 7361 7359 6933
f 6925 7350 7408
f 7350 7005 7408
f 7367 7406 7368
f 7406 6945 7368
f 6988 7422 7370
f 7422 7372 7370
f 6992 7150 6995
f 7150 7357 6995
f 7182 7384 7238
f 7384 7363 7238
f 7430 6975 7397
f 6975 7387 7397
f 7390 7025 6976
f 7025 7006 6976
f 6929 7228 7378
f 7228 7417 7378
f 7392 6989 7398
f 6989 7423 7398
f 7400 7200 7388
f 7200 7185 7388
f 7080 7081 7428
f 7081 7389 7428
f 7415 7414 7373
f 7414 7371 7373
f 7425 6947 6955
f 6947 7394 6955
f 7130 7232 7138
f 7232 6961 7138
f 6955 7366 7425
f 7366 7424 7425
f 7398 7423 7399
f 7423 7431 7399
f 6953 6951 7213
f 6951 6948 7213
f 6994 6993 7376
f 6993 7189 7376
f 6995 7357 7374
f 7357 7377 7374
f 7090 6983 7091
f 6983 6984 7091
f 7362 6940 7360
f 6940 7351 7360
f 6987 7003 6986
f 7003 6985 6986
f 7005 7413 7408
f 7413 7405 7408
f 7428 7389 7403
f 7389 7402 7403
f 6934 7001 6935
f 7001 7404 6935
f 7109 6998 7383
f 6998 6999 7383
f 7044 7039 7381
f 7039 6946 7381
f 6983 6981 6984
f 6981 6982 6984
f 6939 6938 7411
f 6938 7426 7411
f 7375 7409 7110
f 7409 7410 7110
f 6939 7411 6942
f 7411 6952 6942
f 6931 7416 6932
f 7416 7365 6932
f 6973 7400 7386
f 7400 7388 7386
f 7391 7355 7392
f 7355 6989 7392
f 7420 7356 6987
f 7356 7003 6987
f 6998 6996 6999
f 6996 6997 6999
f 7030 6963 6962
f 7030 7065 6963
f 7030 6962 7427
f 7401 7004 6969
f 7004 6936 6969
f 6976 7006 6974
f 7006 7005 6974
f 7005 7006 7413
f 7006 7432 7413
f 7005 7350 7004
f 7350 7433 7004
f 6924 7002 6923
f 7240 7243 6924
f 7243 7002 6924
f 6927 6926 7000
f 7412 7380 7395
f 7412 7395 6928
f 7004 7433 6936
f 7433 6944 6936
f 7025 7045 7006
f 7045 7432 7006
f 7382 6927 7434
f 6927 7000 7434
f 7246 7435 7247
f 7435 7436 7247
f 7435 7437 7436
f 7437 7438 7436
f 7437 7439 7438
f 7439 7440 7438
f 7439 7441 7440
f 7441 7442 7440
f 7009 6967 7011
f 6967 6968 7011
f 6967 7009 6966
f 7009 7007 6966
f 7012 7125 6959
f 7125 7060 6959
f 7071 7124 6968
f 7124 7011 6968
f 6957 6956 7008
f 6956 6960 7008
f 7010 6958 7008
f 6958 6957 7008
f 6966 7007 6965
f 7007 6937 6965
f 6959 6958 7012
f 6958 7010 7012
f 7443 7453 7451
f 7443 7445 7453
f 7019 7021 7302
f 7019 7469 7021
f 7019 7491 7469
f 7019 7421 7491
f 7099 7097 7100
f 7097 7098 7100
f 7458 7505 7494
f 7505 7507 7494
f 7023 7024 7457
f 7024 7364 7457
f 7066 7508 7030
f 7082 7478 7272
f 7478 7448 7272
f 7078 7475 7076
f 7475 7474 7076
f 7086 7087 7084
f 7087 7085 7084
f 7084 7085 7083
f 7085 7314 7083
f 7074 7073 7075
f 7073 7334 7075
f 7112 7452 7027
f 7452 7026 7027
f 7097 7502 7098
f 7502 7449 7098
f 7053 7052 7049
f 7052 7050 7049
f 7354 7447 7047
f 7447 7048 7047
f 7447 7053 7048
f 7053 7049 7048
f 7077 7486 7116
f 7486 7115 7116
f 7480 7460 7482
f 7460 7470 7482
f 7054 7055 7481
f 7055 7040 7481
f 7037 7035 7446
f 7035 7473 7446
f 7503 7463 7325
f 7463 7277 7325
f 7468 7022 7499
f 7022 7498 7499
f 7488 7074 7487
f 7074 7075 7487
f 7483 7489 7028
f 7464 7465 7467
f 7465 7493 7467
f 7105 7106 7103
f 7106 7466 7103
f 7497 7462 7095
f 7462 7461 7095
f 7454 7026 7452
f 7015 7492 7444
f 7492 7116 7444
f 7367 7459 7406
f 7459 7041 7406
f 7095 7461 7503
f 7461 7463 7503
f 7101 7104 7262
f 7104 7450 7262
f 7289 7336 7472
f 7336 7456 7472
f 7430 7397 7078
f 7397 7475 7078
f 7390 7079 7025
f 7079 7117 7025
f 7020 7468 7328
f 7468 7499 7328
f 7479 7484 7096
f 7484 7504 7096
f 7485 7476 7304
f 7476 7292 7304
f 7080 7509 7081
f 7509 7477 7081
f 7415 7373 7497
f 7373 7462 7497
f 7506 7054 7043
f 7054 7481 7043
f 7134 7141 7332
f 7141 7062 7332
f 7054 7506 7458
f 7506 7505 7458
f 7484 7399 7504
f 7399 7431 7504
f 7052 7315 7050
f 7315 7046 7050
f 7103 7466 7102
f 7466 7295 7102
f 7104 7464 7450
f 7464 7467 7450
f 7090 7091 7088
f 7091 7089 7088
f 7455 7453 7034
f 7453 7445 7034
f 7094 7093 7114
f 7093 7092 7114
f 7116 7492 7496
f 7492 7490 7496
f 7509 7488 7477
f 7488 7487 7477
f 7027 7028 7112
f 7028 7489 7112
f 7109 7383 7107
f 7383 7108 7107
f 7044 7471 7039
f 7471 7042 7039
f 7088 7089 7086
f 7089 7087 7086
f 7033 7494 7032
f 7494 7507 7032
f 7465 7110 7493
f 7110 7410 7493
f 7033 7036 7494
f 7036 7051 7494
f 7022 7023 7498
f 7023 7457 7498
f 7076 7474 7485
f 7474 7476 7485
f 7478 7479 7448
f 7479 7096 7448
f 7502 7094 7449
f 7094 7114 7449
f 7107 7108 7105
f 7108 7106 7105
f 7030 7063 7064
f 7030 7064 7065
f 7030 7508 7063
f 7486 7072 7115
f 7072 7029 7115
f 7079 7077 7117
f 7077 7116 7117
f 7116 7496 7117
f 7496 7510 7117
f 7116 7115 7444
f 7115 7511 7444
f 7014 7013 7113
f 7337 7014 7340
f 7014 7113 7340
f 7017 7111 7016
f 7495 7482 7470
f 7495 7018 7482
f 7115 7029 7511
f 7029 7038 7511
f 7025 7117 7045
f 7117 7510 7045
f 7382 7434 7017
f 7434 7111 7017
f 7342 7343 7512
f 7343 7513 7512
f 7512 7513 7514
f 7513 7515 7514
f 7514 7515 7516
f 7515 7517 7516
f 7516 7517 7441
f 7517 7442 7441
f 7120 7122 7069
f 7122 7070 7069
f 7069 7068 7120
f 7068 7118 7120
f 7123 7059 7125
f 7059 7060 7125
f 7071 7070 7124
f 7070 7122 7124
f 7057 7119 7056
f 7119 7061 7056
f 7121 7119 7058
f 7119 7057 7058
f 7068 7067 7118
f 7067 7031 7118
f 7059 7123 7058
f 7123 7121 7058
f 7501 7062 7140
f 7062 7141 7140
f 7500 7501 7139
f 7501 7140 7139
f 7429 7500 7135
f 7500 7139 7135
f 7419 7137 6961
f 7137 7138 6961
f 7418 7136 7419
f 7136 7137 7419
f 7429 7135 7418
f 7135 7136 7418
f 7323 7132 6869
f 7132 7133 6869
f 7322 7131 7323
f 7131 7132 7323
f 7236 7126 7322
f 7126 7131 7322
f 7222 6791 7128
f 6791 7129 7128
f 7221 7222 7127
f 7222 7128 7127
f 7236 7221 7126
f 7221 7127 7126
f 7554 7558 7576
f 7558 7573 7576
f 7522 7523 7524
f 7523 7526 7524
f 7523 7521 7526
f 7521 7525 7526
f 7528 7529 7530
f 7529 7532 7530
f 7529 7527 7532
f 7527 7531 7532
f 7543 7544 7545
f 7544 7547 7545
f 7544 7542 7547
f 7542 7546 7547
f 7530 7532 7533
f 7532 7535 7533
f 7532 7531 7535
f 7531 7534 7535
f 7533 7535 7536
f 7535 7538 7536
f 7535 7534 7538
f 7534 7537 7538
f 7545 7547 7548
f 7547 7550 7548
f 7547 7546 7550
f 7546 7549 7550
f 7548 7550 7551
f 7550 7553 7551
f 7550 7549 7553
f 7549 7552 7553
f 7558 7559 7560
f 7559 7562 7560
f 7559 7557 7562
f 7557 7561 7562
f 7536 7538 7539
f 7538 7541 7539
f 7538 7537 7541
f 7537 7540 7541
f 7539 7541 7543
f 7541 7544 7543
f 7541 7540 7544
f 7540 7542 7544
f 7551 7553 7554
f 7553 7556 7554
f 7553 7552 7556
f 7552 7555 7556
f 7554 7556 7558
f 7556 7559 7558
f 7556 7555 7559
f 7555 7557 7559
f 7560 7562 7563
f 7562 7565 7563
f 7562 7561 7565
f 7561 7564 7565
f 7524 7526 7528
f 7526 7529 7528
f 7526 7525 7529
f 7525 7527 7529
f 7563 7565 7518
f 7565 7520 7518
f 7565 7564 7520
f 7564 7519 7520
f 7518 7520 7522
f 7520 7523 7522
f 7520 7519 7523
f 7519 7521 7523
f 7570 7566 7571
f 7566 7568 7571
f 7571 7568 7569
f 7568 7567 7569
f 7573 7570 7574
f 7570 7571 7574
f 7574 7571 7572
f 7571 7569 7572
f 7576 7573 7577
f 7573 7574 7577
f 7577 7574 7575
f 7574 7572 7575
f 7579 7576 7580
f 7576 7577 7580
f 7580 7577 7578
f 7577 7575 7578
f 7582 7579 7583
f 7579 7580 7583
f 7583 7580 7581
f 7580 7578 7581
f 7585 7582 7586
f 7582 7583 7586
f 7586 7583 7584
f 7583 7581 7584
f 7588 7585 7589
f 7585 7586 7589
f 7589 7586 7587
f 7586 7584 7587
f 7591 7588 7592
f 7588 7589 7592
f 7592 7589 7590
f 7589 7587 7590
f 7594 7591 7595
f 7591 7592 7595
f 7595 7592 7593
f 7592 7590 7593
f 7597 7594 7598
f 7594 7595 7598
f 7598 7595 7596
f 7595 7593 7596
f 7600 7597 7601
f 7597 7598 7601
f 7601 7598 7599
f 7598 7596 7599
f 7603 7600 7604
f 7600 7601 7604
f 7604 7601 7602
f 7601 7599 7602
f 7606 7603 7607
f 7603 7604 7607
f 7607 7604 7605
f 7604 7602 7605
f 7609 7606 7610
f 7606 7607 7610
f 7610 7607 7608
f 7607 7605 7608
f 7612 7609 7613
f 7609 7610 7613
f 7613 7610 7611
f 7610 7608 7611
f 7566 7612 7568
f 7612 7613 7568
f 7568 7613 7567
f 7613 7611 7567
f 7533 7536 7597
f 7536 7594 7597
f 7558 7560 7573
f 7560 7570 7573
f 7536 7539 7594
f 7539 7591 7594
f 7566 7563 7612
f 7563 7518 7612
f 7560 7563 7570
f 7563 7566 7570
f 7539 7543 7591
f 7543 7588 7591
f 7612 7518 7609
f 7518 7522 7609
f 7543 7545 7588
f 7545 7585 7588
f 7522 7524 7609
f 7524 7606 7609
f 7545 7548 7585
f 7548 7582 7585
f 7524 7528 7606
f 7528 7603 7606
f 7548 7551 7582
f 7551 7579 7582
f 7528 7530 7603
f 7530 7600 7603
f 7551 7554 7579
f 7554 7576 7579
f 7530 7533 7600
f 7533 7597 7600
f 7652 7655 7621
f 7655 7622 7621
f 7552 7549 7642
f 7549 7645 7642
f 7667 7670 7626
f 7670 7627 7626
f 7640 7643 7617
f 7643 7618 7617
f 7670 7673 7627
f 7673 7628 7627
f 7657 7537 7660
f 7537 7534 7660
f 7546 7542 7648
f 7542 7651 7648
f 7630 7634 7614
f 7634 7615 7614
f 7537 7657 7540
f 7657 7654 7540
f 7631 7675 7564
f 7675 7519 7564
f 7673 7676 7628
f 7676 7629 7628
f 7661 7664 7624
f 7664 7625 7624
f 7521 7519 7672
f 7519 7675 7672
f 7636 7557 7639
f 7557 7555 7639
f 7636 7633 7557
f 7633 7561 7557
f 7646 7649 7619
f 7649 7620 7619
f 7655 7658 7622
f 7658 7623 7622
f 7642 7639 7552
f 7639 7555 7552
f 7664 7667 7625
f 7667 7626 7625
f 7637 7640 7616
f 7640 7617 7616
f 7669 7666 7525
f 7666 7527 7525
f 7658 7661 7623
f 7661 7624 7623
f 7649 7652 7620
f 7652 7621 7620
f 7654 7651 7540
f 7651 7542 7540
f 7549 7546 7645
f 7546 7648 7645
f 7676 7630 7629
f 7630 7614 7629
f 7525 7521 7669
f 7521 7672 7669
f 7634 7637 7615
f 7637 7616 7615
f 7531 7527 7663
f 7527 7666 7663
f 7643 7646 7618
f 7646 7619 7618
f 7660 7534 7663
f 7534 7531 7663
f 7634 7630 7635
f 7630 7632 7635
f 7635 7632 7633
f 7632 7631 7633
f 7637 7634 7638
f 7634 7635 7638
f 7638 7635 7636
f 7635 7633 7636
f 7640 7637 7641
f 7637 7638 7641
f 7641 7638 7639
f 7638 7636 7639
f 7643 7640 7644
f 7640 7641 7644
f 7644 7641 7642
f 7641 7639 7642
f 7646 7643 7647
f 7643 7644 7647
f 7647 7644 7645
f 7644 7642 7645
f 7649 7646 7650
f 7646 7647 7650
f 7650 7647 7648
f 7647 7645 7648
f 7652 7649 7653
f 7649 7650 7653
f 7653 7650 7651
f 7650 7648 7651
f 7655 7652 7656
f 7652 7653 7656
f 7656 7653 7654
f 7653 7651 7654
f 7658 7655 7659
f 7655 7656 7659
f 7659 7656 7657
f 7656 7654 7657
f 7661 7658 7662
f 7658 7659 7662
f 7662 7659 7660
f 7659 7657 7660
f 7664 7661 7665
f 7661 7662 7665
f 7665 7662 7663
f 7662 7660 7663
f 7667 7664 7668
f 7664 7665 7668
f 7668 7665 7666
f 7665 7663 7666
f 7670 7667 7671
f 7667 7668 7671
f 7671 7668 7669
f 7668 7666 7669
f 7673 7670 7674
f 7670 7671 7674
f 7674 7671 7672
f 7671 7669 7672
f 7676 7673 7677
f 7673 7674 7677
f 7677 7674 7675
f 7674 7672 7675
f 7630 7676 7632
f 7676 7677 7632
f 7632 7677 7631
f 7677 7675 7631
f 7633 7631 7561
f 7631 7564 7561
f 7678 7679 7732
f 7679 7680 7732
f 7682 7681 7709
f 7681 7710 7709
f 7683 7678 7733
f 7678 7732 7733
f 7684 7682 7711
f 7682 7709 7711
f 7685 7683 7686
f 7683 7733 7686
f 7687 7684 7688
f 7684 7711 7688
f 7683 7685 7691
f 7685 7692 7691
f 7678 7683 7689
f 7683 7691 7689
f 7679 7678 7690
f 7678 7689 7690
f 7691 7692 7695
f 7692 7696 7695
f 7689 7691 7693
f 7691 7695 7693
f 7690 7689 7694
f 7689 7693 7694
f 7695 7696 7699
f 7696 7700 7699
f 7693 7695 7697
f 7695 7699 7697
f 7694 7693 7698
f 7693 7697 7698
f 7699 7700 7703
f 7700 7704 7703
f 7697 7699 7701
f 7699 7703 7701
f 7698 7697 7702
f 7697 7701 7702
f 7703 7704 7707
f 7704 7708 7707
f 7701 7703 7705
f 7703 7707 7705
f 7702 7701 7706
f 7701 7705 7706
f 7707 7708 7711
f 7708 7688 7711
f 7705 7707 7709
f 7707 7711 7709
f 7706 7705 7710
f 7705 7709 7710
f 7684 7687 7714
f 7687 7715 7714
f 7682 7684 7713
f 7684 7714 7713
f 7681 7682 7712
f 7682 7713 7712
f 7714 7715 7718
f 7715 7719 7718
f 7713 7714 7717
f 7714 7718 7717
f 7712 7713 7716
f 7713 7717 7716
f 7718 7719 7722
f 7719 7723 7722
f 7717 7718 7721
f 7718 7722 7721
f 7716 7717 7720
f 7717 7721 7720
f 7722 7723 7726
f 7723 7727 7726
f 7721 7722 7725
f 7722 7726 7725
f 7720 7721 7724
f 7721 7725 7724
f 7726 7727 7730
f 7727 7731 7730
f 7725 7726 7729
f 7726 7730 7729
f 7724 7725 7728
f 7725 7729 7728
f 7730 7731 7733
f 7731 7686 7733
f 7729 7730 7732
f 7730 7733 7732
f 7728 7729 7680
f 7729 7732 7680
f 7745 7744 7742
f 7744 7743 7742
f 7746 7747 7745
f 7747 7744 7745
f 7761 7760 7738
f 7760 7739 7738
f 7734 7735 7737
f 7735 7807 7737
f 7737 7736 7739
f 7736 7738 7739
f 7742 7743 7741
f 7743 7740 7741
f 7747 7746 7769
f 7746 7768 7769
f 7749 7748 7758
f 7748 7759 7758
f 7747 7739 7744
f 7739 7760 7744
f 7741 7740 7761
f 7740 7760 7761
f 7739 7747 7737
f 7747 7769 7737
f 7735 7734 7751
f 7734 7750 7751
f 7751 7750 7753
f 7750 7752 7753
f 7753 7752 7755
f 7752 7754 7755
f 7755 7754 7757
f 7754 7756 7757
f 7757 7756 7759
f 7756 7758 7759
f 7734 7758 7750
f 7758 7756 7750
f 7750 7756 7752
f 7756 7754 7752
f 7740 7743 7760
f 7743 7744 7760
f 7748 7749 7762
f 7749 7763 7762
f 7762 7763 7764
f 7763 7765 7764
f 7764 7765 7766
f 7765 7767 7766
f 7766 7767 7768
f 7767 7769 7768
f 7737 7769 7765
f 7769 7767 7765
f 7737 7765 7749
f 7765 7763 7749
f 7737 7749 7734
f 7749 7758 7734
f 7771 7783 7770
f 7783 7782 7770
f 7778 7790 7777
f 7790 7789 7777
f 7775 7787 7774
f 7787 7786 7774
f 7770 7782 7781
f 7782 7793 7781
f 7772 7784 7771
f 7784 7783 7771
f 7779 7791 7778
f 7791 7790 7778
f 7776 7788 7775
f 7788 7787 7775
f 7773 7785 7772
f 7785 7784 7772
f 7780 7792 7779
f 7792 7791 7779
f 7777 7789 7776
f 7789 7788 7776
f 7774 7786 7773
f 7786 7785 7773
f 7781 7793 7780
f 7793 7792 7780
f 7788 7800 7787
f 7800 7799 7787
f 7785 7797 7784
f 7797 7796 7784
f 7792 7804 7791
f 7804 7803 7791
f 7789 7801 7788
f 7801 7800 7788
f 7786 7798 7785
f 7798 7797 7785
f 7793 7805 7792
f 7805 7804 7792
f 7783 7795 7782
f 7795 7794 7782
f 7790 7802 7789
f 7802 7801 7789
f 7787 7799 7786
f 7799 7798 7786
f 7782 7794 7793
f 7794 7805 7793
f 7784 7796 7783
f 7796 7795 7783
f 7800 7806 7799
f 7797 7806 7796
f 7804 7806 7803
f 7801 7806 7800
f 7798 7806 7797
f 7805 7806 7804
f 7795 7806 7794
f 7802 7806 7801
f 7799 7806 7798
f 7794 7806 7805
f 7796 7806 7795
f 7803 7806 7802
f 7791 7803 7790
f 7803 7802 7790
o Part.12
v -19.197 58.305 -100.556
v -19.902 58.305 -99.502
v -20.956 58.305 -98.797
v -22.2 58.305 -98.55
v -23.444 58.305 -98.797
v -24.498 58.305 -99.502
v -22 56.337 -96.728
v -19.835 49.879 -106.428
v -19.144 50.004 -106.008
v -18.142 50.34 -105.051
v -22.2 49.753 -106.997
v -23.787 49.811 -106.75
v -27.143 54.385 -100.199
v -27.403 53.469 -101.8
v -27.153 53.161 -103.375
v -27.288 52.436 -100.776
v -26.85 52.563 -99.473
v -26.331 54.773 -98.635
v -17.341 53.853 -100.092
v -17.772 58.426 -103.561
v -18.864 59.984 -103.705
v -17.6 58.409 -102.404
v -18.853 59.945 -102.061
v -21.833 57.797 -95.86
v -21.878 58 -96.337
v -24.91 57.557 -96.43
v -24.746 57.809 -96.812
v -17.181 57.107 -99.585
v -17.22 57.171 -99.855
v -18.364 57.894 -97.593
v -18.513 58.003 -97.868
v -27.466 57.254 -98.855
v -27.258 57.447 -99.071
v -28.132 57.05 -100.36
v -28.015 57.237 -100.438
v -26.378 57.426 -97.437
v -26.397 56.219 -96.76
v -24.942 56.537 -95.926
v -21.884 57.029 -95.422
v -17.15 56.605 -98.196
v -18.501 57.01 -96.863
v -27.234 57.835 -99.173
v -27.988 57.442 -100.512
v -21.922 58.61 -96.484
v -24.773 58.377 -96.937
v -18.409 58.436 -98.064
v -17.163 57.309 -100.057
v -27.651 58.122 -100.956
v -27.761 58.016 -100.812
v -26.967 58.412 -99.756
v -27.071 58.32 -99.449
v -21.944 59.373 -97.262
v -21.979 59.497 -97.782
v -24.729 59.024 -97.567
v -24.613 59.159 -98.053
v -18.616 59.175 -99.161
v -18.495 59.07 -98.812
v -17.282 57.732 -100.646
v -17.233 57.658 -100.518
v -27.659 58.422 -101.689
v -26.899 59.151 -101.188
v -26.979 59.2 -100.989
v -24.668 60.405 -100.035
v -21.974 60.755 -99.724
v -24.655 60.357 -100.382
v -22.016 60.728 -100.189
v -18.583 59.844 -100.633
v -17.436 58.209 -101.751
v -18.76 59.844 -101.025
v -26.92 59.388 -101.745
v -26.855 59.367 -101.94
v -27.673 58.502 -102.257
v -24.695 60.666 -101.263
v -22.067 61.046 -101.218
v -24.642 60.522 -101.585
v -22.108 60.837 -101.605
v -18.743 60.06 -101.744
v -21.97 59.883 -97.944
v -24.681 59.584 -98.244
v -26.967 59.28 -101.324
v -22.027 60.946 -100.366
v -24.72 60.528 -100.538
v -18.67 60.006 -101.214
v -27.08 58.748 -100.039
v -27.638 58.299 -101.107
v -17.285 57.836 -100.846
v -18.527 59.414 -99.324
v -28.458 55.967 -103.878
v -28.315 56.741 -104.085
v -28.091 55.716 -105.207
v -27.624 57.472 -105.564
v -27.989 57.632 -104.301
v -19.081 59.775 -104.038
v -17.907 58.418 -103.855
v -25.636 59.944 -104.711
v -24.417 60.272 -104.63
v -24.438 60.39 -105.005
v -27.826 52.328 -104.256
v -28.252 54.054 -103.516
v -18.976 59.929 -104.472
v -17.891 58.554 -104.229
v -26.605 59.113 -105.335
v -26.946 56.903 -106.904
v -26.076 58.57 -106.781
v -27.271 55.235 -106.741
v -18.637 58.595 -106.064
v -19.083 59.857 -105.415
v -24.326 59.991 -106.364
v -25.292 59.426 -106.545
v -26.831 59.302 -104.188
v -26.683 50.337 -105.494
v -27.247 52.835 -106.165
v -26.657 50.281 -105.775
v -26.044 52.547 -107.353
v -25.962 53.715 -107.706
v -25.814 52.539 -107.4
v -25.446 50.003 -106.581
v -25.781 50.011 -106.671
v -21.509 53.664 -108.934
v -23.402 54.002 -108.969
v -21.537 55.104 -109.138
v -23.121 55.305 -109.143
v -18.776 53.717 -107.864
v -19.204 52.384 -107.753
v -21.363 52.284 -108.484
v -19.336 52.204 -107.772
v -19.971 49.836 -106.825
v -20.137 49.776 -107.297
v -19.467 49.918 -106.971
v -19.122 52.167 -107.641
v -19.427 58.873 -106.615
v -19.188 59.302 -106.266
v -24.803 58.715 -107.619
v -24.027 59.328 -107.421
v -24.54 58.49 -107.72
v -23.844 59.093 -107.537
v -23.776 59.001 -107.781
v -24.516 58.402 -107.977
v -25.883 56.229 -108.004
v -25.141 57.659 -107.882
v -25.368 57.832 -107.793
v -25.082 57.567 -108.102
v -22.731 56.3 -109.108
v -22.067 57.864 -108.731
v -20.509 57.389 -108.641
v -19.59 58.391 -107.702
v -21.859 59.602 -107.458
v -20.547 59.44 -107.219
v -18.004 50.188 -105.916
v -17.467 52.361 -106.31
v -16.993 50.833 -104.282
v -16.431 52.783 -104.018
v -18.849 58.581 -106.42
v -18.925 56.424 -107.859
v -19.083 56.879 -108.059
v -18.726 57.582 -107.326
v -18.884 57.702 -107.574
v -18.968 55.156 -108.175
v -18.783 55.353 -108.092
v -18.662 56.419 -107.896
v -18.562 58.298 -106.463
v -18.324 58.268 -106.383
v -16.249 56.985 -101.381
v -16.068 56.231 -100.509
v -15.898 56.206 -102.384
v -15.819 55.833 -102.081
v -16.113 55.22 -99.852
v -16.195 53.946 -101.858
v -17.325 56.056 -98.347
v -16.631 53.595 -99.749
v -16.944 52.575 -99.731
v -16.424 53.202 -101.097
v -16.646 52.448 -100.486
v -17.303 52.789 -99.1
v -17.263 54.402 -98.638
v -17.294 58.255 -104.499
v -16.496 57.55 -102.157
v -16.983 58.1 -103.771
v -16.648 56.076 -105.748
v -16.737 57.351 -105.083
v -16.762 57.141 -104.833
v -17.3 58.041 -104.151
v -16.487 57.047 -104.65
v -20.668 60.627 -101.77
v -20.668 60.682 -104.028
v -20.588 60.815 -101.35
v -20.552 60.7 -100.634
v -20.592 60.536 -100.416
v -20.513 60.556 -99.981
v -20.616 59.821 -98.27
v -20.651 59.477 -98.097
v -20.601 59.335 -97.648
v -20.562 58.555 -96.855
v -20.545 58.061 -96.747
v -20.407 57.909 -96.322
v -20.442 57.102 -95.772
v -17.8 52.306 -106.657
v -17.464 53.098 -106.542
v -17.687 52.346 -106.401
v -18.424 50.064 -106.002
v -18.455 50.014 -106.346
v -25.712 52.488 -107.609
v -25.387 49.932 -106.897
v -23.876 49.799 -107.439
v -23.765 52.322 -108.418
v -23.076 49.769 -107.557
v -23.232 52.264 -108.522
v -22.385 49.769 -107.612
v -21.892 52.251 -108.528
v -21.699 52.331 -108.34
v -22.043 49.735 -107.236
v -21.464 49.739 -107.612
v -23.432 52.313 -108.268
v -23.448 53.183 -108.748
v -23.376 49.747 -107.182
v -26.117 54.726 -107.846
v -26.951 50.469 -105.418
v -19.196 56.343 -97.701
v -20.67 56.416 -96.971
v -25.993 55.693 -97.287
v -27.682 55.985 -98.314
v -27.265 55.143 -98.231
v -21.206 55.958 -109.057
v -28.369 55.976 -100.077
v -28.16 54.678 -100.05
v -26.868 54.943 -98.261
v -27.897 54.442 -100.026
v -28.194 54.015 -101.813
v -28.313 54.655 -101.59
v -28.31 54.289 -102.735
v -28.594 56.077 -102.904
v -27.115 53.726 -98.817
v -27.704 53.6 -99.91
v -27.83 58.065 -101.392
v -17.814 54.155 -99.008
v -24.507 60.54 -104.333
v -22.125 60.924 -104.197
v -20.742 60.356 -104.326
v -20.641 60.518 -104.754
v -20.616 60.447 -105.83
v -20.655 59.889 -106.725
v -20.602 59.571 -106.89
v -22.126 60.577 -104.475
v -22.076 60.764 -104.908
v -22.038 60.568 -106.039
v -22.038 59.996 -106.974
v -21.89 59.701 -107.146
v -18.427 57.612 -107.208
v -17.955 57.648 -106.984
v -15.985 56.514 -102.971
v -26.133 57.632 -97.722
v -26.125 58.191 -97.818
v -25.999 58.688 -98.244
v -25.847 58.865 -98.666
v -25.986 59.217 -98.86
v -25.887 59.925 -100.432
v -25.849 59.869 -100.708
v -25.916 60.017 -100.861
v -25.859 60.15 -101.436
v -25.802 60.067 -101.67
v -28.456 56.877 -102.956
v -28.086 57.774 -103.018
v -18.512 55.068 -107.896
v -18.151 56.375 -107.556
v -16.859 54.958 -106.23
v -17.285 53.839 -106.434
v -27.476 50.936 -104.39
v -16.069 54.142 -102.946
v -28.244 57.156 -101.072
v -28.015 53.493 -101.314
v -19.101 55.384 -108.301
v -15.806 55.198 -101.953
v -15.846 54.941 -102.875
v -15.825 55.738 -102.849
v -27.572 52.589 -99.964
v -27.711 52.531 -100.638
v -27.233 52.782 -99.199
v -27.149 52.369 -100.202
v -17.323 52.405 -100.007
v -17.115 52.485 -100.72
v -17.004 53.477 -101.807
v -17.031 53.082 -101.234
v -17.289 52.622 -103.52
v -20.59 49.808 -106.743
v -25.263 50.052 -106.015
v -26.415 50.457 -104.863
v -27.317 53.597 -102.725
v -18.176 56.02 -98.553
v -26.622 53.611 -99.047
v -26.87 50.866 -104.087
v -24.387 55.92 -97.15
v -17.649 52.695 -99.282
v -17.498 50.919 -104.021
v -17.111 53.516 -102.835
v -25.203 58.305 -100.556
v -25.45 58.305 -101.8
v -25.203 58.305 -103.044
v -24.498 58.305 -104.098
v -23.444 58.305 -104.803
v -22.2 58.305 -105.05
v -19.8 59.4 -101.8
v -19.983 59.4 -100.882
v -20.503 59.4 -100.103
v -21.282 59.4 -99.583
v -22.2 59.4 -99.4
v -23.118 59.4 -99.583
v -23.897 59.4 -100.103
v -24.417 59.4 -100.882
v -24.6 59.4 -101.8
v -24.417 59.4 -102.718
v -23.897 59.4 -103.497
v -23.118 59.4 -104.017
v -22.2 59.4 -104.2
v -22.2 57.4 -104.2
v -23.118 57.4 -104.017
v -23.897 57.4 -103.497
v -24.417 57.4 -102.718
v -24.6 57.4 -101.8
v -24.417 57.4 -100.882
v -23.897 57.4 -100.103
v -23.118 57.4 -99.583
v -22.2 57.4 -99.4
v -21.282 57.4 -99.583
v -20.503 57.4 -100.103
v -19.983 57.4 -100.882
v -19.8 57.4 -101.8
v -19.983 57.4 -102.718
v -20.503 57.4 -103.497
v -21.282 57.4 -104.017
v -19.983 59.4 -102.718
v -20.503 59.4 -103.497
v -21.282 59.4 -104.017
v -22.2 59.4 -101.8
v -22.2 57.4 -105.05
v -23.444 57.4 -104.803
v -24.498 57.4 -104.098
v -25.203 57.4 -103.044
v -25.45 57.4 -101.8
v -25.203 57.4 -100.556
v -24.498 57.4 -99.502
v -23.444 57.4 -98.797
v -22.2 57.4 -98.55
v -20.956 57.4 -98.797
v -19.902 57.4 -99.502
v -19.197 57.4 -100.556
v -18.95 57.4 -101.8
v -19.197 57.4 -103.044
v -19.902 57.4 -104.098
v -20.956 57.4 -104.803
v -18.95 58.305 -101.8
v -19.197 58.305 -103.044
v -19.902 58.305 -104.098
v -20.956 58.305 -104.803
v -22.2 56.385 -107
v -24.19 56.385 -106.604
v -25.877 56.385 -105.477
v -27.004 56.385 -103.79
v -27.4 56.385 -101.8
v -27.004 56.385 -99.81
v -25.877 56.385 -98.123
v -17.396 56.385 -99.81
v -17 56.385 -101.8
v -17.396 56.385 -103.79
v -18.523 56.385 -105.477
v -20.21 56.385 -106.604
v -22.2 58.21 -106
v -23.807 58.21 -105.68
v -25.17 58.21 -104.77
v -26.08 58.21 -103.407
v -26.4 58.21 -101.8
v -26.08 58.21 -100.193
v -25.17 58.21 -98.83
v -23.807 58.21 -97.92
v -22.2 58.21 -97.6
v -20.593 58.21 -97.92
v -19.23 58.21 -98.83
v -18.32 58.21 -100.193
v -18 58.21 -101.8
v -18.32 58.21 -103.407
v -19.23 58.21 -104.77
v -20.593 58.21 -105.68
v -18.732 59.734 -104.437
v -18.258 59.276 -99.558
v -18.14 58.368 -98.365
v -18.314 59.67 -100.749
v -18.483 59.895 -101.813
v -18.601 59.851 -103.655
v -18.825 59.662 -104
v -18.239 57.971 -98.157
v -18.596 59.806 -102.118
v -18.23 58.953 -99.049
v -18.23 56.972 -97.146
v -18.491 59.702 -101.128
v -18.346 59.06 -99.37
v -18.872 59.678 -105.51
v -18.412 59.846 -101.322
v -18.102 57.862 -97.854
v -22.111 61.052 -102.028
v -20.668 60.836 -102.138
v -18.855 60.151 -102.33
v -24.62 60.725 -102.034
v -25.792 60.247 -102.166
v -26.868 59.557 -102.307
v -27.742 58.56 -102.591
v -18.597 60.013 -102.369
v -19.477 58.948 -106.948
v -16.154 54.096 -102.13
v -16.112 54.171 -102.402
v -16.071 54.194 -102.674
v -17.03 53.588 -102.064
v -17.057 53.623 -102.321
v -17.084 53.607 -102.578
v -28.278 54.28 -103.162
v -27.228 53.478 -103.08
v -21.699 52.331 -108.34
v -22.043 49.735 -107.236
v -22.043 49.735 -107.236
v -16.648 56.076 -105.748
v -16.648 56.076 -105.748
v -16.487 57.047 -104.65
v -18.583 59.844 -100.633
v -20.513 60.556 -99.981
v -19.902 58.305 -104.098
v -19.197 58.305 -103.044
v -24.942 56.537 -95.926
v -21.884 57.029 -95.422
v -24.72 60.528 -100.538
v -25.916 60.017 -100.861
v -17.163 57.309 -100.057
v -17.163 57.309 -100.057
v -17.163 57.309 -100.057
v -17.233 57.658 -100.518
v -17.233 57.658 -100.518
v -17.233 57.658 -100.518
v -27.638 58.299 -101.107
v -27.83 58.065 -101.392
v -27.83 58.065 -101.392
v -19.083 56.879 -108.059
v -18.884 57.702 -107.574
v -25.814 52.539 -107.4
v -25.446 50.003 -106.581
v -25.446 50.003 -106.581
v -23.076 49.769 -107.557
v -23.076 49.769 -107.557
v -23.232 52.264 -108.522
v -22.2 59.4 -104.2
v -21.282 59.4 -104.017
v -27.572 52.589 -99.964
v -27.233 52.782 -99.199
v -27.233 52.782 -99.199
v -17.181 57.107 -99.585
v -17.181 57.107 -99.585
v -17.22 57.171 -99.855
v -17.22 57.171 -99.855
v -17.22 57.171 -99.855
v -18.732 59.734 -104.437
v -17.891 58.554 -104.229
v -17.891 58.554 -104.229
v -26.967 58.412 -99.756
v -25.847 58.865 -98.666
v -26.397 56.219 -96.76
v -26.397 56.219 -96.76
v -24.516 58.402 -107.977
v -25.082 57.567 -108.102
v -27.234 57.835 -99.173
v -26.125 58.191 -97.818
v -17.464 53.098 -106.542
v -17.687 52.346 -106.401
v -19.427 58.873 -106.615
v -20.602 59.571 -106.89
v -17.282 57.732 -100.646
v -17.282 57.732 -100.646
v -17.282 57.732 -100.646
v -17.285 57.836 -100.846
v -17.285 57.836 -100.846
v -17.285 57.836 -100.846
v -27.071 58.32 -99.449
v -25.999 58.688 -98.244
v -21.944 59.373 -97.262
v -24.729 59.024 -97.567
v -19.204 52.384 -107.753
v -19.467 49.918 -106.971
v -19.467 49.918 -106.971
v -18.455 50.014 -106.346
v -18.455 50.014 -106.346
v -24.803 58.715 -107.619
v -24.027 59.328 -107.421
v -22.027 60.946 -100.366
v -20.552 60.7 -100.634
v -18.424 50.064 -106.002
v -18.424 50.064 -106.002
v -22.016 60.728 -100.189
v -20.592 60.536 -100.416
v -18.004 50.188 -105.916
v -18.004 50.188 -105.916
v -18.258 59.276 -99.558
v -18.527 59.414 -99.324
v -18.14 58.368 -98.365
v -17.303 52.789 -99.1
v -17.303 52.789 -99.1
v -17.263 54.402 -98.638
v -17.15 56.605 -98.196
v -17.15 56.605 -98.196
v -17.15 56.605 -98.196
v -26.899 59.151 -101.188
v -25.849 59.869 -100.708
v -24.642 60.522 -101.585
v -25.802 60.067 -101.67
v -25.781 50.011 -106.671
v -25.781 50.011 -106.671
v -26.331 54.773 -98.635
v -26.331 54.773 -98.635
v -24.387 55.92 -97.15
v -24.387 55.92 -97.15
v -20.601 59.335 -97.648
v -27.403 53.469 -101.8
v -27.288 52.436 -100.776
v -27.288 52.436 -100.776
v -22.038 59.996 -106.974
v -21.464 49.739 -107.612
v -21.464 49.739 -107.612
v -27.682 55.985 -98.314
v -25.263 50.052 -106.015
v -26.415 50.457 -104.863
v -17.294 58.255 -104.499
v -16.737 57.351 -105.083
v -20.742 60.356 -104.326
v -22.126 60.577 -104.475
v -22.067 61.046 -101.218
v -20.588 60.815 -101.35
v -23.897 59.4 -100.103
v -24.417 59.4 -100.882
v -27.247 52.835 -106.165
v -27.247 52.835 -106.165
v -26.951 50.469 -105.418
v -26.951 50.469 -105.418
v -18.637 58.595 -106.064
v -18.637 58.595 -106.064
v -18.637 58.595 -106.064
v -18.637 58.595 -106.064
v -18.562 58.298 -106.463
v -27.988 57.442 -100.512
v -28.244 57.156 -101.072
v -28.244 57.156 -101.072
v -17.772 58.426 -103.561
v -17.772 58.426 -103.561
v -17.772 58.426 -103.561
v -16.983 58.1 -103.771
v -28.015 53.493 -101.314
v -27.711 52.531 -100.638
v -27.711 52.531 -100.638
v -18.968 55.156 -108.175
v -18.968 55.156 -108.175
v -19.101 55.384 -108.301
v -18.314 59.67 -100.749
v -17.436 58.209 -101.751
v -17.436 58.209 -101.751
v -17.436 58.209 -101.751
v -17.436 58.209 -101.751
v -21.922 58.61 -96.484
v -20.562 58.555 -96.855
v -18.783 55.353 -108.092
v -18.662 56.419 -107.896
v -23.876 49.799 -107.439
v -23.876 49.799 -107.439
v -23.376 49.747 -107.182
v -23.376 49.747 -107.182
v -24.54 58.49 -107.72
v -23.844 59.093 -107.537
v -18.501 57.01 -96.863
v -20.442 57.102 -95.772
v -19.971 49.836 -106.825
v -19.971 49.836 -106.825
v -27.265 55.143 -98.231
v -18.976 59.929 -104.472
v -20.641 60.518 -104.754
v -18.324 58.268 -106.383
v -21.859 59.602 -107.458
v -20.547 59.44 -107.219
v -27.761 58.016 -100.812
v -26.967 59.28 -101.324
v -28.16 54.678 -100.05
v -28.313 54.655 -101.59
v -21.878 58 -96.337
v -24.746 57.809 -96.812
v -26.855 59.367 -101.94
v -27.673 58.502 -102.257
v -17.907 58.418 -103.855
v -17.907 58.418 -103.855
v -17.3 58.041 -104.151
v -18.76 59.844 -101.025
v -19.196 56.343 -97.701
v -20.67 56.416 -96.971
v -27.258 57.447 -99.071
v -26.133 57.632 -97.722
v -24.507 60.54 -104.333
v -22.125 60.924 -104.197
v -21.509 53.664 -108.934
v -21.509 53.664 -108.934
v -21.892 52.251 -108.528
v -20.655 59.889 -106.725
v -25.712 52.488 -107.609
v -25.387 49.932 -106.897
v -25.387 49.932 -106.897
v -16.249 56.985 -101.381
v -16.249 56.985 -101.381
v -26.683 50.337 -105.494
v -26.683 50.337 -105.494
v -27.651 58.122 -100.956
v -28.194 54.015 -101.813
v -18.67 60.006 -101.214
v -27.115 53.726 -98.817
v -21.89 59.701 -107.146
v -28.015 57.237 -100.438
v -26.044 52.547 -107.353
v -25.962 53.715 -107.706
v -25.962 53.715 -107.706
v -16.944 52.575 -99.731
v -16.646 52.448 -100.486
v -16.646 52.448 -100.486
v -25.883 56.229 -108.004
v -25.883 56.229 -108.004
v -25.141 57.659 -107.882
v -17.115 52.485 -100.72
v -17.115 52.485 -100.72
v -17.031 53.082 -101.234
v -17.325 56.056 -98.347
v -27.826 52.328 -104.256
v -28.252 54.054 -103.516
v -22.385 49.769 -107.612
v -22.385 49.769 -107.612
v -24.498 58.305 -99.502
v -25.203 58.305 -100.556
v -24.695 60.666 -101.263
v -25.859 60.15 -101.436
v -27.466 57.254 -98.855
v -28.132 57.05 -100.36
v -19.081 59.775 -104.038
v -24.6 59.4 -101.8
v -24.417 59.4 -102.718
v -21.363 52.284 -108.484
v -24.438 60.39 -105.005
v -22.076 60.764 -104.908
v -24.668 60.405 -100.035
v -21.974 60.755 -99.724
v -18.853 59.945 -102.061
v -20.668 60.627 -101.77
v -22.2 49.753 -106.997
v -23.787 49.811 -106.75
v -25.887 59.925 -100.432
v -22.108 60.837 -101.605
v -17.004 53.477 -101.807
v -18.601 59.851 -103.655
v -18.601 59.851 -103.655
v -18.864 59.984 -103.705
v -22.2 58.305 -105.05
v -20.956 58.305 -104.803
v -27.897 54.442 -100.026
v -16.424 53.202 -101.097
v -21.979 59.497 -97.782
v -24.613 59.159 -98.053
v -23.432 52.313 -108.268
v -21.97 59.883 -97.944
v -20.616 59.821 -98.27
v -24.773 58.377 -96.937
v -18.495 59.07 -98.812
v -18.825 59.662 -104
v -23.897 59.4 -103.497
v -25.45 58.305 -101.8
v -25.203 58.305 -103.044
v -19.835 49.879 -106.428
v -19.144 50.004 -106.008
v -25.368 57.832 -107.793
v -18.743 60.06 -101.744
v -26.378 57.426 -97.437
v -20.137 49.776 -107.297
v -20.137 49.776 -107.297
v -27.08 58.748 -100.039
v -25.986 59.217 -98.86
v -18.142 50.34 -105.051
v -17.498 50.919 -104.021
v -17.498 50.919 -104.021
v -26.868 54.943 -98.261
v -26.868 54.943 -98.261
v -26.979 59.2 -100.989
v -19.197 58.305 -100.556
v -19.902 58.305 -99.502
v -24.655 60.357 -100.382
v -20.668 60.682 -104.028
v -24.417 60.272 -104.63
v -19.983 59.4 -102.718
v -19.8 59.4 -101.8
v -23.776 59.001 -107.781
v -17.323 52.405 -100.007
v -23.448 53.183 -108.748
v -23.448 53.183 -108.748
v -18.239 57.971 -98.157
v -18.513 58.003 -97.868
v -18.596 59.806 -102.118
v -18.427 57.612 -107.208
v -26.657 50.281 -105.775
v -26.657 50.281 -105.775
v -23.765 52.322 -108.418
v -18.726 57.582 -107.326
v -25.636 59.944 -104.711
v -25.636 59.944 -104.711
v -27.659 58.422 -101.689
v -27.659 58.422 -101.689
v -23.118 59.4 -104.017
v -21.833 57.797 -95.86
v -24.91 57.557 -96.43
v -19.188 59.302 -106.266
v -18.364 57.894 -97.593
v -20.407 57.909 -96.322
v -27.476 50.936 -104.39
v -27.476 50.936 -104.39
v -18.925 56.424 -107.859
v -28.31 54.289 -102.735
v -20.956 58.305 -98.797
v -22.2 58.305 -98.55
v -26.92 59.388 -101.745
v -20.545 58.061 -96.747
v -16.993 50.833 -104.282
v -16.993 50.833 -104.282
v -16.431 52.783 -104.018
v -18.849 58.581 -106.42
v -18.23 58.953 -99.049
v -28.278 54.28 -103.162
v -24.681 59.584 -98.244
v -16.762 57.141 -104.833
v -18.23 56.972 -97.146
v -18.616 59.175 -99.161
v -20.651 59.477 -98.097
v -17.6 58.409 -102.404
v -17.6 58.409 -102.404
v -17.6 58.409 -102.404
v -17.6 58.409 -102.404
v -18.346 59.06 -99.37
v -17.467 52.361 -106.31
v -18.597 60.013 -102.369
v -18.597 60.013 -102.369
v -22 56.337 -96.728
v -27.153 53.161 -103.375
v -26.87 50.866 -104.087
v -26.87 50.866 -104.087
v -16.068 56.231 -100.509
v -16.068 56.231 -100.509
v -18.102 57.862 -97.854
v -18.409 58.436 -98.064
v -27.149 52.369 -100.202
v -18.95 58.305 -101.8
v -18.176 56.02 -98.553
v -18.176 56.02 -98.553
v -17.814 54.155 -99.008
v -27.317 53.597 -102.725
v -20.59 49.808 -106.743
v -17.649 52.695 -99.282
v -17.649 52.695 -99.282
v -26.85 52.563 -99.473
v -26.85 52.563 -99.473
v -26.622 53.611 -99.047
v -19.983 59.4 -100.882
v -17.289 52.622 -103.52
v -17.084 53.607 -102.578
v -17.111 53.516 -102.835
v -24.498 58.305 -104.098
v -20.503 59.4 -100.103
v -27.228 53.478 -103.08
v -23.444 58.305 -98.797
v -21.282 59.4 -99.583
v -22.2 59.4 -99.4
v -23.444 58.305 -104.803
v -23.118 59.4 -99.583
v -20.503 59.4 -103.497
v -23.118 57.4 -104.017
v -22.2 57.4 -104.2
v -23.897 57.4 -103.497
v -24.417 57.4 -102.718
v -24.6 57.4 -101.8
v -24.417 57.4 -100.882
v -23.897 57.4 -100.103
v -23.118 57.4 -99.583
v -22.2 57.4 -99.4
v -21.282 57.4 -99.583
v -20.503 57.4 -100.103
v -19.983 57.4 -100.882
v -19.8 57.4 -101.8
v -19.983 57.4 -102.718
v -20.503 57.4 -103.497
v -21.282 57.4 -104.017
v -23.444 57.4 -104.803
v -22.2 57.4 -105.05
v -24.498 57.4 -104.098
v -25.203 57.4 -103.044
v -25.45 57.4 -101.8
v -25.203 57.4 -100.556
v -24.498 57.4 -99.502
v -23.444 57.4 -98.797
v -22.2 57.4 -98.55
v -20.956 57.4 -98.797
v -19.902 57.4 -99.502
v -19.197 57.4 -100.556
v -18.95 57.4 -101.8
v -19.197 57.4 -103.044
v -19.902 57.4 -104.098
v -20.956 57.4 -104.803
v -23.807 58.21 -105.68
v -22.2 58.21 -106
v -25.17 58.21 -104.77
v -26.08 58.21 -103.407
v -26.4 58.21 -101.8
v -26.08 58.21 -100.193
v -25.17 58.21 -98.83
v -23.807 58.21 -97.92
v -22.2 58.21 -97.6
v -20.593 58.21 -97.92
v -19.23 58.21 -98.83
v -18.32 58.21 -100.193
v -18 58.21 -101.8
v -18.32 58.21 -103.407
v -19.23 58.21 -104.77
v -20.593 58.21 -105.68
v -18.483 59.895 -101.813
v -18.491 59.702 -101.128
v -18.412 59.846 -101.322
v -18.855 60.151 -102.33
v -25.792 60.247 -102.166
v -26.868 59.557 -102.307
v -22.111 61.052 -102.028
v -24.62 60.725 -102.034
v -20.668 60.836 -102.138
v -19.477 58.948 -106.948
v -16.154 54.096 -102.13
v -16.112 54.171 -102.402
v -16.071 54.194 -102.674
v -17.03 53.588 -102.064
v -17.057 53.623 -102.321
v -16.195 53.946 -101.858
v -16.069 54.142 -102.946
usemtl MB_38
s off
f 8143 8144 8105
f 8144 8477 8105
f 7920 7925 8414
f 7925 8092 8414
f 8024 8074 7919
f 8074 7905 7919
f 7962 7964 8524
f 7964 8511 8524
f 8059 7849 8058
f 7849 7840 8058
f 8318 8490 8096
f 8490 8419 8096
f 7916 8293 7911
f 8293 7948 7911
f 8491 8034 8039
f 8034 8040 8039
f 7914 7939 8047
f 7939 8048 8047
f 8046 8334 7907
f 8334 7900 7907
f 8061 7862 8062
f 7862 8536 8062
f 8033 8027 8029
f 8027 8268 8029
f 7994 7993 7888
f 7993 7881 7888
f 7937 8004 8289
f 8004 8008 8289
f 7893 8303 7865
f 8303 8201 7865
f 8315 8634 8393
f 8634 8635 8393
f 8081 7973 8080
f 7973 8079 8080
f 7828 8445 8496
f 8445 8045 8496
f 8468 8267 8287
f 8267 8285 8287
f 8382 7914 8383
f 7914 8047 8383
f 7898 7910 7897
f 7910 7912 7897
f 7836 8504 7835
f 8504 8555 7835
f 7894 8190 8228
f 8190 8192 8228
f 8625 8626 8168
f 8626 8169 8168
f 8142 8143 8106
f 8143 8105 8106
f 8200 8203 8398
f 8203 7890 8398
f 7830 7991 7884
f 7991 8337 7884
f 8521 8517 8003
f 8517 7846 8003
f 8017 7932 8018
f 7932 8019 8018
f 8528 7878 8394
f 8520 8521 8377
f 8521 8003 8377
f 7887 7868 8235
f 7868 8313 8235
f 7868 7887 8514
f 7843 8443 7844
f 8443 8028 7844
f 7997 8229 8470
f 8229 7871 8470
f 8243 7867 8069
f 8362 8631 7874
f 8631 7876 7874
f 8199 8204 8377
f 8204 8520 8377
f 7914 8382 8202
f 8382 8189 8202
f 8073 7930 8072
f 7930 8070 8072
f 7905 7906 7897
f 7906 7895 7897
f 7895 7896 7897
f 8072 8080 8073
f 8080 8075 8073
f 7852 8059 7834
f 8059 8058 7834
f 7940 7942 8480
f 7942 7947 8480
f 8304 8471 8539
f 8471 8540 8539
f 7888 7881 7889
f 7881 7880 7889
f 7850 8387 8076
f 8387 8243 8076
f 8056 7987 8071
f 7987 8225 8071
f 7849 8349 7840
f 8349 7842 7840
f 8364 8541 8632
f 8541 8630 8632
f 8415 8340 8508
f 7921 7922 8247
f 8286 7861 7851
f 7861 8472 7851
f 8063 8064 7869
f 8064 8312 7869
f 7951 7952 7950
f 7952 8030 7950
f 8449 8497 8051
f 8497 8335 8051
f 7931 7934 7933
f 7933 7934 7935
f 8380 8288 7936
f 8289 7931 7937
f 8401 7839 8402
f 7839 8482 8402
f 8420 7954 8376
f 7954 8500 8376
f 8270 7944 7951
f 7952 7951 7953
f 7944 8385 7951
f 7860 8468 7859
f 8468 8287 7859
f 8474 8263 7900
f 8263 7907 7900
f 7945 8375 8500
f 8375 8376 8500
f 8359 7961 7966
f 7966 7961 7967
f 7960 7913 7968
f 8348 8344 7969
f 8219 8216 8218
f 8216 8215 8218
f 8278 7970 8281
f 8279 8239 8413
f 7882 8067 8441
f 8067 8066 8441
f 7978 7977 8306
f 8473 7863 8322
f 7863 7998 8322
f 7919 7905 7912
f 7905 7897 7912
f 8363 7984 7829
f 7910 7946 7912
f 7946 8023 7912
f 8226 8333 8537
f 8356 8034 8035
f 8034 8036 8035
f 7957 7959 8301
f 7959 7958 8301
f 7986 7988 7990
f 7991 7883 8337
f 7883 8336 8337
f 7971 7973 8412
f 7973 7972 8412
f 8564 7981 8042
f 7981 7982 8042
f 8295 7873 8296
f 7873 7995 8296
f 8053 8054 7941
f 8054 7943 7941
f 7871 7870 8470
f 7870 7886 8470
f 8149 8150 7811
f 8150 7810 7811
f 8031 8028 7841
f 8028 8443 7841
f 7831 8002 8391
f 8002 8529 8391
f 7972 7973 8057
f 7973 8081 8057
f 8004 8005 8006
f 7857 8061 7891
f 8061 8062 7891
f 8275 8274 8546
f 8391 8392 7831
f 8392 7833 7831
f 7923 8423 8409
f 7999 8286 8000
f 8286 7851 8000
f 7896 7895 8068
f 7895 8038 8068
f 8198 8240 8545
f 8240 8280 8545
f 8222 8407 7926
f 7989 8332 7901
f 8332 8264 7901
f 8405 7930 7931
f 7876 8300 7874
f 8300 7996 7874
f 8469 8502 8014
f 8012 8503 8020
f 8296 7995 7890
f 7995 8398 7890
f 8424 8422 7919
f 7932 8017 8406
f 8342 8341 7918
f 8015 8407 8223
f 8407 8222 8223
f 8452 8299 8451
f 8299 8495 8451
f 8329 8381 8269
f 8009 8510 8010
f 8510 8371 8010
f 8029 8389 8033
f 8389 8465 8033
f 8424 8021 8009
f 8021 8510 8009
f 7967 7961 8055
f 7961 7963 8055
f 8196 8305 7838
f 8305 7853 7838
f 7923 8409 7924
f 8409 8411 7924
f 7885 8536 8467
f 8536 7862 8467
f 7952 8245 8030
f 8245 8078 8030
f 7854 7971 7866
f 7971 8412 7866
f 8193 8197 7884
f 8197 7830 7884
f 7909 7911 7898
f 7911 7910 7898
f 7844 7845 7843
f 7845 8518 7843
f 7911 7948 7910
f 7948 7946 7910
f 8154 8155 8158
f 8155 8159 8158
f 7979 7975 7977
f 7975 7974 7977
f 8085 8566 8082
f 8566 8084 8082
f 7872 7873 8234
f 7873 8295 8234
f 8043 7903 8512
f 7847 7976 7974
f 8496 8045 8044
f 8045 8050 8044
f 7808 7809 8152
f 7809 8608 8152
f 7987 8056 7983
f 8056 8384 7983
f 7896 7899 7897
f 7899 7898 7897
f 8206 7992 8205
f 7992 8404 8205
f 7856 8284 8416
f 8284 8266 8416
f 8533 7953 8213
f 7953 8533 8246
f 8300 8299 7996
f 8299 8452 7996
f 8056 8507 8384
f 8273 8060 8272
f 8060 7858 8272
f 8408 8049 8053
f 8049 8054 8053
f 7954 8420 7955
f 8420 8277 7955
f 8000 8556 7999
f 8556 7864 7999
f 8094 8323 8525
f 8323 8417 8525
f 8093 8551 8343
f 8551 8522 8343
f 8471 7885 8540
f 7885 8467 8540
f 8081 8225 8057
f 8225 8227 8057
f 8225 8081 8072
f 8081 8080 8072
f 8191 8236 8534
f 8236 8241 8534
f 8316 7921 8248
f 7921 8247 8248
f 7980 7979 7978
f 7979 7977 7978
f 8633 8462 8206
f 8462 7992 8206
f 8022 8011 8020
f 8011 8012 8020
f 8057 8227 7984
f 8227 8355 7984
f 8036 8032 8038
f 8032 8031 8038
f 7990 7988 7985
f 7988 8397 7985
f 7820 8557 7821
f 8557 7823 7821
f 7848 8378 8025
f 8378 8026 8025
f 8002 7837 8529
f 7837 8505 8529
f 8055 7963 7969
f 7963 8348 7969
f 7917 7909 7899
f 7909 7898 7899
f 7892 7855 7891
f 7855 7857 7891
f 8083 8077 8324
f 8077 8323 8324
f 8098 8232 8027
f 8232 8268 8027
f 8367 7852 7832
f 7852 7834 7832
f 8065 7889 8442
f 7889 7880 8442
f 7846 8517 7845
f 8517 8518 7845
f 8326 8052 8048
f 8052 8047 8048
f 8333 8332 8537
f 8332 7989 8537
f 8291 8004 8007
f 8004 8006 8007
f 8632 8630 8418
f 8630 8481 8418
f 8453 8506 8207
f 8506 8212 8207
f 8069 7867 7879
f 8221 8094 8220
f 8094 8525 8220
f 7818 8327 8091
f 8327 8483 8091
f 8267 8266 8285
f 8266 8284 8285
f 8405 8016 7927
f 8016 8021 7927
f 8293 7916 8294
f 7916 7915 8294
f 8488 8530 8090
f 8530 8532 8090
f 7941 7943 7940
f 7943 7942 7940
f 8424 7919 8023
f 7919 7912 8023
f 7953 8246 7952
f 8246 8245 7952
f 8235 8313 8234
f 8313 7872 8234
f 8040 8356 8255
f 8356 8357 8255
f 8336 7883 8441
f 7883 7882 8441
f 8001 8368 7832
f 8368 8367 7832
f 8635 8211 8393
f 8211 7879 8393
f 7929 7928 7927
f 7928 8405 7927
f 8634 8315 8637
f 8315 8314 8637
f 8252 8021 8016
f 7850 8272 8387
f 8272 7858 8387
f 7855 7892 8041
f 8350 7842 8349
f 8444 8421 8351
f 8465 8389 8390
f 8255 8256 8040
f 8256 8039 8040
f 8356 8040 8034
f 7861 8060 8472
f 8060 8273 8472
f 8044 8050 8043
f 8050 7903 8043
f 7841 8076 8031
f 8418 8481 7994
f 8481 7993 7994
f 8073 8005 7930
f 8426 8087 8466
f 8087 8089 8466
f 7937 7931 8004
f 8194 8195 7828
f 8195 8445 7828
f 7965 7928 8078
f 7928 8030 8078
f 7931 7933 8405
f 7933 8448 8405
f 8469 8014 8373
f 8014 8013 8373
f 8205 8404 8208
f 8404 8403 8208
f 8070 8071 8072
f 8071 8225 8072
f 7985 8397 7827
f 8397 8396 7827
f 8145 8146 8476
f 8146 8102 8476
f 8294 7915 8326
f 7915 8052 8326
f 8322 7998 7859
f 7998 7860 7859
f 7975 8079 7974
f 8375 7945 8430
f 7945 7949 8430
f 8070 7930 7965
f 7950 8030 7929
f 8030 7928 7929
f 8067 7878 8066
f 7878 8528 8066
f 7938 8049 8519
f 8049 8408 8519
f 7826 8501 8561
f 8501 8099 8561
f 8271 8270 7950
f 8270 7951 7950
f 8486 7886 8457
f 7886 7870 8457
f 8202 8189 8345
f 8189 7908 8345
f 8051 8335 8046
f 8335 8334 8046
f 7899 7896 8069
f 7896 8068 8069
f 8252 8016 8250
f 8016 8437 8250
f 8036 8038 8035
f 8038 8037 8035
f 7894 8228 7997
f 8228 8229 7997
f 8275 8546 8297
f 8546 7956 8297
f 8070 8369 8071
f 8369 8370 8071
f 7879 7867 7877
f 7867 8388 7877
f 7974 7976 8308
f 8448 7933 8328
f 7933 8484 8328
f 8370 8507 8071
f 8507 8056 8071
f 8388 8065 7877
f 8065 8442 7877
f 8249 8410 8092
f 8093 8414 8092
f 8209 7902 8210
f 7902 7917 8210
f 7925 8249 8092
f 8343 8414 8093
f 8495 8064 8451
f 8064 8063 8451
f 8005 8004 7930
f 8004 7931 7930
f 7818 8374 8438
f 8374 8251 8438
f 8457 8492 8486
f 8492 8485 8486
f 8504 8505 8555
f 8505 7837 8555
f 8052 8450 8047
f 8450 8383 8047
f 7915 7904 8052
f 7904 8450 8052
f 8401 8421 7839
f 8421 8444 7839
f 8379 8091 8483
f 8190 8282 8192
f 8282 7875 8192
f 7962 8524 8361
f 8524 8360 8361
f 8317 8509 8422
f 8509 7919 8422
f 7833 8392 8482
f 8392 8402 8482
f 7820 8568 8557
f 8568 7824 8557
f 7853 8368 7838
f 8368 8001 7838
f 8123 8122 8118
f 8122 8119 8118
f 8385 8386 7951
f 8386 7953 7951
f 8156 8141 8160
f 8141 8107 8160
f 8098 8027 7825
f 8027 8033 7825
f 8144 8145 8477
f 8145 8476 8477
f 7814 8233 8098
f 8233 8232 8098
f 8433 7826 8088
f 8100 7817 8531
f 7816 8298 7817
f 8531 7817 8302
f 7817 8298 8302
f 8372 8374 7819
f 8224 8327 7818
f 8438 8224 7818
f 7819 8374 7818
f 8565 8086 8307
f 8086 8425 8307
f 8323 8077 8417
f 8147 8148 7813
f 8148 7812 7813
f 7822 8436 8435
f 8148 8149 7812
f 8149 7811 7812
f 8082 8358 8085
f 8358 8325 8085
f 8347 8265 8384
f 8265 7983 8384
f 7815 8091 8379
f 7826 8433 8501
f 8433 8431 8501
f 8146 8147 8102
f 8147 7813 8102
f 8153 8154 8558
f 8154 8158 8558
f 8023 7927 8424
f 7927 8021 8424
f 8155 8156 8159
f 8156 8160 8159
f 7815 8379 8292
f 8379 8290 8292
f 8292 8298 7815
f 8298 7816 7815
f 8419 8257 8096
f 8257 8567 8096
f 8410 8372 8092
f 8372 7819 8092
f 8378 8233 8026
f 8233 7814 8026
f 7982 8434 8042
f 8434 8095 8042
f 8038 8031 8068
f 8031 8076 8068
f 8104 8103 8176
f 8103 8177 8176
f 7822 8435 8097
f 8435 8523 8097
f 8133 8132 8108
f 8132 8109 8108
f 8121 8136 8120
f 8136 8139 8120
f 8126 8125 8115
f 8125 8116 8115
f 8135 8134 8138
f 8134 8137 8138
f 8124 8123 8117
f 8123 8118 8117
f 8122 8121 8119
f 8121 8120 8119
f 8131 8130 8110
f 8130 8111 8110
f 8134 8133 8137
f 8133 8108 8137
f 8132 8131 8109
f 8131 8110 8109
f 8130 8129 8111
f 8129 8112 8111
f 8128 8127 8113
f 8127 8114 8113
f 8129 8128 8112
f 8128 8113 8112
f 8127 8126 8114
f 8126 8115 8114
f 8125 8124 8116
f 8124 8117 8116
f 8136 8135 8139
f 8135 8138 8139
f 8499 8569 8140
f 8254 8581 8140
f 8339 8446 8140
f 8498 8499 8140
f 8516 8253 8140
f 8253 8254 8140
f 8446 8447 8140
f 8577 8578 8140
f 8574 8577 8140
f 8475 8516 8140
f 8338 8339 8140
f 8447 8475 8140
f 8569 8574 8140
f 8578 8580 8140
f 8580 8338 8140
f 8581 8498 8140
f 8141 8142 8107
f 8142 8106 8107
f 8583 8582 8599
f 8582 8598 8599
f 8613 8612 8597
f 8612 8596 8597
f 8558 7808 8153
f 7808 8152 8153
f 8151 8607 8592
f 8607 8591 8592
f 8183 8182 8494
f 8182 8526 8494
f 8188 8464 8173
f 8464 8463 8173
f 8596 8612 8595
f 8612 8611 8595
f 8439 8179 8440
f 8179 8178 8440
f 8589 8605 8588
f 8605 8604 8588
f 8175 8174 8573
f 8174 8579 8573
f 8585 8586 8601
f 8586 8602 8601
f 8609 8593 8610
f 8593 8594 8610
f 8587 8603 8586
f 8603 8602 8586
f 8588 8604 8587
f 8604 8603 8587
f 8151 8592 8609
f 8592 8593 8609
f 8610 8594 8611
f 8594 8595 8611
f 8605 8589 8606
f 8589 8590 8606
f 8150 8608 7810
f 8608 7809 7810
f 8601 8600 8585
f 8600 8584 8585
f 8613 8597 8599
f 8597 8583 8599
f 8582 8584 8598
f 8584 8600 8598
f 8590 8591 8606
f 8591 8607 8606
f 8440 8178 8103
f 8178 8177 8103
f 8493 8157 8184
f 8157 8185 8184
f 8573 8104 8175
f 8104 8176 8175
f 8180 8179 8576
f 8179 8439 8576
f 8186 8231 8187
f 8231 8230 8187
f 8188 8187 8464
f 8187 8230 8464
f 8182 8181 8526
f 8181 8527 8526
f 8174 8173 8579
f 8173 8463 8579
f 8184 8183 8493
f 8183 8494 8493
f 8181 8180 8527
f 8180 8576 8527
f 8157 8231 8185
f 8231 8186 8185
f 8626 8627 8169
f 8627 8170 8169
f 8170 8627 8171
f 8627 8628 8171
f 8171 8628 8172
f 8628 8629 8172
f 8172 8629 8161
f 8629 8615 8161
f 8161 8615 8162
f 8615 8614 8162
f 8162 8614 8163
f 8614 8616 8163
f 8163 8616 8164
f 8616 8617 8164
f 8164 8617 8165
f 8617 8618 8165
f 8165 8618 8166
f 8618 8619 8166
f 8166 8619 8167
f 8619 8620 8167
f 8167 8620 8320
f 8620 8621 8320
f 8625 8168 8624
f 8168 8559 8624
f 8399 8623 8559
f 8623 8624 8559
f 8320 8621 8549
f 8621 8622 8549
f 8549 8622 8400
f 8622 8623 8400
f 8400 8623 8399
f 8559 8168 8561
f 8168 7826 8561
f 7826 8168 8088
f 8168 8169 8088
f 8570 8572 8170
f 8570 8170 8489
f 8170 8171 8489
f 8489 8171 8487
f 8487 8171 8479
f 8479 8171 8478
f 8478 8171 8563
f 8171 8172 8563
f 8563 8172 8455
f 8172 8161 8455
f 8455 8161 8456
f 8161 8162 8456
f 8330 8456 8162
f 8330 8162 8331
f 8162 8163 8331
f 8552 8331 8163
f 8552 8163 8550
f 8163 8164 8550
f 7822 8221 8436
f 8221 8220 8436
f 8562 8165 7821
f 7821 8165 7820
f 7820 8165 8568
f 8165 8166 8568
f 8319 8568 8166
f 8166 8167 8319
f 8319 8167 8321
f 8381 8329 8032
f 8329 8031 8032
f 8303 8304 8201
f 8304 8539 8201
f 8353 8395 8194
f 8395 8195 8194
f 8355 8352 7984
f 8352 7829 7984
f 8556 8191 7864
f 8191 8534 7864
f 8260 8237 8196
f 8237 8305 8196
f 8473 8198 7863
f 8198 8545 7863
f 7901 8264 8474
f 8264 8263 8474
f 8506 8542 8212
f 8544 8197 8193
f 8633 8547 8462
f 8547 8460 8462
f 7848 8025 8538
f 7971 8258 7974
f 8258 8309 7974
f 7856 8416 8244
f 8076 8243 8068
f 8243 8069 8068
f 7867 8243 8242
f 8242 8485 7867
f 8485 8492 7867
f 7869 8312 8515
f 8511 7964 7968
f 7964 7960 7968
f 8428 8480 7947
f 7909 7917 7902
f 7916 7902 7915
f 7902 7904 7915
f 7911 7909 7916
f 7909 7902 7916
f 8497 8449 8513
f 8458 8636 8314
f 8636 8637 8314
f 7902 8209 8403
f 8209 8208 8403
f 7917 7899 8210
f 7899 8211 8210
f 8453 8207 8454
f 8207 8638 8454
f 8454 8638 8458
f 8638 8636 8458
f 8069 7879 8211
f 7899 8069 8211
f 8548 8543 8461
f 8543 8354 8461
f 8086 8432 8425
f 8432 8427 8425
f 7930 8405 7965
f 8405 7928 7965
f 8271 7950 7946
f 7950 7929 7946
f 7949 8429 8430
f 7946 7929 8023
f 7929 7927 8023
f 8369 8070 7965
f 8553 8261 8259
f 8554 8238 8262
f 7971 7974 7973
f 7974 8079 7973
f 7984 8363 8412
f 8363 8283 8412
f 8057 7984 7972
f 7984 8412 7972
f 8365 8631 8362
f 8366 8203 8200
f 8095 8434 8310
f 8309 8258 8199
f 8258 8204 8199
f 8311 8538 8560
f 8538 8025 8560
f 7953 8386 8213
f 8276 8639 8277
f 8639 7955 8277
f 7960 8639 7913
f 8639 8276 7913
f 7939 7914 8202
f 7938 8519 8346
f 8202 8345 7939
f 8218 8215 8217
f 8215 8214 8217
f 7977 7974 8306
f 7974 8308 8306
f 7957 8005 7959
f 8005 8075 7959
f 8073 8075 8005
f 8101 8090 8646
f 8090 8532 8646
f 8101 8646 8219
f 8646 8216 8219
f 8080 8642 8075
f 8080 8079 8642
f 8079 8641 8642
f 8079 7975 8640
f 8466 8089 8645
f 8089 8459 8645
f 8217 8214 8459
f 8214 8645 8459
f 8641 8079 8640
f 8038 7895 8535
f 7895 7906 8535
f 8037 8038 8535
f 8550 8164 8575
f 8164 8165 8575
f 8165 8562 8575
f 8169 8643 8088
f 8170 8644 8169
f 8644 8643 8169
f 8644 8170 8571
f 8572 8571 8170
